"Date","Price","Open","High","Low","Vol.","Change %"
"18-02-2026","1,441.30","1,427.00","1,442.10","1,419.20","5.52M","1.29%"
"17-02-2026","1,423.00","1,431.10","1,431.80","1,418.60","10.73M","-0.98%"
"16-02-2026","1,437.10","1,420.10","1,439.60","1,409.30","5.90M","1.23%"
"13-02-2026","1,419.60","1,445.50","1,450.70","1,416.30","10.76M","-2.02%"
"12-02-2026","1,448.90","1,470.00","1,473.00","1,445.50","11.14M","-1.35%"
"11-02-2026","1,468.70","1,459.60","1,470.00","1,453.60","7.11M","0.70%"
"10-02-2026","1,458.50","1,471.00","1,471.00","1,452.20","10.26M","-0.21%"
"09-02-2026","1,461.60","1,458.00","1,465.90","1,453.00","5.78M","0.74%"
"06-02-2026","1,450.80","1,441.50","1,452.80","1,433.50","8.28M","0.51%"
"05-02-2026","1,443.40","1,457.00","1,461.50","1,439.50","11.76M","-0.92%"
"04-02-2026","1,456.80","1,444.00","1,464.00","1,440.30","8.33M","1.37%"
"03-02-2026","1,437.10","1,473.90","1,489.50","1,430.20","25.46M","3.36%"
"02-02-2026","1,390.40","1,340.00","1,392.90","1,335.50","15.71M","3.22%"
"01-02-2026","1,347.00","1,396.00","1,411.00","1,335.00","9.71M","-3.47%"
"30-01-2026","1,395.40","1,382.60","1,398.00","1,378.50","11.24M","0.32%"
"29-01-2026","1,391.00","1,402.90","1,402.90","1,384.00","20.85M","-0.41%"
"28-01-2026","1,396.70","1,385.00","1,409.90","1,384.90","11.12M","1.17%"
"27-01-2026","1,380.50","1,380.00","1,391.60","1,368.00","26.30M","-0.40%"
"23-01-2026","1,386.10","1,401.80","1,407.00","1,381.00","9.84M","-1.17%"
"22-01-2026","1,402.50","1,410.10","1,419.50","1,395.00","15.72M","-0.15%"
"21-01-2026","1,404.60","1,389.50","1,412.90","1,373.00","17.35M","0.76%"
"20-01-2026","1,394.00","1,410.70","1,416.00","1,390.00","13.19M","-1.39%"
"19-01-2026","1,413.60","1,450.60","1,450.60","1,403.30","20.39M","-3.04%"
"16-01-2026","1,457.90","1,458.80","1,480.00","1,455.10","17.17M","-0.06%"
"14-01-2026","1,458.80","1,444.00","1,467.00","1,440.20","8.32M","0.41%"
"13-01-2026","1,452.80","1,485.00","1,485.80","1,444.70","13.50M","-2.05%"
"12-01-2026","1,483.20","1,475.30","1,485.30","1,451.00","8.88M","0.54%"
"09-01-2026","1,475.30","1,465.00","1,479.90","1,465.00","8.34M","0.32%"
"08-01-2026","1,470.60","1,500.00","1,503.90","1,468.80","16.52M","-2.23%"
"07-01-2026","1,504.20","1,510.00","1,520.00","1,498.00","11.20M","-0.23%"
"06-01-2026","1,507.60","1,569.00","1,569.00","1,496.30","27.42M","-4.47%"
"05-01-2026","1,578.10","1,593.00","1,611.80","1,575.30","8.70M","-0.89%"
"02-01-2026","1,592.30","1,580.00","1,594.60","1,578.20","6.60M","1.06%"
"01-01-2026","1,575.60","1,573.70","1,592.50","1,571.10","6.41M","0.33%"
"31-12-2025","1,570.40","1,541.00","1,577.00","1,541.00","5.77M","1.99%"
"30-12-2025","1,539.80","1,547.00","1,553.60","1,537.80","8.82M","-0.38%"
"29-12-2025","1,545.60","1,554.90","1,558.10","1,543.60","5.97M","-0.87%"
"26-12-2025","1,559.20","1,554.70","1,561.00","1,554.30","2.31M","0.06%"
"24-12-2025","1,558.20","1,572.70","1,575.70","1,553.60","8.82M","-0.80%"
"23-12-2025","1,570.70","1,580.90","1,580.90","1,568.10","7.51M","-0.30%"
"22-12-2025","1,575.40","1,573.50","1,577.50","1,565.30","10.18M","0.66%"
"19-12-2025","1,565.10","1,554.40","1,574.20","1,551.00","13.94M","1.34%"
"18-12-2025","1,544.40","1,535.20","1,551.50","1,535.20","6.58M","0.00%"
"17-12-2025","1,544.40","1,550.00","1,550.00","1,539.30","7.12M","0.14%"
"16-12-2025","1,542.30","1,545.00","1,551.70","1,538.80","11.73M","-0.89%"
"15-12-2025","1,556.20","1,551.20","1,558.60","1,546.50","5.77M","-0.02%"
"12-12-2025","1,556.50","1,550.80","1,559.80","1,546.10","5.11M","0.74%"
"11-12-2025","1,545.00","1,536.90","1,550.00","1,524.00","4.71M","0.53%"
"10-12-2025","1,536.90","1,534.00","1,547.50","1,531.40","7.99M","0.49%"
"09-12-2025","1,529.40","1,540.30","1,542.50","1,520.10","11.50M","-0.88%"
"08-12-2025","1,543.00","1,539.20","1,551.00","1,535.00","11.30M","0.16%"
"05-12-2025","1,540.60","1,530.40","1,545.80","1,520.60","10.18M","0.33%"
"04-12-2025","1,535.60","1,536.00","1,560.50","1,517.60","11.87M","-0.21%"
"03-12-2025","1,538.80","1,545.20","1,552.40","1,533.00","6.09M","-0.49%"
"02-12-2025","1,546.30","1,561.10","1,567.50","1,542.00","11.39M","-1.26%"
"01-12-2025","1,566.10","1,575.00","1,577.50","1,563.60","8.92M","-0.09%"
"28-11-2025","1,567.50","1,568.00","1,581.30","1,563.00","8.96M","0.26%"
"27-11-2025","1,563.40","1,575.00","1,575.50","1,556.00","9.79M","-0.41%"
"26-11-2025","1,569.90","1,542.30","1,571.60","1,540.50","14.05M","1.96%"
"25-11-2025","1,539.70","1,535.90","1,559.60","1,525.10","15.03M","0.25%"
"24-11-2025","1,535.90","1,550.00","1,550.00","1,531.80","18.43M","-0.69%"
"21-11-2025","1,546.60","1,541.00","1,557.80","1,540.10","9.62M","-0.16%"
"20-11-2025","1,549.10","1,530.00","1,550.90","1,526.70","18.17M","1.99%"
"19-11-2025","1,518.90","1,517.40","1,522.30","1,512.00","5.69M","-0.03%"
"18-11-2025","1,519.40","1,521.70","1,527.80","1,510.50","11.05M","0.07%"
"17-11-2025","1,518.30","1,520.90","1,523.70","1,511.50","5.87M","-0.04%"
"14-11-2025","1,518.90","1,505.50","1,520.90","1,505.50","7.68M","0.53%"
"13-11-2025","1,510.90","1,515.00","1,522.10","1,506.80","7.20M","-0.04%"
"12-11-2025","1,511.50","1,505.00","1,524.70","1,500.00","12.38M","1.21%"
"11-11-2025","1,493.40","1,497.00","1,498.80","1,480.20","7.13M","0.28%"
"10-11-2025","1,489.30","1,477.90","1,501.00","1,475.50","7.07M","0.76%"
"07-11-2025","1,478.00","1,494.60","1,498.40","1,475.90","7.82M","-1.21%"
"06-11-2025","1,496.10","1,484.00","1,501.60","1,476.20","16.77M","1.56%"
"04-11-2025","1,473.10","1,483.90","1,492.80","1,470.10","10.01M","-0.78%"
"03-11-2025","1,484.70","1,486.00","1,495.00","1,479.30","8.45M","-0.11%"
"31-10-2025","1,486.40","1,490.40","1,497.50","1,482.30","8.76M","-0.14%"
"30-10-2025","1,488.50","1,500.00","1,503.10","1,484.00","9.32M","-1.04%"
"29-10-2025","1,504.20","1,490.00","1,508.30","1,488.10","11.88M","1.16%"
"28-10-2025","1,486.90","1,484.10","1,492.00","1,477.60","17.63M","0.19%"
"27-10-2025","1,484.10","1,463.00","1,485.00","1,458.00","14.11M","2.24%"
"24-10-2025","1,451.60","1,450.00","1,459.80","1,441.00","9.70M","0.22%"
"23-10-2025","1,448.40","1,475.00","1,482.90","1,444.60","18.71M","-1.15%"
"21-10-2025","1,465.20","1,468.00","1,474.00","1,460.00","2.07M","-0.11%"
"20-10-2025","1,466.80","1,440.00","1,473.80","1,433.30","24.72M","3.53%"
"17-10-2025","1,416.80","1,401.00","1,423.30","1,399.10","19.34M","1.32%"
"16-10-2025","1,398.30","1,375.10","1,400.50","1,375.00","12.32M","1.75%"
"15-10-2025","1,374.30","1,383.00","1,384.00","1,372.70","10.88M","-0.12%"
"14-10-2025","1,375.90","1,380.00","1,388.00","1,370.10","9.77M","0.07%"
"13-10-2025","1,375.00","1,376.90","1,377.70","1,367.80","7.60M","-0.48%"
"10-10-2025","1,381.70","1,377.80","1,388.00","1,375.10","6.37M","0.28%"
"09-10-2025","1,377.80","1,374.00","1,380.00","1,369.10","8.83M","0.76%"
"08-10-2025","1,367.40","1,384.80","1,389.00","1,364.50","8.53M","-1.26%"
"07-10-2025","1,384.80","1,376.00","1,395.90","1,375.90","11.24M","0.71%"
"06-10-2025","1,375.00","1,360.00","1,377.40","1,359.00","12.40M","0.85%"
"03-10-2025","1,363.40","1,363.20","1,371.60","1,356.90","12.84M","-0.39%"
"01-10-2025","1,368.70","1,367.00","1,378.60","1,362.70","12.05M","0.34%"
"30-09-2025","1,364.00","1,377.10","1,377.10","1,362.80","14.60M","-0.64%"
"29-09-2025","1,372.80","1,381.60","1,389.00","1,368.00","14.23M","-0.35%"
"26-09-2025","1,377.60","1,372.00","1,382.70","1,366.00","9.88M","0.38%"
"25-09-2025","1,372.40","1,381.30","1,384.50","1,369.00","11.41M","-0.77%"
"24-09-2025","1,383.00","1,385.30","1,396.00","1,380.40","5.92M","-0.49%"
"23-09-2025","1,389.80","1,391.00","1,395.00","1,376.80","14.01M","-0.06%"
"22-09-2025","1,390.60","1,403.90","1,410.70","1,388.00","7.76M","-1.19%"
"19-09-2025","1,407.40","1,414.90","1,417.00","1,403.60","13.46M","-0.54%"
"18-09-2025","1,415.00","1,420.40","1,422.00","1,410.70","9.33M","0.08%"
"17-09-2025","1,413.80","1,407.00","1,416.20","1,406.90","7.52M","0.60%"
"16-09-2025","1,405.30","1,404.70","1,408.00","1,398.20","8.69M","0.43%"
"15-09-2025","1,399.30","1,393.00","1,400.80","1,388.60","5.40M","0.31%"
"12-09-2025","1,395.00","1,383.30","1,396.30","1,380.50","7.40M","0.85%"
"11-09-2025","1,383.30","1,376.00","1,385.50","1,375.00","9.77M","0.46%"
"10-09-2025","1,377.00","1,383.90","1,388.50","1,374.10","7.79M","0.06%"
"09-09-2025","1,376.20","1,376.60","1,381.20","1,368.70","9.75M","-0.17%"
"08-09-2025","1,378.50","1,380.00","1,386.00","1,372.40","6.99M","0.25%"
"05-09-2025","1,375.00","1,363.00","1,381.00","1,359.30","5.78M","1.16%"
"04-09-2025","1,359.30","1,371.80","1,374.00","1,357.10","13.22M","-0.97%"
"03-09-2025","1,372.60","1,369.70","1,376.50","1,360.50","7.85M","0.45%"
"02-09-2025","1,366.50","1,354.80","1,384.50","1,354.50","11.52M","0.93%"
"01-09-2025","1,353.90","1,356.00","1,363.20","1,340.60","11.23M","-0.24%"
"29-08-2025","1,357.20","1,381.10","1,403.50","1,350.00","18.76M","-2.07%"
"28-08-2025","1,385.90","1,389.90","1,392.20","1,366.50","13.16M","0.07%"
"26-08-2025","1,384.90","1,408.00","1,410.00","1,381.60","12.15M","-1.96%"
"25-08-2025","1,412.60","1,414.70","1,419.50","1,405.70","5.98M","0.24%"
"22-08-2025","1,409.20","1,420.00","1,423.40","1,407.90","5.82M","-1.09%"
"21-08-2025","1,424.80","1,425.00","1,431.90","1,420.30","11.02M","0.84%"
"20-08-2025","1,413.00","1,413.00","1,424.90","1,410.00","8.73M","-0.50%"
"19-08-2025","1,420.10","1,390.00","1,421.00","1,389.10","14.38M","2.78%"
"18-08-2025","1,381.70","1,390.00","1,394.90","1,377.00","11.79M","0.58%"
"14-08-2025","1,373.80","1,377.30","1,380.70","1,370.10","7.13M","-0.64%"
"13-08-2025","1,382.60","1,388.00","1,391.80","1,377.50","7.46M","0.16%"
"12-08-2025","1,380.40","1,381.90","1,401.90","1,375.20","12.24M","-0.42%"
"11-08-2025","1,386.20","1,370.00","1,388.00","1,361.20","10.00M","1.35%"
"08-08-2025","1,367.80","1,385.00","1,397.20","1,365.00","8.79M","-1.55%"
"07-08-2025","1,389.40","1,387.70","1,393.70","1,366.00","9.98M","-0.24%"
"06-08-2025","1,392.80","1,391.90","1,395.90","1,383.30","5.83M","0.08%"
"05-08-2025","1,391.70","1,411.00","1,411.00","1,388.10","9.32M","-1.40%"
"04-08-2025","1,411.50","1,395.10","1,416.10","1,391.70","6.31M","1.28%"
"01-08-2025","1,393.70","1,386.90","1,405.90","1,384.30","10.32M","0.25%"
"31-07-2025","1,390.20","1,388.10","1,402.60","1,382.20","17.07M","-1.41%"
"30-07-2025","1,410.10","1,418.10","1,423.30","1,401.30","7.21M","-0.49%"
"29-07-2025","1,417.10","1,383.00","1,420.20","1,383.00","10.75M","2.13%"
"28-07-2025","1,387.60","1,392.30","1,407.80","1,385.00","7.75M","-0.29%"
"25-07-2025","1,391.70","1,398.90","1,401.00","1,384.10","11.85M","-0.80%"
"24-07-2025","1,402.90","1,419.20","1,423.00","1,396.00","14.74M","-1.52%"
"23-07-2025","1,424.60","1,426.00","1,426.00","1,414.40","8.35M","0.84%"
"22-07-2025","1,412.80","1,427.40","1,431.90","1,410.70","20.40M","-1.11%"
"21-07-2025","1,428.60","1,465.00","1,476.00","1,423.10","22.44M","-3.21%"
"18-07-2025","1,476.00","1,484.80","1,484.80","1,469.10","10.30M","-0.03%"
"17-07-2025","1,476.40","1,487.40","1,489.60","1,473.90","11.85M","-0.62%"
"16-07-2025","1,485.60","1,473.00","1,491.00","1,471.50","10.41M","0.01%"
"15-07-2025","1,485.40","1,486.20","1,496.50","1,482.40","8.13M","0.11%"
"14-07-2025","1,483.70","1,492.20","1,500.00","1,479.10","10.31M","-0.77%"
"11-07-2025","1,495.20","1,512.00","1,515.00","1,490.30","7.23M","-1.45%"
"10-07-2025","1,517.20","1,519.70","1,524.70","1,507.50","10.05M","-0.12%"
"09-07-2025","1,519.00","1,536.70","1,551.00","1,510.10","8.87M","-1.21%"
"08-07-2025","1,537.60","1,536.00","1,544.90","1,530.20","7.17M","-0.25%"
"07-07-2025","1,541.50","1,526.60","1,544.80","1,525.00","7.25M","0.93%"
"04-07-2025","1,527.30","1,524.00","1,530.00","1,517.20","6.60M","0.63%"
"03-07-2025","1,517.80","1,520.80","1,531.90","1,513.00","11.28M","-0.07%"
"02-07-2025","1,518.80","1,528.40","1,530.00","1,508.70","6.36M","-0.63%"
"01-07-2025","1,528.40","1,500.60","1,531.40","1,500.10","10.37M","1.85%"
"30-06-2025","1,500.60","1,513.80","1,524.80","1,496.00","8.41M","-0.98%"
"27-06-2025","1,515.40","1,499.40","1,522.00","1,496.90","11.12M","1.34%"
"26-06-2025","1,495.30","1,469.10","1,498.80","1,465.10","14.66M","1.91%"
"25-06-2025","1,467.30","1,464.00","1,472.40","1,460.50","7.53M","1.14%"
"24-06-2025","1,450.80","1,465.00","1,475.00","1,443.10","16.40M","-0.41%"
"23-06-2025","1,456.80","1,453.00","1,463.80","1,442.00","5.99M","-0.64%"
"20-06-2025","1,466.20","1,431.00","1,471.00","1,428.10","29.01M","2.30%"
"19-06-2025","1,433.30","1,430.10","1,439.90","1,425.70","10.01M","0.22%"
"18-06-2025","1,430.10","1,430.00","1,442.80","1,425.70","6.68M","-0.08%"
"17-06-2025","1,431.20","1,448.00","1,448.00","1,425.80","10.37M","-0.46%"
"16-06-2025","1,437.80","1,426.90","1,442.40","1,424.40","8.46M","0.69%"
"13-06-2025","1,427.90","1,424.00","1,435.50","1,414.30","9.76M","-0.95%"
"12-06-2025","1,441.60","1,453.50","1,457.00","1,434.40","8.83M","-0.50%"
"11-06-2025","1,448.90","1,445.80","1,468.60","1,443.10","8.20M","0.72%"
"10-06-2025","1,438.50","1,450.00","1,453.90","1,436.00","7.91M","-0.71%"
"09-06-2025","1,448.80","1,457.00","1,457.50","1,445.30","7.89M","0.37%"
"06-06-2025","1,443.50","1,441.00","1,451.50","1,437.00","8.18M","0.08%"
"05-06-2025","1,442.40","1,428.00","1,454.70","1,423.60","13.72M","1.33%"
"04-06-2025","1,423.50","1,414.70","1,425.70","1,406.10","8.13M","1.28%"
"03-06-2025","1,405.50","1,422.30","1,426.50","1,403.40","11.25M","-0.58%"
"02-06-2025","1,413.70","1,412.10","1,417.50","1,395.60","8.10M","-0.51%"
"30-05-2025","1,420.90","1,418.00","1,430.60","1,409.70","13.79M","0.22%"
"29-05-2025","1,417.80","1,412.10","1,420.00","1,408.60","13.77M","0.35%"
"28-05-2025","1,412.90","1,420.10","1,422.60","1,410.70","5.94M","-0.65%"
"27-05-2025","1,422.10","1,426.10","1,437.00","1,413.90","12.64M","-0.89%"
"26-05-2025","1,434.80","1,432.00","1,441.00","1,425.10","4.84M","0.56%"
"23-05-2025","1,426.80","1,406.60","1,433.80","1,406.60","6.47M","1.23%"
"22-05-2025","1,409.40","1,421.20","1,423.80","1,396.90","12.13M","-1.39%"
"21-05-2025","1,429.20","1,423.90","1,436.20","1,418.10","6.14M","0.32%"
"20-05-2025","1,424.60","1,438.20","1,445.00","1,421.80","11.27M","-1.12%"
"19-05-2025","1,440.80","1,452.10","1,454.60","1,438.20","6.20M","-1.07%"
"16-05-2025","1,456.40","1,453.20","1,461.00","1,447.30","9.04M","0.15%"
"15-05-2025","1,454.20","1,425.00","1,461.40","1,412.70","20.18M","2.09%"
"14-05-2025","1,424.40","1,420.00","1,429.90","1,415.50","5.57M","0.61%"
"13-05-2025","1,415.70","1,433.50","1,447.70","1,412.40","11.41M","-1.45%"
"12-05-2025","1,436.50","1,400.00","1,439.00","1,400.00","10.67M","4.31%"
"09-05-2025","1,377.20","1,385.50","1,394.80","1,374.50","13.67M","-2.12%"
"08-05-2025","1,407.00","1,404.10","1,420.80","1,398.00","16.11M","0.07%"
"07-05-2025","1,406.00","1,420.90","1,424.40","1,402.70","13.44M","-1.05%"
"06-05-2025","1,420.90","1,431.00","1,432.00","1,410.60","14.08M","-0.73%"
"05-05-2025","1,431.30","1,431.00","1,439.50","1,426.90","12.69M","0.63%"
"02-05-2025","1,422.40","1,414.00","1,426.70","1,409.10","17.54M","1.24%"
"30-04-2025","1,405.00","1,402.00","1,412.40","1,369.00","25.48M","0.38%"
"29-04-2025","1,399.70","1,371.00","1,410.90","1,370.00","32.54M","2.26%"
"28-04-2025","1,368.80","1,340.00","1,374.60","1,320.20","31.10M","5.26%"
"25-04-2025","1,300.40","1,303.50","1,325.20","1,288.10","14.43M","-0.09%"
"24-04-2025","1,301.60","1,292.40","1,304.50","1,290.30","10.47M","0.12%"
"23-04-2025","1,300.00","1,297.00","1,306.00","1,285.40","10.48M","0.68%"
"22-04-2025","1,291.20","1,300.00","1,303.90","1,286.30","13.05M","-0.33%"
"21-04-2025","1,295.50","1,270.00","1,300.90","1,267.00","10.43M","1.65%"
"17-04-2025","1,274.50","1,240.20","1,280.20","1,227.60","15.40M","2.84%"
"16-04-2025","1,239.30","1,234.10","1,240.90","1,229.00","8.25M","-0.06%"
"15-04-2025","1,240.10","1,251.00","1,251.00","1,237.10","13.38M","1.74%"
"11-04-2025","1,218.95","1,195.15","1,222.65","1,195.15","11.22M","2.83%"
"09-04-2025","1,185.35","1,169.50","1,189.80","1,168.00","10.22M","0.27%"
"08-04-2025","1,182.20","1,172.00","1,196.60","1,163.30","19.56M","1.42%"
"07-04-2025","1,165.70","1,132.20","1,171.25","1,114.85","22.16M","-3.24%"
"04-04-2025","1,204.70","1,241.10","1,245.45","1,193.15","17.91M","-3.52%"
"03-04-2025","1,248.70","1,233.05","1,251.80","1,233.05","7.43M","-0.20%"
"02-04-2025","1,251.15","1,247.55","1,255.55","1,243.90","10.14M","-0.12%"
"01-04-2025","1,252.60","1,264.60","1,277.90","1,249.30","12.10M","-1.76%"
"28-03-2025","1,275.10","1,280.00","1,295.75","1,269.00","18.15M","-0.24%"
"27-03-2025","1,278.20","1,278.15","1,285.00","1,271.30","15.03M","0.40%"
"26-03-2025","1,273.05","1,291.00","1,293.80","1,268.75","12.07M","-0.96%"
"25-03-2025","1,285.45","1,307.70","1,307.70","1,282.60","13.71M","-1.28%"
"24-03-2025","1,302.10","1,291.00","1,306.00","1,284.25","20.30M","2.02%"
"21-03-2025","1,276.35","1,275.00","1,281.00","1,270.10","21.78M","0.57%"
"20-03-2025","1,269.15","1,251.85","1,273.00","1,250.05","15.97M","1.76%"
"19-03-2025","1,247.15","1,241.05","1,253.25","1,238.80","16.16M","0.67%"
"18-03-2025","1,238.80","1,244.70","1,248.35","1,235.00","15.75M","0.00%"
"17-03-2025","1,238.85","1,242.15","1,257.40","1,233.10","16.64M","-0.73%"
"13-03-2025","1,247.90","1,260.05","1,264.15","1,243.85","9.51M","-0.73%"
"12-03-2025","1,257.05","1,258.00","1,263.00","1,244.00","11.98M","0.78%"
"11-03-2025","1,247.30","1,240.00","1,249.50","1,229.75","10.09M","0.72%"
"10-03-2025","1,238.40","1,245.00","1,258.00","1,235.40","11.93M","-0.91%"
"07-03-2025","1,249.80","1,216.00","1,254.80","1,212.00","16.47M","3.32%"
"06-03-2025","1,209.60","1,197.00","1,213.95","1,185.15","14.47M","2.89%"
"05-03-2025","1,175.60","1,161.00","1,183.00","1,157.00","8.66M","1.18%"
"04-03-2025","1,161.90","1,162.20","1,174.00","1,159.55","11.38M","-0.80%"
"03-03-2025","1,171.25","1,204.00","1,206.45","1,156.00","17.94M","-2.40%"
"28-02-2025","1,200.10","1,202.00","1,217.35","1,193.30","23.01M","-0.58%"
"27-02-2025","1,207.10","1,212.80","1,215.00","1,200.65","11.51M","0.26%"
"25-02-2025","1,204.00","1,211.00","1,221.00","1,201.50","11.55M","-0.87%"
"24-02-2025","1,214.55","1,216.55","1,223.25","1,210.50","7.17M","-1.11%"
"21-02-2025","1,228.15","1,228.70","1,240.00","1,222.15","6.90M","-0.39%"
"20-02-2025","1,233.00","1,223.95","1,239.35","1,222.00","7.80M","0.45%"
"19-02-2025","1,227.45","1,219.50","1,232.75","1,217.55","6.22M","0.17%"
"18-02-2025","1,225.40","1,224.85","1,229.90","1,216.10","6.67M","0.04%"
"17-02-2025","1,224.90","1,211.10","1,227.50","1,204.50","8.17M","0.63%"
"14-02-2025","1,217.25","1,219.00","1,224.00","1,205.45","10.30M","0.09%"
"13-02-2025","1,216.10","1,217.05","1,228.00","1,212.00","8.51M","-0.04%"
"12-02-2025","1,216.55","1,219.45","1,226.90","1,193.35","21.13M","-1.48%"
"11-02-2025","1,234.85","1,264.55","1,264.55","1,230.10","8.86M","-1.50%"
"10-02-2025","1,253.65","1,264.50","1,266.50","1,245.55","6.97M","-1.03%"
"07-02-2025","1,266.70","1,276.15","1,283.70","1,262.00","8.76M","-1.16%"
"06-02-2025","1,281.55","1,273.70","1,288.00","1,270.35","9.96M","0.26%"
"05-02-2025","1,278.20","1,282.65","1,290.50","1,276.70","10.11M","-0.54%"
"04-02-2025","1,285.20","1,248.05","1,288.80","1,246.60","16.69M","3.15%"
"03-02-2025","1,245.90","1,251.00","1,256.00","1,237.55","9.25M","-1.48%"
"01-02-2025","1,264.60","1,265.10","1,270.55","1,241.00","7.12M","-0.04%"
"31-01-2025","1,265.10","1,255.85","1,267.00","1,249.00","6.58M","0.96%"
"30-01-2025","1,253.05","1,235.55","1,257.00","1,232.40","9.27M","1.42%"
"29-01-2025","1,235.50","1,236.00","1,242.75","1,228.05","5.93M","0.09%"
"28-01-2025","1,234.40","1,238.00","1,244.75","1,218.50","10.57M","0.41%"
"27-01-2025","1,229.35","1,239.10","1,240.45","1,220.00","9.54M","-1.36%"
"24-01-2025","1,246.30","1,266.00","1,273.00","1,243.50","14.24M","-1.37%"
"23-01-2025","1,263.65","1,270.00","1,277.35","1,261.60","8.72M","-1.05%"
"22-01-2025","1,277.10","1,278.30","1,282.90","1,268.70","10.27M","0.27%"
"21-01-2025","1,273.70","1,310.50","1,313.00","1,270.20","14.56M","-2.43%"
"20-01-2025","1,305.45","1,316.00","1,316.00","1,300.25","14.04M","0.24%"
"17-01-2025","1,302.35","1,322.25","1,326.00","1,285.00","29.37M","2.83%"
"16-01-2025","1,266.45","1,258.90","1,275.00","1,251.30","14.12M","1.14%"
"15-01-2025","1,252.20","1,244.95","1,257.00","1,241.85","9.58M","1.09%"
"14-01-2025","1,238.75","1,244.10","1,253.35","1,227.25","13.10M","-0.09%"
"13-01-2025","1,239.85","1,230.00","1,245.25","1,226.40","13.76M","-0.17%"
"10-01-2025","1,241.90","1,253.85","1,256.75","1,236.00","8.12M","-1.02%"
"09-01-2025","1,254.75","1,267.00","1,269.75","1,248.05","12.79M","-0.85%"
"08-01-2025","1,265.50","1,249.00","1,271.05","1,245.35","19.35M","1.99%"
"07-01-2025","1,240.85","1,222.00","1,244.50","1,221.25","10.07M","1.88%"
"06-01-2025","1,218.00","1,253.95","1,262.00","1,215.00","14.82M","-2.65%"
"03-01-2025","1,251.15","1,243.90","1,262.05","1,235.50","15.52M","0.75%"
"02-01-2025","1,241.80","1,221.25","1,244.45","1,220.00","15.49M","1.68%"
"01-01-2025","1,221.25","1,214.85","1,226.30","1,211.60","5.89M","0.48%"
"31-12-2024","1,215.45","1,208.00","1,219.10","1,206.15","6.41M","0.39%"
"30-12-2024","1,210.70","1,216.40","1,223.20","1,208.10","8.82M","-0.85%"
"27-12-2024","1,221.05","1,218.30","1,227.90","1,217.00","7.00M","0.37%"
"26-12-2024","1,216.55","1,224.25","1,227.70","1,214.25","10.02M","-0.51%"
"24-12-2024","1,222.75","1,222.30","1,233.55","1,221.00","6.73M","0.04%"
"23-12-2024","1,222.30","1,215.00","1,227.20","1,213.20","10.05M","1.41%"
"20-12-2024","1,205.30","1,224.00","1,239.50","1,201.50","20.31M","-2.04%"
"19-12-2024","1,230.45","1,239.00","1,244.90","1,229.00","14.24M","-1.82%"
"18-12-2024","1,253.25","1,240.65","1,259.95","1,240.65","12.67M","0.64%"
"17-12-2024","1,245.30","1,261.05","1,263.90","1,242.80","17.46M","-1.81%"
"16-12-2024","1,268.30","1,275.00","1,281.00","1,266.55","9.49M","-0.36%"
"13-12-2024","1,272.85","1,260.00","1,275.20","1,239.60","28.63M","0.79%"
"12-12-2024","1,262.90","1,270.00","1,278.20","1,260.60","20.91M","-1.20%"
"11-12-2024","1,278.20","1,285.00","1,290.00","1,276.05","11.72M","-0.52%"
"10-12-2024","1,284.85","1,289.25","1,294.90","1,280.20","16.04M","-0.80%"
"09-12-2024","1,295.15","1,303.00","1,315.00","1,293.10","14.65M","-1.25%"
"06-12-2024","1,311.55","1,323.90","1,323.90","1,310.00","9.04M","-0.79%"
"05-12-2024","1,322.05","1,314.35","1,329.95","1,306.15","16.86M","1.00%"
"04-12-2024","1,308.95","1,326.00","1,328.40","1,304.05","19.61M","-1.08%"
"03-12-2024","1,323.30","1,317.00","1,326.80","1,307.00","16.87M","1.08%"
"02-12-2024","1,309.15","1,288.00","1,311.35","1,277.05","11.02M","1.31%"
"29-11-2024","1,292.20","1,280.00","1,299.50","1,275.25","13.20M","1.68%"
"28-11-2024","1,270.80","1,289.95","1,296.60","1,269.05","15.03M","-1.73%"
"27-11-2024","1,293.20","1,293.50","1,303.85","1,286.00","9.57M","-0.19%"
"26-11-2024","1,295.70","1,294.95","1,297.85","1,284.20","9.25M","0.68%"
"25-11-2024","1,287.00","1,290.00","1,304.45","1,282.45","28.92M","1.71%"
"22-11-2024","1,265.40","1,229.40","1,268.85","1,222.45","20.47M","3.47%"
"21-11-2024","1,223.00","1,241.65","1,243.95","1,217.25","19.43M","-1.50%"
"19-11-2024","1,241.65","1,260.75","1,281.50","1,235.15","14.18M","-1.51%"
"18-11-2024","1,260.75","1,267.60","1,272.90","1,243.90","13.62M","-0.54%"
"14-11-2024","1,267.60","1,253.60","1,272.60","1,251.10","12.61M","1.24%"
"13-11-2024","1,252.05","1,270.25","1,275.45","1,249.50","14.63M","-1.74%"
"12-11-2024","1,274.25","1,275.55","1,289.30","1,267.50","10.67M","0.12%"
"11-11-2024","1,272.70","1,278.95","1,286.00","1,267.00","9.06M","-0.86%"
"08-11-2024","1,283.75","1,297.65","1,301.65","1,275.00","19.81M","-1.68%"
"07-11-2024","1,305.65","1,324.00","1,324.00","1,302.60","9.61M","-1.49%"
"06-11-2024","1,325.35","1,310.00","1,328.30","1,300.20","21.63M","1.54%"
"05-11-2024","1,305.30","1,293.00","1,309.55","1,286.15","16.27M","0.24%"
"04-11-2024","1,302.15","1,337.85","1,340.00","1,285.10","19.80M","-2.73%"
"01-11-2024","1,338.65","1,333.05","1,341.95","1,333.00","2.13M","0.50%"
"31-10-2024","1,332.05","1,340.00","1,343.00","1,326.15","9.33M","-0.88%"
"30-10-2024","1,343.90","1,335.00","1,350.00","1,325.35","11.98M","0.29%"
"29-10-2024","1,340.00","1,328.10","1,343.20","1,320.30","12.01M","0.42%"
"28-10-2024","1,334.35","1,337.00","1,353.00","1,322.10","10.82M","0.49%"
"25-10-2024","1,327.85","1,343.50","1,344.35","1,322.00","18.60M","-0.89%"
"24-10-2024","1,339.80","1,335.28","1,343.70","1,323.13","22.16M","0.10%"
"23-10-2024","1,338.53","1,337.50","1,357.47","1,335.00","17.21M","-0.36%"
"22-10-2024","1,343.35","1,369.20","1,376.00","1,340.22","15.83M","-1.89%"
"21-10-2024","1,369.20","1,367.13","1,374.00","1,357.72","14.07M","0.73%"
"18-10-2024","1,359.30","1,352.18","1,368.43","1,341.32","12.08M","0.21%"
"17-10-2024","1,356.43","1,365.70","1,368.45","1,352.05","15.54M","0.17%"
"16-10-2024","1,354.07","1,340.00","1,364.00","1,337.63","20.03M","0.75%"
"15-10-2024","1,344.03","1,358.53","1,371.70","1,340.70","33.76M","-2.08%"
"14-10-2024","1,372.53","1,379.45","1,380.07","1,368.25","12.22M","0.03%"
"11-10-2024","1,372.10","1,370.00","1,383.28","1,368.82","7.98M","0.08%"
"10-10-2024","1,371.05","1,380.03","1,386.00","1,369.43","22.36M","-0.26%"
"09-10-2024","1,374.60","1,397.53","1,400.97","1,372.50","14.31M","-1.63%"
"08-10-2024","1,397.35","1,372.97","1,401.00","1,365.10","17.02M","1.94%"
"07-10-2024","1,370.72","1,393.50","1,396.50","1,361.38","22.18M","-1.14%"
"04-10-2024","1,386.53","1,403.93","1,417.35","1,381.78","37.07M","-1.45%"
"03-10-2024","1,406.97","1,436.57","1,449.40","1,402.07","37.76M","-3.95%"
"01-10-2024","1,464.82","1,480.65","1,487.95","1,462.82","16.43M","-0.80%"
"30-09-2024","1,476.57","1,519.40","1,524.97","1,474.40","27.01M","-3.25%"
"27-09-2024","1,526.18","1,499.00","1,533.47","1,492.00","20.60M","1.88%"
"26-09-2024","1,497.95","1,490.65","1,504.00","1,488.05","18.82M","0.27%"
"25-09-2024","1,493.95","1,483.90","1,496.50","1,480.20","7.07M","0.31%"
"24-09-2024","1,489.38","1,488.50","1,500.50","1,487.88","17.14M","-0.27%"
"23-09-2024","1,493.38","1,491.00","1,501.50","1,488.95","8.83M","0.50%"
"20-09-2024","1,485.93","1,474.00","1,495.00","1,471.38","30.90M","1.11%"
"19-09-2024","1,469.68","1,466.25","1,476.50","1,455.55","16.96M","0.43%"
"18-09-2024","1,463.45","1,470.00","1,482.00","1,460.55","8.57M","-0.60%"
"17-09-2024","1,472.30","1,474.00","1,477.47","1,466.63","5.94M","0.06%"
"16-09-2024","1,471.35","1,477.55","1,480.90","1,464.75","5.48M","-0.09%"
"13-09-2024","1,472.63","1,476.40","1,483.15","1,469.50","8.71M","-0.48%"
"12-09-2024","1,479.80","1,457.00","1,486.00","1,445.88","22.35M","1.95%"
"11-09-2024","1,451.50","1,463.05","1,468.75","1,447.55","9.76M","-0.69%"
"10-09-2024","1,461.53","1,460.50","1,472.05","1,457.57","10.77M","-0.06%"
"09-09-2024","1,462.45","1,466.50","1,469.93","1,455.60","9.01M","-0.16%"
"06-09-2024","1,464.82","1,492.50","1,497.00","1,461.63","19.39M","-1.89%"
"05-09-2024","1,492.97","1,519.05","1,525.78","1,487.05","16.26M","-1.42%"
"04-09-2024","1,514.55","1,500.70","1,517.50","1,499.50","11.98M","0.36%"
"03-09-2024","1,509.13","1,521.25","1,523.00","1,507.50","10.92M","-0.47%"
"02-09-2024","1,516.25","1,510.88","1,526.80","1,506.63","11.24M","0.44%"
"30-08-2024","1,509.63","1,534.00","1,539.72","1,503.32","41.62M","-0.74%"
"29-08-2024","1,520.93","1,503.10","1,537.00","1,494.00","38.34M","1.51%"
"28-08-2024","1,498.30","1,505.00","1,507.47","1,493.00","9.61M","-0.14%"
"27-08-2024","1,500.45","1,510.50","1,513.47","1,499.45","6.25M","-0.80%"
"26-08-2024","1,512.60","1,506.97","1,523.00","1,503.00","8.82M","0.84%"
"23-08-2024","1,499.97","1,503.75","1,511.32","1,498.43","9.25M","0.12%"
"22-08-2024","1,498.13","1,503.00","1,506.50","1,490.65","10.45M","-0.04%"
"21-08-2024","1,498.68","1,493.25","1,507.88","1,490.00","7.77M","0.18%"
"20-08-2024","1,495.95","1,497.22","1,503.93","1,490.03","8.41M","0.51%"
"19-08-2024","1,488.40","1,482.50","1,498.30","1,480.50","13.80M","0.69%"
"16-08-2024","1,478.20","1,468.65","1,480.40","1,458.05","9.42M","1.12%"
"14-08-2024","1,461.85","1,463.55","1,472.00","1,453.70","6.27M","-0.12%"
"13-08-2024","1,463.63","1,460.75","1,470.07","1,458.00","6.27M","0.21%"
"12-08-2024","1,460.63","1,470.00","1,473.00","1,457.75","8.18M","-0.93%"
"09-08-2024","1,474.30","1,460.00","1,476.50","1,456.00","6.25M","1.74%"
"08-08-2024","1,449.13","1,457.53","1,465.00","1,445.93","12.39M","-1.07%"
"07-08-2024","1,464.82","1,469.00","1,472.50","1,461.50","8.17M","0.60%"
"06-08-2024","1,456.05","1,455.15","1,477.50","1,451.32","10.24M","0.60%"
"05-08-2024","1,447.32","1,480.00","1,483.90","1,433.25","17.05M","-3.47%"
"02-08-2024","1,499.32","1,505.00","1,509.32","1,493.28","10.27M","-1.05%"
"01-08-2024","1,515.30","1,512.00","1,518.00","1,504.30","10.76M","0.66%"
"31-07-2024","1,505.43","1,504.00","1,510.45","1,501.15","10.06M","-0.51%"
"30-07-2024","1,513.15","1,517.03","1,525.00","1,510.00","8.23M","-0.46%"
"29-07-2024","1,520.10","1,511.95","1,527.50","1,511.78","7.54M","0.73%"
"26-07-2024","1,509.03","1,492.40","1,512.43","1,490.35","9.86M","1.11%"
"25-07-2024","1,492.40","1,481.00","1,500.47","1,477.07","12.52M","-0.22%"
"24-07-2024","1,495.70","1,485.00","1,509.50","1,476.40","11.91M","0.52%"
"23-07-2024","1,487.90","1,501.00","1,505.75","1,463.00","18.05M","-0.85%"
"22-07-2024","1,500.68","1,537.25","1,537.50","1,499.28","19.67M","-3.50%"
"19-07-2024","1,555.15","1,586.00","1,589.97","1,552.80","13.14M","-1.99%"
"18-07-2024","1,586.68","1,576.00","1,593.90","1,557.82","12.30M","0.66%"
"16-07-2024","1,576.25","1,593.50","1,600.00","1,569.13","9.39M","-1.31%"
"15-07-2024","1,597.22","1,604.45","1,605.85","1,585.50","5.33M","0.03%"
"12-07-2024","1,596.72","1,584.50","1,605.15","1,574.50","12.92M","1.02%"
"11-07-2024","1,580.65","1,587.50","1,604.25","1,570.50","11.94M","-0.23%"
"10-07-2024","1,584.22","1,595.00","1,597.50","1,563.15","7.13M","-0.38%"
"09-07-2024","1,590.28","1,597.60","1,600.50","1,580.50","6.96M","-0.66%"
"08-07-2024","1,600.90","1,589.00","1,608.80","1,582.53","9.50M","0.77%"
"05-07-2024","1,588.63","1,553.82","1,598.50","1,548.00","12.27M","2.23%"
"04-07-2024","1,554.03","1,557.00","1,567.50","1,550.80","6.84M","0.10%"
"03-07-2024","1,552.43","1,566.32","1,575.00","1,542.78","9.05M","-0.81%"
"02-07-2024","1,565.18","1,569.50","1,573.50","1,557.00","7.75M","0.32%"
"01-07-2024","1,560.15","1,562.53","1,579.40","1,555.68","7.72M","-0.34%"
"28-06-2024","1,565.40","1,531.03","1,581.00","1,531.03","28.96M","2.28%"
"27-06-2024","1,530.55","1,513.75","1,537.50","1,506.00","28.38M","1.09%"
"26-06-2024","1,514.03","1,446.05","1,518.97","1,445.13","22.01M","4.12%"
"25-06-2024","1,454.15","1,443.00","1,455.93","1,441.00","7.05M","0.88%"
"24-06-2024","1,441.47","1,445.53","1,449.50","1,437.50","8.88M","-0.88%"
"21-06-2024","1,454.20","1,473.63","1,474.70","1,440.57","31.17M","-1.32%"
"20-06-2024","1,473.70","1,459.00","1,482.85","1,450.10","16.11M","1.03%"
"19-06-2024","1,458.65","1,487.50","1,487.50","1,456.00","8.73M","-1.51%"
"18-06-2024","1,481.03","1,487.35","1,487.40","1,471.35","7.20M","0.24%"
"14-06-2024","1,477.55","1,470.00","1,479.68","1,457.22","8.16M","0.84%"
"13-06-2024","1,465.25","1,472.00","1,472.25","1,460.10","9.18M","0.13%"
"12-06-2024","1,463.32","1,457.50","1,476.00","1,455.18","10.08M","0.46%"
"11-06-2024","1,456.68","1,469.00","1,473.68","1,454.68","11.77M","-1.00%"
"10-06-2024","1,471.40","1,469.95","1,493.35","1,468.07","9.25M","0.10%"
"07-06-2024","1,469.95","1,428.50","1,472.00","1,426.50","18.56M","2.68%"
"06-06-2024","1,431.60","1,435.00","1,443.70","1,421.35","17.86M","0.76%"
"05-06-2024","1,420.75","1,422.00","1,431.15","1,384.10","17.46M","1.68%"
"04-06-2024","1,397.28","1,498.05","1,498.05","1,359.30","36.71M","-7.49%"
"03-06-2024","1,510.32","1,483.00","1,514.50","1,459.00","21.53M","5.59%"
"31-05-2024","1,430.40","1,431.30","1,442.25","1,422.25","31.07M","0.39%"
"30-05-2024","1,424.85","1,435.50","1,440.40","1,420.10","13.21M","-1.11%"
"29-05-2024","1,440.78","1,446.50","1,458.00","1,438.45","7.38M","-1.06%"
"28-05-2024","1,456.20","1,468.00","1,478.50","1,452.75","7.82M","-0.69%"
"27-05-2024","1,466.25","1,480.22","1,484.90","1,461.55","6.63M","-0.95%"
"24-05-2024","1,480.25","1,483.63","1,488.50","1,476.10","7.09M","-0.39%"
"23-05-2024","1,486.05","1,458.55","1,492.22","1,455.00","14.61M","1.74%"
"22-05-2024","1,460.65","1,436.28","1,468.78","1,436.28","10.28M","1.71%"
"21-05-2024","1,436.13","1,425.60","1,441.82","1,425.60","11.18M","0.09%"
"18-05-2024","1,434.83","1,437.50","1,439.50","1,432.70","426.04K","-0.06%"
"17-05-2024","1,435.70","1,423.05","1,437.20","1,413.25","10.92M","0.73%"
"16-05-2024","1,425.35","1,418.55","1,427.50","1,398.03","14.71M","0.64%"
"15-05-2024","1,416.28","1,420.50","1,429.97","1,413.03","5.05M","-0.27%"
"14-05-2024","1,420.07","1,400.97","1,427.07","1,400.03","7.19M","1.24%"
"13-05-2024","1,402.70","1,399.90","1,406.97","1,384.00","8.46M","-0.34%"
"10-05-2024","1,407.43","1,396.75","1,410.00","1,388.07","10.51M","0.95%"
"09-05-2024","1,394.13","1,413.00","1,423.75","1,390.00","11.01M","-1.72%"
"08-05-2024","1,418.55","1,397.50","1,432.95","1,397.50","9.44M","1.22%"
"07-05-2024","1,401.47","1,415.97","1,420.75","1,392.00","14.52M","-1.27%"
"06-05-2024","1,419.53","1,435.50","1,440.00","1,418.00","7.39M","-1.01%"
"03-05-2024","1,434.00","1,471.00","1,474.95","1,416.15","17.23M","-2.22%"
"02-05-2024","1,466.55","1,472.00","1,477.32","1,464.13","14.51M","-0.03%"
"30-04-2024","1,467.00","1,468.00","1,483.07","1,462.88","11.47M","0.13%"
"29-04-2024","1,465.03","1,450.00","1,467.90","1,450.00","7.25M","0.86%"
"26-04-2024","1,452.55","1,463.95","1,465.00","1,450.00","9.41M","-0.51%"
"25-04-2024","1,459.97","1,442.50","1,467.97","1,441.50","15.94M","0.68%"
"24-04-2024","1,450.18","1,463.50","1,468.55","1,449.50","10.46M","-0.63%"
"23-04-2024","1,459.32","1,479.00","1,493.50","1,455.55","14.61M","-1.39%"
"22-04-2024","1,479.85","1,472.45","1,482.82","1,467.80","10.35M","0.66%"
"19-04-2024","1,470.13","1,456.78","1,474.00","1,443.03","15.74M","0.40%"
"18-04-2024","1,464.32","1,463.50","1,486.00","1,459.35","19.01M","-0.10%"
"16-04-2024","1,465.75","1,453.35","1,471.18","1,450.93","9.37M","0.06%"
"15-04-2024","1,464.82","1,461.00","1,482.13","1,446.32","12.90M","-0.16%"
"12-04-2024","1,467.15","1,475.88","1,486.47","1,463.07","15.55M","-0.84%"
"10-04-2024","1,479.57","1,466.35","1,487.00","1,466.35","9.14M","1.09%"
"09-04-2024","1,463.65","1,489.00","1,489.80","1,462.50","7.07M","-1.50%"
"08-04-2024","1,485.97","1,462.97","1,490.97","1,461.00","8.36M","1.77%"
"05-04-2024","1,460.10","1,460.88","1,470.80","1,456.00","7.44M","-0.19%"
"04-04-2024","1,462.93","1,479.75","1,479.75","1,450.00","14.49M","-0.59%"
"03-04-2024","1,471.60","1,482.07","1,484.45","1,468.90","7.01M","-1.03%"
"02-04-2024","1,486.95","1,484.00","1,494.00","1,475.00","8.91M","0.15%"
"01-04-2024","1,484.78","1,492.47","1,493.97","1,482.50","5.01M","-0.07%"
"28-03-2024","1,485.85","1,492.88","1,505.95","1,478.65","21.85M","-0.47%"
"27-03-2024","1,492.85","1,448.00","1,500.00","1,447.00","16.33M","3.56%"
"26-03-2024","1,441.57","1,445.00","1,452.40","1,439.00","11.42M","-0.92%"
"22-03-2024","1,455.03","1,449.97","1,460.00","1,447.35","19.53M","0.28%"
"21-03-2024","1,450.97","1,452.53","1,457.90","1,444.68","13.01M","0.50%"
"20-03-2024","1,443.75","1,427.95","1,445.00","1,424.03","8.49M","1.30%"
"19-03-2024","1,425.25","1,428.75","1,437.60","1,417.25","8.28M","-0.99%"
"18-03-2024","1,439.47","1,420.00","1,441.72","1,416.53","9.17M","1.50%"
"15-03-2024","1,418.22","1,425.95","1,433.22","1,412.90","19.22M","-0.93%"
"14-03-2024","1,431.47","1,439.70","1,448.53","1,425.50","18.57M","-0.05%"
"13-03-2024","1,432.18","1,479.78","1,483.10","1,427.78","13.52M","-2.93%"
"12-03-2024","1,475.43","1,466.60","1,488.00","1,465.03","9.43M","0.60%"
"11-03-2024","1,466.60","1,489.00","1,489.00","1,463.50","11.28M","-0.83%"
"07-03-2024","1,478.93","1,502.97","1,503.10","1,475.55","8.32M","-1.60%"
"06-03-2024","1,503.00","1,493.45","1,509.00","1,478.50","7.81M","0.19%"
"05-03-2024","1,500.20","1,505.78","1,507.40","1,486.05","7.11M","-0.48%"
"04-03-2024","1,507.40","1,490.47","1,512.45","1,487.22","10.02M","1.09%"
"02-03-2024","1,491.08","1,492.00","1,500.45","1,488.00","716.30K","-0.07%"
"01-03-2024","1,492.13","1,463.50","1,500.00","1,462.50","12.13M","2.14%"
"29-02-2024","1,460.80","1,465.00","1,478.97","1,454.53","23.63M","0.36%"
"28-02-2024","1,455.63","1,483.00","1,491.28","1,450.18","8.65M","-2.02%"
"27-02-2024","1,485.65","1,483.03","1,499.95","1,478.05","10.83M","-0.11%"
"26-02-2024","1,487.32","1,493.55","1,494.53","1,482.50","7.51M","-0.42%"
"23-02-2024","1,493.63","1,489.50","1,497.55","1,483.35","14.44M","0.80%"
"22-02-2024","1,481.75","1,468.15","1,484.95","1,458.00","18.49M","0.96%"
"21-02-2024","1,467.70","1,474.00","1,488.53","1,457.55","12.72M","-0.23%"
"20-02-2024","1,471.03","1,475.03","1,475.50","1,461.80","7.12M","-0.20%"
"19-02-2024","1,474.00","1,462.05","1,479.50","1,453.53","6.73M","0.92%"
"16-02-2024","1,460.57","1,476.47","1,477.00","1,458.55","9.77M","-0.68%"
"15-02-2024","1,470.60","1,483.35","1,484.72","1,466.53","10.01M","-0.73%"
"14-02-2024","1,481.38","1,457.50","1,483.65","1,457.50","7.12M","1.11%"
"13-02-2024","1,465.10","1,455.50","1,479.00","1,454.00","7.72M","0.88%"
"12-02-2024","1,452.35","1,460.75","1,461.00","1,442.35","6.67M","-0.58%"
"09-02-2024","1,460.75","1,454.00","1,471.97","1,450.95","12.56M","0.73%"
"08-02-2024","1,450.13","1,450.00","1,459.47","1,427.53","14.69M","0.55%"
"07-02-2024","1,442.15","1,435.93","1,449.50","1,429.25","9.30M","1.01%"
"06-02-2024","1,427.80","1,441.85","1,441.85","1,419.82","9.05M","-0.78%"
"05-02-2024","1,439.03","1,460.75","1,470.50","1,431.53","8.81M","-1.28%"
"02-02-2024","1,457.70","1,433.18","1,474.90","1,433.18","19.65M","2.18%"
"01-02-2024","1,426.65","1,435.00","1,443.35","1,418.05","13.35M","0.00%"
"31-01-2024","1,426.63","1,404.00","1,434.25","1,402.50","15.13M","1.35%"
"30-01-2024","1,407.63","1,459.95","1,459.97","1,404.43","14.09M","-2.79%"
"29-01-2024","1,448.05","1,364.50","1,452.50","1,360.18","23.89M","7.02%"
"25-01-2024","1,353.07","1,342.95","1,364.15","1,335.20","11.81M","0.68%"
"24-01-2024","1,343.88","1,335.22","1,349.50","1,323.93","21.92M","1.15%"
"23-01-2024","1,328.57","1,371.75","1,371.75","1,322.55","20.06M","-2.07%"
"20-01-2024","1,356.65","1,365.00","1,383.47","1,350.00","7.28M","-0.79%"
"19-01-2024","1,367.45","1,376.00","1,376.00","1,359.00","10.42M","-0.04%"
"18-01-2024","1,367.95","1,351.40","1,371.00","1,351.25","10.28M","0.47%"
"17-01-2024","1,361.57","1,359.50","1,386.28","1,355.03","12.20M","-0.95%"
"16-01-2024","1,374.63","1,389.97","1,396.30","1,370.50","9.07M","-1.40%"
"15-01-2024","1,394.13","1,375.00","1,396.45","1,366.00","8.61M","1.71%"
"12-01-2024","1,370.72","1,359.90","1,373.32","1,345.75","15.01M","0.80%"
"11-01-2024","1,359.90","1,329.50","1,362.50","1,328.50","23.73M","2.63%"
"10-01-2024","1,325.05","1,288.50","1,329.50","1,287.53","11.10M","2.70%"
"09-01-2024","1,290.25","1,300.00","1,303.40","1,288.60","5.40M","-0.26%"
"08-01-2024","1,293.68","1,305.00","1,315.97","1,284.47","7.73M","-0.78%"
"05-01-2024","1,303.85","1,301.45","1,309.93","1,299.00","8.09M","0.43%"
"04-01-2024","1,298.32","1,294.00","1,304.93","1,289.55","9.61M","0.52%"
"03-01-2024","1,291.65","1,305.00","1,317.00","1,288.60","9.04M","-1.09%"
"02-01-2024","1,305.85","1,292.50","1,307.50","1,286.50","7.45M","0.83%"
"01-01-2024","1,295.13","1,290.28","1,303.43","1,286.57","4.03M","0.21%"
"29-12-2023","1,292.47","1,305.55","1,307.00","1,289.65","10.86M","-0.79%"
"28-12-2023","1,302.78","1,294.90","1,306.00","1,293.43","12.30M","0.72%"
"27-12-2023","1,293.43","1,291.00","1,299.95","1,286.55","9.20M","0.34%"
"26-12-2023","1,289.03","1,284.00","1,295.97","1,281.35","7.47M","0.51%"
"22-12-2023","1,282.53","1,279.80","1,290.45","1,273.82","16.54M","0.10%"
"21-12-2023","1,281.28","1,263.50","1,286.75","1,259.13","13.77M","1.40%"
"20-12-2023","1,263.57","1,285.53","1,299.43","1,260.00","17.74M","-1.21%"
"19-12-2023","1,279.05","1,277.50","1,286.95","1,262.60","16.82M","1.47%"
"18-12-2023","1,260.50","1,247.80","1,267.45","1,245.47","14.17M","1.02%"
"15-12-2023","1,247.80","1,239.00","1,250.00","1,235.03","15.93M","1.28%"
"14-12-2023","1,232.07","1,227.00","1,237.47","1,221.32","16.97M","1.24%"
"13-12-2023","1,216.97","1,211.00","1,219.18","1,203.15","10.03M","0.41%"
"12-12-2023","1,212.03","1,230.00","1,232.47","1,210.07","9.20M","-1.44%"
"11-12-2023","1,229.68","1,228.00","1,233.80","1,226.20","7.07M","0.15%"
"08-12-2023","1,227.88","1,231.93","1,238.35","1,222.50","10.20M","-0.05%"
"07-12-2023","1,228.53","1,230.00","1,230.47","1,221.00","8.14M","-0.16%"
"06-12-2023","1,230.55","1,223.55","1,236.47","1,217.50","16.42M","0.96%"
"05-12-2023","1,218.88","1,219.50","1,220.43","1,210.82","12.69M","0.73%"
"04-12-2023","1,210.10","1,225.00","1,225.00","1,199.30","15.59M","1.08%"
"01-12-2023","1,197.15","1,189.00","1,198.20","1,188.80","14.34M","0.71%"
"30-11-2023","1,188.72","1,197.35","1,200.35","1,184.95","28.44M","-0.97%"
"29-11-2023","1,200.35","1,204.00","1,205.97","1,199.03","12.53M","0.26%"
"28-11-2023","1,197.20","1,196.95","1,199.85","1,187.63","13.79M","0.02%"
"24-11-2023","1,196.95","1,195.80","1,201.30","1,195.53","6.75M","-0.07%"
"23-11-2023","1,197.75","1,194.10","1,200.00","1,194.10","8.53M","0.31%"
"22-11-2023","1,194.10","1,187.50","1,197.22","1,186.10","8.53M","0.39%"
"21-11-2023","1,189.45","1,183.00","1,194.00","1,180.10","8.21M","1.26%"
"20-11-2023","1,174.68","1,174.28","1,179.20","1,168.20","4.49M","-0.26%"
"17-11-2023","1,177.78","1,176.45","1,186.63","1,176.03","7.76M","-0.22%"
"16-11-2023","1,180.35","1,175.55","1,187.07","1,173.47","13.13M","0.18%"
"15-11-2023","1,178.22","1,170.00","1,180.97","1,163.50","12.22M","1.81%"
"13-11-2023","1,157.30","1,161.45","1,162.30","1,155.85","3.85M","-0.69%"
"12-11-2023","1,165.33","1,163.03","1,166.00","1,161.25","1.42M","0.68%"
"10-11-2023","1,157.45","1,152.78","1,158.18","1,149.03","7.73M","0.19%"
"09-11-2023","1,155.28","1,167.93","1,167.95","1,152.10","14.51M","-1.09%"
"08-11-2023","1,167.95","1,166.00","1,170.50","1,160.88","7.88M","0.52%"
"07-11-2023","1,161.90","1,167.03","1,169.55","1,159.78","6.96M","-0.65%"
"06-11-2023","1,169.50","1,166.15","1,170.00","1,162.80","10.65M","0.83%"
"03-11-2023","1,159.85","1,163.60","1,167.47","1,157.88","8.85M","-0.02%"
"02-11-2023","1,160.10","1,156.97","1,162.15","1,153.97","10.56M","0.99%"
"01-11-2023","1,148.70","1,144.57","1,158.75","1,137.60","10.31M","0.42%"
"31-10-2023","1,143.95","1,164.00","1,164.00","1,141.45","12.81M","-1.06%"
"30-10-2023","1,156.25","1,137.00","1,162.50","1,134.97","16.81M","2.06%"
"27-10-2023","1,132.90","1,120.00","1,136.75","1,117.97","11.77M","1.77%"
"26-10-2023","1,113.25","1,125.50","1,129.00","1,110.15","15.22M","-1.39%"
"25-10-2023","1,128.97","1,125.03","1,140.60","1,121.50","11.62M","-0.23%"
"23-10-2023","1,131.60","1,145.00","1,153.13","1,127.63","7.85M","-1.56%"
"20-10-2023","1,149.55","1,150.00","1,157.35","1,148.15","8.91M","-0.31%"
"19-10-2023","1,153.07","1,156.00","1,160.90","1,150.50","12.03M","-0.77%"
"18-10-2023","1,162.00","1,177.63","1,183.50","1,160.50","8.92M","-1.33%"
"17-10-2023","1,177.63","1,178.00","1,179.85","1,170.65","7.93M","0.48%"
"16-10-2023","1,172.03","1,172.50","1,177.28","1,168.00","5.93M","-0.22%"
"13-10-2023","1,174.65","1,170.00","1,178.75","1,164.57","10.15M","0.00%"
"12-10-2023","1,174.70","1,171.93","1,179.68","1,169.07","12.55M","0.19%"
"11-10-2023","1,172.53","1,157.22","1,174.85","1,156.50","9.81M","1.59%"
"10-10-2023","1,154.20","1,153.28","1,158.95","1,151.88","10.24M","0.44%"
"09-10-2023","1,149.13","1,154.05","1,155.97","1,147.50","7.58M","-0.85%"
"06-10-2023","1,159.00","1,158.53","1,162.40","1,156.03","5.43M","0.17%"
"05-10-2023","1,157.05","1,159.63","1,164.70","1,154.50","10.95M","0.00%"
"04-10-2023","1,157.07","1,154.50","1,159.50","1,147.55","10.29M","-0.17%"
"03-10-2023","1,159.07","1,164.97","1,167.80","1,158.00","8.86M","-1.14%"
"29-09-2023","1,172.50","1,170.90","1,184.55","1,167.05","12.34M","0.47%"
"28-09-2023","1,167.05","1,191.50","1,191.50","1,162.50","14.52M","-1.47%"
"27-09-2023","1,184.45","1,171.75","1,185.90","1,169.25","11.72M","1.13%"
"26-09-2023","1,171.25","1,169.28","1,175.10","1,167.80","10.09M","0.09%"
"25-09-2023","1,170.22","1,175.20","1,180.35","1,167.55","14.25M","-0.62%"
"22-09-2023","1,177.47","1,188.00","1,191.22","1,175.00","19.18M","-0.42%"
"21-09-2023","1,182.40","1,187.47","1,195.05","1,180.00","12.23M","-0.73%"
"20-09-2023","1,191.07","1,211.53","1,213.80","1,177.50","57.08M","-2.23%"
"18-09-2023","1,218.22","1,220.03","1,225.50","1,216.03","7.52M","-0.87%"
"15-09-2023","1,228.93","1,234.00","1,234.00","1,224.75","25.47M","0.19%"
"14-09-2023","1,226.65","1,230.00","1,232.90","1,222.50","9.21M","0.09%"
"13-09-2023","1,225.53","1,220.00","1,231.32","1,213.13","12.80M","0.50%"
"12-09-2023","1,219.43","1,241.50","1,241.50","1,217.97","16.26M","-1.44%"
"11-09-2023","1,237.30","1,226.00","1,238.43","1,226.00","13.27M","1.08%"
"08-09-2023","1,224.10","1,220.00","1,228.00","1,211.47","23.11M","0.67%"
"07-09-2023","1,216.00","1,210.85","1,219.13","1,205.50","13.65M","0.14%"
"06-09-2023","1,214.35","1,210.55","1,218.07","1,208.63","8.20M","0.21%"
"05-09-2023","1,211.80","1,210.00","1,216.97","1,206.22","8.68M","0.54%"
"04-09-2023","1,205.35","1,206.32","1,211.82","1,202.65","9.35M","-0.08%"
"01-09-2023","1,206.32","1,203.28","1,212.82","1,200.82","18.11M","0.23%"
"31-08-2023","1,203.50","1,211.50","1,212.50","1,199.95","21.64M","-0.46%"
"30-08-2023","1,209.03","1,216.00","1,221.50","1,207.50","12.17M","-0.10%"
"29-08-2023","1,210.18","1,226.03","1,226.72","1,204.07","16.88M","-0.96%"
"28-08-2023","1,221.88","1,236.00","1,242.00","1,215.55","12.58M","-1.00%"
"25-08-2023","1,234.18","1,228.00","1,252.50","1,221.30","22.22M","-0.46%"
"24-08-2023","1,239.90","1,269.95","1,269.95","1,235.50","14.14M","-1.68%"
"23-08-2023","1,261.10","1,262.10","1,271.43","1,258.47","9.52M","0.11%"
"22-08-2023","1,259.70","1,258.45","1,268.97","1,249.50","7.71M","-0.02%"
"21-08-2023","1,260.00","1,269.97","1,277.72","1,257.82","9.22M","-1.44%"
"18-08-2023","1,278.40","1,265.63","1,288.80","1,254.28","18.64M","0.74%"
"17-08-2023","1,269.00","1,283.55","1,289.05","1,266.43","13.67M","-1.44%"
"16-08-2023","1,287.57","1,275.50","1,291.40","1,275.50","10.20M","-0.08%"
"14-08-2023","1,288.63","1,269.50","1,291.15","1,262.50","9.58M","1.18%"
"11-08-2023","1,273.57","1,266.22","1,279.43","1,256.18","22.18M","0.42%"
"10-08-2023","1,268.22","1,262.47","1,275.00","1,254.22","15.47M","0.45%"
"09-08-2023","1,262.60","1,252.43","1,264.50","1,240.55","11.49M","0.66%"
"08-08-2023","1,254.32","1,264.00","1,267.22","1,249.78","9.84M","-0.60%"
"07-08-2023","1,261.93","1,260.50","1,264.20","1,252.50","5.98M","0.57%"
"04-08-2023","1,254.78","1,249.40","1,258.00","1,235.80","22.89M","1.36%"
"03-08-2023","1,237.95","1,237.65","1,250.45","1,229.03","10.17M","-0.42%"
"02-08-2023","1,243.18","1,254.60","1,256.00","1,231.80","12.75M","-1.07%"
"01-08-2023","1,256.60","1,277.50","1,279.50","1,252.65","9.54M","-1.41%"
"31-07-2023","1,274.63","1,263.93","1,276.95","1,258.97","8.55M","0.85%"
"28-07-2023","1,263.93","1,256.03","1,271.43","1,250.28","20.83M","1.00%"
"27-07-2023","1,251.35","1,267.03","1,268.82","1,245.18","17.23M","-0.93%"
"26-07-2023","1,263.10","1,242.50","1,273.50","1,242.50","12.91M","1.63%"
"25-07-2023","1,242.90","1,247.00","1,252.60","1,240.00","12.03M","-0.06%"
"24-07-2023","1,243.70","1,240.50","1,257.47","1,234.65","23.73M","-2.02%"
"21-07-2023","1,269.38","1,304.50","1,307.45","1,261.80","30.25M","-3.10%"
"20-07-2023","1,309.93","1,290.00","1,315.47","1,290.00","38.72M","1.54%"
"19-07-2023","1,290.00","1,284.62","1,296.42","1,269.64","36.11M","0.76%"
"18-07-2023","1,280.29","1,278.72","1,288.00","1,267.83","23.88M","0.85%"
"17-07-2023","1,269.50","1,246.94","1,277.83","1,238.32","20.51M","2.04%"
"14-07-2023","1,244.08","1,248.31","1,253.25","1,237.00","13.96M","-0.08%"
"13-07-2023","1,245.13","1,263.69","1,270.55","1,242.52","13.55M","-0.89%"
"12-07-2023","1,256.36","1,255.71","1,271.91","1,253.59","17.29M","0.11%"
"11-07-2023","1,254.98","1,249.62","1,257.38","1,242.68","18.52M","1.08%"
"10-07-2023","1,241.52","1,220.57","1,251.03","1,214.26","30.68M","3.85%"
"07-07-2023","1,195.47","1,196.10","1,209.70","1,192.93","12.35M","-0.20%"
"06-07-2023","1,197.81","1,169.35","1,200.39","1,169.35","17.65M","2.10%"
"05-07-2023","1,173.18","1,184.30","1,184.30","1,169.23","9.46M","-0.16%"
"04-07-2023","1,175.11","1,191.56","1,191.56","1,168.07","7.44M","-1.03%"
"03-07-2023","1,187.34","1,161.17","1,190.20","1,159.95","11.22M","2.57%"
"30-06-2023","1,157.63","1,155.89","1,160.54","1,150.01","10.29M","0.82%"
"28-06-2023","1,148.21","1,140.72","1,152.01","1,133.85","10.48M","1.32%"
"27-06-2023","1,133.21","1,133.26","1,139.14","1,128.76","8.94M","0.04%"
"26-06-2023","1,132.80","1,138.00","1,141.81","1,129.69","11.67M","-0.76%"
"23-06-2023","1,141.52","1,147.94","1,149.98","1,140.27","6.12M","-0.82%"
"22-06-2023","1,150.94","1,160.24","1,168.10","1,149.35","7.03M","-1.12%"
"21-06-2023","1,164.01","1,160.70","1,166.53","1,156.61","6.43M","0.28%"
"20-06-2023","1,160.74","1,156.41","1,163.88","1,150.71","6.39M","0.21%"
"19-06-2023","1,158.34","1,172.95","1,172.95","1,154.18","6.28M","-0.99%"
"16-06-2023","1,169.96","1,162.15","1,172.23","1,162.15","22.31M","0.97%"
"15-06-2023","1,158.68","1,158.34","1,163.22","1,150.94","10.90M","0.03%"
"14-06-2023","1,158.36","1,144.36","1,159.79","1,142.54","12.26M","1.23%"
"13-06-2023","1,144.29","1,132.55","1,145.47","1,128.58","10.38M","1.48%"
"12-06-2023","1,127.63","1,123.70","1,129.92","1,118.94","5.90M","0.09%"
"09-06-2023","1,126.63","1,138.00","1,138.70","1,124.84","5.42M","-0.71%"
"08-06-2023","1,134.66","1,137.55","1,142.47","1,130.74","11.14M","0.06%"
"07-06-2023","1,133.98","1,128.92","1,134.82","1,122.39","9.52M","0.76%"
"06-06-2023","1,125.45","1,127.31","1,129.24","1,117.57","6.92M","0.08%"
"05-06-2023","1,124.50","1,119.93","1,127.45","1,115.96","10.07M","0.90%"
"02-06-2023","1,114.49","1,121.66","1,127.04","1,112.58","14.58M","-0.33%"
"01-06-2023","1,118.14","1,125.81","1,127.97","1,115.76","13.47M","-0.27%"
"31-05-2023","1,121.16","1,134.82","1,139.30","1,117.12","25.02M","-1.99%"
"30-05-2023","1,143.88","1,144.17","1,151.94","1,141.34","10.47M","-0.03%"
"29-05-2023","1,144.17","1,144.36","1,148.44","1,138.09","9.24M","0.56%"
"26-05-2023","1,137.77","1,115.76","1,138.91","1,112.47","11.65M","2.73%"
"25-05-2023","1,107.57","1,104.82","1,111.67","1,096.72","10.60M","-0.01%"
"24-05-2023","1,107.70","1,110.27","1,118.48","1,104.61","7.49M","-0.58%"
"23-05-2023","1,114.19","1,116.96","1,120.30","1,112.79","5.62M","-0.02%"
"22-05-2023","1,114.40","1,105.32","1,119.39","1,104.12","6.86M","0.53%"
"19-05-2023","1,108.47","1,104.89","1,110.29","1,097.99","7.43M","0.32%"
"18-05-2023","1,104.89","1,111.92","1,115.30","1,101.76","9.72M","-0.22%"
"17-05-2023","1,107.27","1,118.03","1,118.94","1,102.59","8.12M","-0.59%"
"16-05-2023","1,113.85","1,132.10","1,134.64","1,112.20","8.05M","-1.42%"
"15-05-2023","1,129.94","1,130.24","1,136.89","1,122.64","6.31M","0.20%"
"12-05-2023","1,127.72","1,121.12","1,129.10","1,115.08","6.42M","0.16%"
"11-05-2023","1,125.88","1,134.35","1,139.14","1,124.18","9.74M","-0.65%"
"10-05-2023","1,133.28","1,130.28","1,134.76","1,126.29","10.04M","0.69%"
"09-05-2023","1,125.54","1,123.48","1,128.83","1,118.14","5.97M","0.31%"
"08-05-2023","1,122.07","1,112.13","1,127.40","1,109.47","8.45M","1.23%"
"05-05-2023","1,108.38","1,108.04","1,117.28","1,105.77","8.07M","-0.26%"
"04-05-2023","1,111.22","1,099.03","1,113.42","1,096.06","7.97M","1.15%"
"03-05-2023","1,098.55","1,109.86","1,109.86","1,095.35","6.52M","-0.86%"
"02-05-2023","1,108.06","1,105.86","1,110.22","1,102.19","11.98M","0.85%"
"28-04-2023","1,098.74","1,081.26","1,100.28","1,081.15","14.37M","1.83%"
"27-04-2023","1,079.01","1,078.08","1,082.17","1,073.09","8.46M","0.63%"
"26-04-2023","1,072.23","1,079.90","1,083.12","1,068.57","7.95M","-0.59%"
"25-04-2023","1,078.56","1,074.00","1,080.62","1,066.96","8.52M","0.77%"
"24-04-2023","1,070.37","1,078.08","1,080.76","1,065.83","11.94M","0.38%"
"21-04-2023","1,066.28","1,067.03","1,071.73","1,060.56","7.06M","0.13%"
"20-04-2023","1,064.94","1,068.60","1,070.82","1,058.61","6.47M","-0.25%"
"19-04-2023","1,067.64","1,061.76","1,070.32","1,058.65","11.33M","0.50%"
"18-04-2023","1,062.35","1,078.99","1,078.99","1,055.84","9.60M","-1.14%"
"17-04-2023","1,074.66","1,100.76","1,100.76","1,066.30","16.55M","0.51%"
"13-04-2023","1,069.23","1,068.10","1,073.91","1,063.10","11.43M","0.38%"
"12-04-2023","1,065.21","1,060.54","1,074.81","1,057.68","16.78M","0.44%"
"11-04-2023","1,060.54","1,059.47","1,062.65","1,054.95","9.73M","0.49%"
"10-04-2023","1,055.32","1,066.73","1,066.92","1,053.82","11.96M","-0.71%"
"06-04-2023","1,062.85","1,052.28","1,068.55","1,052.28","17.02M","0.67%"
"05-04-2023","1,055.77","1,065.83","1,065.83","1,047.92","15.01M","-0.24%"
"03-04-2023","1,058.31","1,064.46","1,066.28","1,050.85","9.50M","0.02%"
"31-03-2023","1,058.13","1,023.61","1,063.76","1,023.47","26.00M","4.31%"
"29-03-2023","1,014.40","1,016.35","1,018.98","1,003.68","17.36M","-0.59%"
"28-03-2023","1,020.43","1,019.07","1,024.29","1,015.44","11.61M","0.47%"
"27-03-2023","1,015.69","1,006.59","1,023.16","998.74","12.97M","1.55%"
"24-03-2023","1,000.14","1,019.19","1,021.34","997.74","11.42M","-1.98%"
"23-03-2023","1,020.34","1,029.51","1,030.37","1,018.19","15.00M","-1.27%"
"22-03-2023","1,033.42","1,037.23","1,040.16","1,030.42","10.08M","0.30%"
"21-03-2023","1,030.28","1,007.25","1,032.24","1,006.36","19.75M","3.11%"
"20-03-2023","999.21","1,005.45","1,007.72","989.57","18.02M","-0.98%"
"17-03-2023","1,009.13","1,018.96","1,022.23","1,004.41","31.40M","-0.13%"
"16-03-2023","1,010.40","1,018.16","1,023.16","999.64","16.95M","-0.50%"
"15-03-2023","1,015.46","1,036.82","1,043.27","1,011.08","20.06M","-1.71%"
"14-03-2023","1,033.12","1,034.96","1,046.28","1,029.99","14.79M","-0.37%"
"13-03-2023","1,037.00","1,057.20","1,064.01","1,032.69","11.79M","-1.64%"
"10-03-2023","1,054.34","1,062.88","1,064.01","1,050.87","12.31M","-1.55%"
"09-03-2023","1,070.93","1,096.69","1,097.10","1,069.05","14.99M","-2.40%"
"08-03-2023","1,097.31","1,093.38","1,098.06","1,082.62","14.57M","0.36%"
"06-03-2023","1,093.38","1,089.43","1,100.60","1,089.43","9.39M","0.98%"
"03-03-2023","1,082.80","1,066.35","1,086.46","1,062.90","13.52M","2.55%"
"02-03-2023","1,055.86","1,060.83","1,067.48","1,053.84","8.61M","-0.76%"
"01-03-2023","1,063.97","1,064.01","1,064.69","1,054.59","10.66M","0.92%"
"28-02-2023","1,054.27","1,069.50","1,074.45","1,050.23","20.30M","-1.91%"
"27-02-2023","1,074.84","1,081.26","1,084.73","1,067.51","10.34M","-0.66%"
"24-02-2023","1,082.03","1,076.72","1,087.68","1,074.91","8.71M","0.68%"
"23-02-2023","1,074.68","1,079.44","1,087.05","1,071.89","9.09M","-0.48%"
"22-02-2023","1,079.85","1,101.21","1,103.05","1,078.11","10.18M","-2.27%"
"21-02-2023","1,104.91","1,100.33","1,110.67","1,095.04","12.29M","0.82%"
"20-02-2023","1,095.97","1,109.86","1,112.01","1,094.02","8.16M","-1.06%"
"17-02-2023","1,107.68","1,098.51","1,110.99","1,094.24","10.90M","0.42%"
"16-02-2023","1,103.07","1,111.88","1,118.39","1,100.80","15.94M","-0.08%"
"15-02-2023","1,103.93","1,078.54","1,106.32","1,077.17","30.92M","2.26%"
"14-02-2023","1,079.49","1,057.63","1,081.21","1,054.77","13.22M","2.36%"
"13-02-2023","1,054.64","1,062.29","1,066.73","1,050.19","9.56M","-0.57%"
"10-02-2023","1,060.67","1,068.96","1,068.96","1,053.71","9.96M","-0.82%"
"09-02-2023","1,069.48","1,068.30","1,076.20","1,059.47","12.16M","0.17%"
"08-02-2023","1,067.62","1,049.94","1,071.23","1,047.22","19.53M","2.00%"
"07-02-2023","1,046.72","1,049.48","1,056.48","1,040.86","13.97M","-0.24%"
"06-02-2023","1,049.24","1,050.85","1,053.57","1,046.67","13.70M","-0.75%"
"03-02-2023","1,057.20","1,066.28","1,066.28","1,040.86","22.80M","0.09%"
"02-02-2023","1,056.27","1,052.21","1,065.83","1,049.03","12.61M","-0.55%"
"01-02-2023","1,062.15","1,080.33","1,080.33","1,046.31","17.86M","-0.59%"
"31-01-2023","1,068.48","1,081.26","1,083.82","1,062.65","20.94M","-0.25%"
"30-01-2023","1,071.16","1,058.43","1,076.68","1,044.49","20.10M","0.96%"
"27-01-2023","1,060.99","1,082.35","1,083.69","1,049.33","23.84M","-1.90%"
"25-01-2023","1,081.51","1,095.08","1,096.10","1,080.35","11.43M","-1.38%"
"24-01-2023","1,096.67","1,107.59","1,109.24","1,083.69","15.22M","-0.59%"
"23-01-2023","1,103.18","1,111.67","1,119.48","1,100.78","10.11M","-0.51%"
"20-01-2023","1,108.79","1,123.48","1,123.48","1,106.34","13.78M","-1.19%"
"19-01-2023","1,122.14","1,122.52","1,126.27","1,115.15","11.02M","-0.11%"
"18-01-2023","1,123.34","1,122.79","1,130.78","1,116.83","12.41M","-0.17%"
"17-01-2023","1,125.20","1,115.76","1,127.11","1,112.40","9.92M","1.42%"
"16-01-2023","1,109.45","1,122.43","1,125.59","1,101.69","12.57M","-0.95%"
"13-01-2023","1,120.12","1,115.94","1,122.52","1,105.14","19.03M","-0.16%"
"12-01-2023","1,121.93","1,146.10","1,149.58","1,118.94","16.33M","-2.16%"
"11-01-2023","1,146.69","1,158.66","1,161.15","1,144.40","10.62M","-1.26%"
"10-01-2023","1,161.33","1,182.94","1,182.94","1,155.70","7.43M","-1.48%"
"09-01-2023","1,178.76","1,155.39","1,181.12","1,154.50","9.90M","2.36%"
"06-01-2023","1,151.57","1,146.92","1,156.59","1,143.13","5.86M","0.91%"
"05-01-2023","1,141.20","1,145.49","1,151.35","1,136.64","12.59M","-0.18%"
"04-01-2023","1,143.24","1,160.70","1,162.54","1,141.18","8.55M","-1.51%"
"03-01-2023","1,160.72","1,164.35","1,167.96","1,156.52","7.07M","-0.73%"
"02-01-2023","1,169.28","1,157.52","1,170.68","1,156.70","4.91M","1.13%"
"30-12-2022","1,156.25","1,155.30","1,169.78","1,153.48","6.73M","0.15%"
"29-12-2022","1,154.48","1,147.08","1,157.02","1,146.40","6.40M","-0.05%"
"28-12-2022","1,155.00","1,152.07","1,157.43","1,144.58","6.89M","-0.01%"
"27-12-2022","1,155.11","1,148.44","1,156.98","1,141.75","5.32M","0.82%"
"26-12-2022","1,145.74","1,141.52","1,153.89","1,131.37","5.53M","0.87%"
"23-12-2022","1,135.82","1,163.56","1,175.90","1,131.31","9.47M","-2.93%"
"22-12-2022","1,170.14","1,179.31","1,182.33","1,165.12","6.88M","-0.26%"
"21-12-2022","1,173.18","1,189.75","1,195.20","1,169.37","7.87M","-1.42%"
"20-12-2022","1,190.11","1,172.91","1,192.02","1,164.78","6.89M","0.87%"
"19-12-2022","1,179.90","1,171.59","1,182.03","1,165.10","7.13M","1.31%"
"16-12-2022","1,164.60","1,167.05","1,188.75","1,161.22","14.62M","-0.49%"
"15-12-2022","1,170.39","1,181.35","1,187.03","1,167.05","8.02M","-1.42%"
"14-12-2022","1,187.25","1,197.31","1,197.90","1,185.21","6.71M","-0.36%"
"13-12-2022","1,191.56","1,186.16","1,195.20","1,183.26","7.69M","0.46%"
"12-12-2022","1,186.16","1,173.63","1,190.66","1,173.41","8.75M","0.15%"
"09-12-2022","1,184.35","1,201.10","1,207.45","1,181.06","11.68M","-1.52%"
"08-12-2022","1,202.57","1,207.45","1,209.72","1,198.42","7.16M","-0.05%"
"07-12-2022","1,203.14","1,218.80","1,223.34","1,199.35","7.81M","-1.48%"
"06-12-2022","1,221.16","1,209.77","1,224.25","1,207.91","7.93M","0.29%"
"05-12-2022","1,217.64","1,231.06","1,233.21","1,215.62","13.69M","-1.46%"
"02-12-2022","1,235.66","1,239.23","1,247.40","1,225.88","10.70M","-0.04%"
"01-12-2022","1,236.19","1,244.58","1,250.58","1,232.87","8.76M","-0.29%"
"30-11-2022","1,239.84","1,231.28","1,246.24","1,224.79","24.15M","0.71%"
"29-11-2022","1,231.15","1,227.40","1,239.98","1,222.89","10.21M","0.17%"
"28-11-2022","1,229.04","1,184.26","1,235.16","1,135.73","29.10M","3.44%"
"25-11-2022","1,188.21","1,175.22","1,191.52","1,172.09","6.78M","1.49%"
"24-11-2022","1,170.73","1,164.78","1,177.49","1,156.70","8.67M","0.86%"
"23-11-2022","1,160.72","1,168.87","1,170.18","1,158.54","5.92M","-0.31%"
"22-11-2022","1,164.35","1,155.25","1,165.92","1,151.39","6.10M","0.55%"
"21-11-2022","1,157.93","1,174.77","1,174.77","1,154.39","5.90M","-1.80%"
"18-11-2022","1,179.15","1,183.28","1,184.30","1,167.10","4.89M","-0.05%"
"17-11-2022","1,179.79","1,173.39","1,186.12","1,171.14","6.15M","0.26%"
"16-11-2022","1,176.74","1,184.76","1,187.46","1,171.75","8.97M","-0.57%"
"15-11-2022","1,183.53","1,190.34","1,192.20","1,175.68","6.54M","-0.45%"
"14-11-2022","1,188.86","1,194.18","1,199.28","1,182.55","8.35M","-0.48%"
"11-11-2022","1,194.65","1,180.22","1,196.56","1,174.77","11.36M","2.31%"
"10-11-2022","1,167.73","1,175.68","1,178.65","1,163.42","5.51M","-1.21%"
"09-11-2022","1,182.03","1,184.89","1,190.18","1,175.70","10.39M","-0.10%"
"07-11-2022","1,183.21","1,176.13","1,184.89","1,168.41","10.88M","0.53%"
"04-11-2022","1,176.93","1,159.29","1,180.22","1,158.02","11.61M","1.47%"
"03-11-2022","1,159.86","1,148.37","1,161.86","1,146.19","6.18M","0.37%"
"02-11-2022","1,155.55","1,149.49","1,157.61","1,141.63","8.29M","0.62%"
"01-11-2022","1,148.37","1,180.22","1,180.22","1,138.46","12.89M","-0.77%"
"31-10-2022","1,157.34","1,153.43","1,162.49","1,149.44","11.46M","0.93%"
"28-10-2022","1,146.69","1,118.94","1,150.71","1,116.42","16.25M","3.06%"
"27-10-2022","1,112.65","1,115.76","1,120.50","1,104.32","11.55M","0.39%"
"25-10-2022","1,108.29","1,134.37","1,134.37","1,106.68","11.29M","-1.54%"
"24-10-2022","1,125.68","1,116.67","1,135.96","1,114.53","3.11M","0.33%"
"21-10-2022","1,121.93","1,138.32","1,142.45","1,119.84","7.61M","-1.16%"
"20-10-2022","1,135.10","1,128.01","1,143.45","1,128.01","8.05M","0.27%"
"19-10-2022","1,132.05","1,114.17","1,147.47","1,108.36","17.77M","1.74%"
"18-10-2022","1,112.69","1,099.42","1,118.03","1,098.58","11.46M","1.76%"
"17-10-2022","1,093.40","1,069.00","1,095.79","1,063.83","15.44M","1.61%"
"14-10-2022","1,076.13","1,096.24","1,096.85","1,075.40","8.40M","-0.51%"
"13-10-2022","1,081.62","1,076.45","1,086.71","1,071.32","6.76M","0.32%"
"12-10-2022","1,078.20","1,067.64","1,081.12","1,063.60","6.85M","0.74%"
"11-10-2022","1,070.32","1,095.79","1,095.79","1,067.23","8.51M","-1.99%"
"10-10-2022","1,092.06","1,091.70","1,097.42","1,083.98","5.84M","-1.09%"
"07-10-2022","1,104.12","1,096.08","1,109.36","1,096.08","7.12M","0.42%"
"06-10-2022","1,099.46","1,102.59","1,112.13","1,097.67","12.32M","0.37%"
"04-10-2022","1,095.42","1,088.43","1,097.60","1,084.96","8.26M","1.84%"
"03-10-2022","1,075.59","1,085.57","1,097.12","1,072.64","10.94M","-0.35%"
"30-09-2022","1,079.33","1,049.03","1,090.34","1,049.03","17.18M","2.26%"
"29-09-2022","1,055.52","1,071.27","1,074.68","1,049.94","13.54M","-0.31%"
"28-09-2022","1,058.77","1,071.43","1,079.44","1,056.34","15.69M","-2.66%"
"27-09-2022","1,087.73","1,086.71","1,101.23","1,071.32","14.91M","0.80%"
"26-09-2022","1,079.15","1,086.73","1,097.51","1,078.15","11.52M","-2.55%"
"23-09-2022","1,107.36","1,128.01","1,132.99","1,105.82","8.79M","-1.87%"
"22-09-2022","1,128.51","1,128.47","1,136.19","1,122.16","9.51M","-0.94%"
"21-09-2022","1,139.25","1,133.35","1,149.80","1,132.55","8.50M","0.28%"
"20-09-2022","1,136.12","1,145.01","1,151.94","1,132.42","7.76M","0.02%"
"19-09-2022","1,135.94","1,134.46","1,145.13","1,126.36","7.00M","0.13%"
"16-09-2022","1,134.46","1,154.68","1,158.88","1,130.74","18.66M","-2.48%"
"15-09-2022","1,163.29","1,172.50","1,181.83","1,160.58","9.57M","-0.99%"
"14-09-2022","1,174.93","1,168.87","1,184.76","1,167.85","8.01M","-1.20%"
"13-09-2022","1,189.18","1,188.39","1,193.70","1,180.67","8.20M","0.84%"
"12-09-2022","1,179.33","1,166.85","1,185.66","1,166.85","6.86M","1.12%"
"09-09-2022","1,166.28","1,184.76","1,184.76","1,163.88","7.67M","-0.62%"
"08-09-2022","1,173.59","1,174.88","1,179.31","1,167.05","6.51M","0.14%"
"07-09-2022","1,171.93","1,168.87","1,177.90","1,166.60","6.91M","-0.58%"
"06-09-2022","1,178.79","1,167.96","1,182.94","1,167.51","10.06M","1.05%"
"05-09-2022","1,166.51","1,148.90","1,171.82","1,148.90","10.46M","1.55%"
"02-09-2022","1,148.67","1,162.24","1,169.03","1,146.49","12.00M","-1.17%"
"01-09-2022","1,162.24","1,172.34","1,182.46","1,157.84","18.38M","-2.94%"
"30-08-2022","1,197.44","1,186.57","1,200.76","1,169.59","21.36M","1.55%"
"29-08-2022","1,179.15","1,173.41","1,205.18","1,170.25","18.31M","-0.78%"
"26-08-2022","1,188.39","1,195.20","1,202.91","1,183.39","9.91M","-0.53%"
"25-08-2022","1,194.77","1,202.44","1,208.77","1,190.48","7.27M","-0.29%"
"24-08-2022","1,198.26","1,198.42","1,211.99","1,196.26","9.57M","-0.27%"
"23-08-2022","1,201.46","1,177.49","1,204.37","1,176.29","8.93M","1.54%"
"22-08-2022","1,183.21","1,187.93","1,194.42","1,173.86","8.74M","-0.28%"
"19-08-2022","1,186.50","1,202.91","1,208.22","1,182.46","8.73M","-1.78%"
"18-08-2022","1,208.04","1,207.45","1,211.54","1,198.46","6.84M","-0.14%"
"17-08-2022","1,209.79","1,209.72","1,215.12","1,205.43","6.09M","0.52%"
"16-08-2022","1,203.50","1,201.19","1,206.23","1,192.61","6.10M","0.69%"
"12-08-2022","1,195.20","1,175.81","1,198.99","1,172.14","11.68M","1.62%"
"11-08-2022","1,176.18","1,181.62","1,184.71","1,171.23","7.57M","0.33%"
"10-08-2022","1,172.27","1,169.73","1,175.63","1,160.72","9.90M","0.60%"
"08-08-2022","1,165.31","1,148.90","1,172.75","1,148.90","9.38M","1.31%"
"05-08-2022","1,150.26","1,169.32","1,170.59","1,147.06","12.87M","-1.47%"
"04-08-2022","1,167.46","1,184.76","1,188.27","1,150.71","13.35M","-1.32%"
"03-08-2022","1,183.10","1,180.22","1,184.76","1,165.44","13.15M","0.84%"
"02-08-2022","1,173.25","1,167.73","1,183.76","1,162.76","12.85M","0.38%"
"01-08-2022","1,168.80","1,143.52","1,174.66","1,138.27","14.49M","2.61%"
"29-07-2022","1,139.11","1,123.34","1,142.59","1,118.48","13.97M","2.13%"
"28-07-2022","1,115.35","1,105.77","1,120.28","1,098.96","11.53M","1.57%"
"27-07-2022","1,098.15","1,098.49","1,101.69","1,090.34","7.99M","-0.09%"
"26-07-2022","1,099.19","1,099.01","1,109.36","1,094.58","10.43M","0.05%"
"25-07-2022","1,098.69","1,120.05","1,120.05","1,090.79","21.33M","-3.30%"
"22-07-2022","1,136.23","1,134.82","1,142.22","1,132.55","10.13M","0.68%"
"21-07-2022","1,128.60","1,132.10","1,134.82","1,119.98","15.25M","-0.67%"
"20-07-2022","1,136.19","1,152.98","1,154.12","1,128.58","22.08M","2.70%"
"19-07-2022","1,106.27","1,089.57","1,110.77","1,089.57","15.17M","0.61%"
"18-07-2022","1,099.53","1,098.96","1,100.78","1,085.94","13.99M","0.85%"
"15-07-2022","1,090.25","1,096.24","1,096.24","1,081.76","8.86M","0.19%"
"14-07-2022","1,088.14","1,083.98","1,104.84","1,078.97","15.66M","0.82%"
"13-07-2022","1,079.24","1,101.82","1,104.86","1,077.17","13.13M","-1.77%"
"12-07-2022","1,098.71","1,091.25","1,107.45","1,091.25","9.95M","-0.14%"
"11-07-2022","1,100.28","1,078.76","1,102.50","1,075.81","12.78M","1.36%"
"08-07-2022","1,085.53","1,097.60","1,097.60","1,081.51","17.55M","0.14%"
"07-07-2022","1,084.03","1,101.19","1,104.52","1,078.08","21.51M","-0.98%"
"06-07-2022","1,094.81","1,098.55","1,108.47","1,083.98","22.10M","-0.88%"
"05-07-2022","1,104.52","1,099.87","1,118.89","1,097.19","16.29M","0.81%"
"04-07-2022","1,095.65","1,079.88","1,108.50","1,074.04","38.63M","0.21%"
"01-07-2022","1,093.38","1,168.82","1,176.59","1,073.54","75.68M","-7.20%"
"30-06-2022","1,178.24","1,171.14","1,187.43","1,164.78","21.33M","0.60%"
"29-06-2022","1,171.21","1,138.09","1,178.85","1,135.28","17.73M","2.08%"
"28-06-2022","1,147.40","1,126.70","1,150.23","1,126.70","12.53M","1.41%"
"27-06-2022","1,131.49","1,155.23","1,155.23","1,126.45","14.28M","-0.30%"
"24-06-2022","1,134.85","1,125.75","1,139.82","1,120.30","13.14M","1.42%"
"23-06-2022","1,118.91","1,141.66","1,146.17","1,109.86","17.95M","-1.62%"
"22-06-2022","1,137.37","1,161.20","1,161.29","1,135.28","9.80M","-3.04%"
"21-06-2022","1,173.00","1,162.06","1,177.22","1,147.67","10.82M","1.61%"
"20-06-2022","1,154.37","1,182.49","1,187.98","1,144.40","11.14M","-1.81%"
"17-06-2022","1,175.68","1,162.06","1,191.50","1,160.29","22.57M","1.17%"
"16-06-2022","1,162.06","1,190.66","1,207.02","1,159.34","15.79M","-1.40%"
"15-06-2022","1,178.54","1,188.18","1,197.15","1,173.14","10.33M","-1.21%"
"14-06-2022","1,192.97","1,202.94","1,212.83","1,186.32","13.58M","-1.31%"
"13-06-2022","1,208.77","1,202.91","1,213.26","1,187.62","16.26M","-1.89%"
"10-06-2022","1,232.08","1,258.25","1,266.42","1,226.29","16.70M","-3.02%"
"09-06-2022","1,270.44","1,230.15","1,272.36","1,230.15","15.95M","2.74%"
"08-06-2022","1,236.53","1,258.63","1,262.38","1,233.01","11.52M","-1.76%"
"07-06-2022","1,258.63","1,257.34","1,266.96","1,249.24","11.41M","0.19%"
"06-06-2022","1,256.27","1,261.92","1,277.36","1,249.12","10.24M","-0.43%"
"03-06-2022","1,261.70","1,245.58","1,278.88","1,244.67","22.10M","2.03%"
"02-06-2022","1,236.64","1,195.65","1,240.34","1,195.65","20.42M","3.45%"
"01-06-2022","1,195.42","1,195.79","1,205.27","1,187.57","9.02M","0.03%"
"31-05-2022","1,195.04","1,199.01","1,215.99","1,187.34","65.18M","-1.21%"
"30-05-2022","1,209.63","1,187.03","1,213.81","1,177.58","12.79M","3.48%"
"27-05-2022","1,168.91","1,177.06","1,182.55","1,153.03","15.25M","-0.46%"
"26-05-2022","1,174.36","1,191.29","1,196.06","1,156.61","16.51M","-0.95%"
"25-05-2022","1,185.66","1,196.10","1,205.95","1,180.90","11.74M","-0.15%"
"24-05-2022","1,187.41","1,183.39","1,197.47","1,179.17","12.49M","0.34%"
"23-05-2022","1,183.35","1,194.52","1,204.52","1,177.04","14.08M","-0.67%"
"20-05-2022","1,191.32","1,140.50","1,200.37","1,135.73","20.12M","5.83%"
"19-05-2022","1,125.68","1,127.56","1,140.50","1,119.41","13.57M","-2.30%"
"18-05-2022","1,152.23","1,152.82","1,166.60","1,138.57","15.95M","0.36%"
"17-05-2022","1,148.06","1,105.36","1,152.94","1,103.96","15.28M","4.20%"
"16-05-2022","1,101.78","1,105.07","1,126.20","1,096.99","12.40M","0.02%"
"13-05-2022","1,101.51","1,101.23","1,124.84","1,096.40","17.82M","1.13%"
"12-05-2022","1,089.16","1,101.91","1,105.25","1,075.81","18.91M","-2.04%"
"11-05-2022","1,111.81","1,122.41","1,127.99","1,099.39","15.36M","-1.02%"
"10-05-2022","1,123.32","1,132.55","1,146.90","1,115.76","18.01M","-1.73%"
"09-05-2022","1,143.13","1,168.85","1,178.90","1,138.00","16.69M","-3.91%"
"06-05-2022","1,189.59","1,185.75","1,207.00","1,177.29","18.14M","-0.77%"
"05-05-2022","1,198.78","1,236.28","1,239.23","1,194.74","15.89M","-1.96%"
"04-05-2022","1,222.73","1,264.19","1,266.46","1,214.85","17.77M","-3.12%"
"02-05-2022","1,262.13","1,253.75","1,273.50","1,251.96","8.74M","-0.35%"
"29-04-2022","1,266.58","1,296.49","1,296.49","1,260.70","16.81M","-1.05%"
"28-04-2022","1,280.01","1,275.52","1,294.15","1,264.69","23.64M","1.49%"
"27-04-2022","1,261.18","1,250.96","1,283.71","1,250.60","17.85M","0.10%"
"26-04-2022","1,259.95","1,230.15","1,268.73","1,229.10","11.29M","2.99%"
"25-04-2022","1,223.34","1,244.86","1,252.12","1,209.11","15.75M","-2.31%"
"22-04-2022","1,252.30","1,252.35","1,271.91","1,245.67","13.89M","-0.84%"
"21-04-2022","1,262.88","1,248.71","1,266.01","1,240.14","20.04M","2.34%"
"20-04-2022","1,233.98","1,206.14","1,241.04","1,202.50","23.14M","2.94%"
"19-04-2022","1,198.74","1,161.15","1,211.08","1,158.00","24.13M","3.81%"
"18-04-2022","1,154.73","1,149.80","1,161.97","1,144.72","9.21M","-0.31%"
"13-04-2022","1,158.27","1,168.64","1,176.86","1,155.48","9.56M","-0.37%"
"12-04-2022","1,162.54","1,174.32","1,181.40","1,159.97","12.20M","-1.88%"
"11-04-2022","1,184.85","1,180.22","1,197.72","1,172.50","8.54M","-0.21%"
"08-04-2022","1,187.32","1,162.06","1,191.56","1,162.06","13.99M","1.66%"
"07-04-2022","1,167.89","1,177.99","1,182.94","1,165.24","14.30M","-1.76%"
"06-04-2022","1,188.86","1,174.36","1,195.88","1,174.36","11.31M","-0.27%"
"05-04-2022","1,192.04","1,203.41","1,211.95","1,189.61","12.14M","-1.41%"
"04-04-2022","1,209.13","1,205.39","1,214.26","1,199.12","7.32M","0.30%"
"01-04-2022","1,205.57","1,196.56","1,209.79","1,190.20","7.31M","0.80%"
"31-03-2022","1,195.99","1,209.70","1,211.86","1,193.20","12.21M","-1.43%"
"30-03-2022","1,213.33","1,198.33","1,220.16","1,187.98","14.59M","1.92%"
"29-03-2022","1,190.45","1,197.47","1,197.47","1,183.58","8.02M","0.02%"
"28-03-2022","1,190.18","1,184.76","1,193.72","1,174.09","9.13M","1.01%"
"25-03-2022","1,178.33","1,172.27","1,187.48","1,169.78","13.13M","0.67%"
"24-03-2022","1,170.53","1,139.36","1,173.02","1,139.36","12.15M","1.55%"
"23-03-2022","1,152.62","1,145.26","1,164.26","1,145.26","14.27M","0.32%"
"22-03-2022","1,148.96","1,116.71","1,150.69","1,113.76","20.82M","2.58%"
"21-03-2022","1,120.03","1,109.40","1,127.56","1,107.13","11.08M","-0.58%"
"17-03-2022","1,126.52","1,104.30","1,133.64","1,096.29","19.77M","3.26%"
"16-03-2022","1,090.95","1,081.26","1,093.02","1,079.04","10.29M","1.69%"
"15-03-2022","1,072.84","1,102.12","1,102.12","1,062.58","14.70M","-2.29%"
"14-03-2022","1,097.99","1,083.48","1,100.51","1,077.63","7.70M","0.82%"
"11-03-2022","1,089.04","1,078.56","1,094.42","1,078.56","11.31M","0.29%"
"10-03-2022","1,085.91","1,089.43","1,091.70","1,071.27","16.60M","1.62%"
"09-03-2022","1,068.60","1,014.99","1,074.45","1,014.15","18.84M","5.31%"
"08-03-2022","1,014.76","1,003.87","1,019.53","989.57","19.65M","-0.18%"
"07-03-2022","1,016.60","1,034.37","1,049.53","1,008.63","16.60M","-3.70%"
"04-03-2022","1,055.64","1,068.10","1,073.23","1,053.28","9.97M","-2.22%"
"03-03-2022","1,079.58","1,089.43","1,096.17","1,075.84","9.40M","-0.84%"
"02-03-2022","1,088.77","1,059.68","1,089.88","1,057.29","19.82M","1.65%"
"28-02-2022","1,071.07","1,018.16","1,074.61","1,018.16","19.66M","3.31%"
"25-02-2022","1,036.75","1,035.00","1,047.65","1,033.26","13.45M","1.25%"
"24-02-2022","1,023.95","1,046.31","1,062.15","1,018.35","22.93M","-4.98%"
"23-02-2022","1,077.65","1,089.93","1,092.40","1,074.91","6.75M","-0.63%"
"22-02-2022","1,084.44","1,068.05","1,087.57","1,065.44","12.46M","-0.45%"
"21-02-2022","1,089.39","1,094.88","1,106.45","1,082.44","10.25M","-1.01%"
"18-02-2022","1,100.51","1,109.59","1,115.03","1,098.58","6.25M","-0.78%"
"17-02-2022","1,109.18","1,098.55","1,114.35","1,093.97","11.86M","1.27%"
"16-02-2022","1,095.31","1,103.05","1,104.41","1,087.59","9.59M","-0.21%"
"15-02-2022","1,097.58","1,067.28","1,100.28","1,060.24","10.35M","3.40%"
"14-02-2022","1,061.54","1,062.31","1,068.98","1,049.94","9.89M","-1.59%"
"11-02-2022","1,078.72","1,077.29","1,082.39","1,064.06","14.72M","-0.20%"
"10-02-2022","1,080.83","1,087.48","1,087.48","1,073.59","11.50M","-0.10%"
"09-02-2022","1,081.94","1,076.33","1,083.62","1,070.37","10.60M","1.17%"
"08-02-2022","1,069.48","1,057.95","1,071.27","1,048.58","11.13M","1.68%"
"07-02-2022","1,051.80","1,063.10","1,069.82","1,046.31","9.89M","-0.61%"
"04-02-2022","1,058.25","1,062.65","1,066.03","1,053.62","10.21M","-0.91%"
"03-02-2022","1,067.98","1,085.80","1,090.09","1,065.46","8.84M","-1.29%"
"02-02-2022","1,081.96","1,092.61","1,092.61","1,078.13","9.25M","0.20%"
"01-02-2022","1,079.76","1,093.06","1,098.78","1,065.42","12.18M","-0.33%"
"31-01-2022","1,083.35","1,071.36","1,092.34","1,069.55","11.21M","2.17%"
"28-01-2022","1,060.31","1,073.54","1,078.49","1,056.93","13.54M","-0.10%"
"27-01-2022","1,061.33","1,060.38","1,069.50","1,049.05","18.48M","-1.48%"
"25-01-2022","1,077.29","1,066.53","1,084.28","1,046.31","22.62M","-0.20%"
"24-01-2022","1,079.40","1,123.48","1,136.98","1,069.05","20.19M","-4.03%"
"21-01-2022","1,124.77","1,113.04","1,135.85","1,113.04","12.31M","0.02%"
"20-01-2022","1,124.59","1,134.85","1,139.34","1,114.40","15.22M","-1.75%"
"19-01-2022","1,144.63","1,148.44","1,153.89","1,138.91","9.00M","-0.01%"
"18-01-2022","1,144.72","1,159.68","1,163.13","1,141.97","5.74M","-1.19%"
"17-01-2022","1,158.54","1,152.07","1,164.33","1,151.62","7.42M","0.52%"
"14-01-2022","1,152.53","1,150.71","1,165.37","1,146.56","18.40M","0.15%"
"13-01-2022","1,150.85","1,144.47","1,153.43","1,138.64","10.94M","0.56%"
"12-01-2022","1,144.40","1,121.80","1,146.15","1,118.94","13.66M","2.67%"
"11-01-2022","1,114.65","1,105.77","1,123.45","1,105.32","14.96M","0.72%"
"10-01-2022","1,106.68","1,113.04","1,115.30","1,096.72","8.53M","0.08%"
"07-01-2022","1,105.77","1,103.48","1,115.78","1,094.67","12.10M","0.81%"
"06-01-2022","1,096.92","1,112.67","1,113.94","1,093.52","13.33M","-2.15%"
"05-01-2022","1,121.02","1,117.57","1,124.38","1,104.39","10.75M","0.47%"
"04-01-2022","1,115.80","1,096.65","1,117.12","1,091.25","10.01M","2.26%"
"03-01-2022","1,091.18","1,073.54","1,093.04","1,072.89","5.00M","1.51%"
"31-12-2021","1,074.97","1,077.17","1,082.12","1,071.27","8.75M","0.38%"
"30-12-2021","1,070.87","1,089.43","1,091.68","1,064.74","27.07M","-1.81%"
"29-12-2021","1,090.57","1,085.35","1,098.06","1,081.31","14.24M","0.17%"
"28-12-2021","1,088.70","1,078.35","1,091.63","1,077.20","5.88M","1.19%"
"27-12-2021","1,075.93","1,071.98","1,079.44","1,065.87","3.71M","-0.11%"
"24-12-2021","1,077.08","1,075.81","1,085.80","1,061.08","7.28M","0.32%"
"23-12-2021","1,073.66","1,077.63","1,080.35","1,070.39","8.37M","-0.04%"
"22-12-2021","1,074.04","1,055.34","1,076.68","1,054.02","16.30M","2.37%"
"21-12-2021","1,049.14","1,049.19","1,064.92","1,040.50","11.85M","1.49%"
"20-12-2021","1,033.76","1,052.14","1,052.14","1,020.02","13.22M","-2.70%"
"17-12-2021","1,062.40","1,088.55","1,093.06","1,053.12","19.43M","-2.64%"
"16-12-2021","1,091.20","1,092.02","1,096.47","1,075.20","9.01M","1.29%"
"15-12-2021","1,077.27","1,082.17","1,091.70","1,071.77","8.65M","-0.29%"
"14-12-2021","1,080.42","1,080.35","1,092.15","1,077.36","11.99M","-1.22%"
"13-12-2021","1,093.81","1,122.79","1,123.07","1,091.25","11.91M","-2.01%"
"10-12-2021","1,116.19","1,107.70","1,119.39","1,103.21","7.72M","0.10%"
"09-12-2021","1,115.06","1,105.32","1,123.43","1,100.78","12.20M","1.59%"
"08-12-2021","1,097.65","1,100.37","1,103.87","1,092.29","8.07M","1.52%"
"07-12-2021","1,081.19","1,078.60","1,091.25","1,071.27","10.37M","0.81%"
"06-12-2021","1,072.45","1,096.69","1,100.78","1,069.98","9.54M","-1.90%"
"03-12-2021","1,093.18","1,134.10","1,134.14","1,089.43","17.74M","-3.00%"
"02-12-2021","1,127.04","1,121.07","1,133.10","1,117.39","11.74M","0.64%"
"01-12-2021","1,119.84","1,104.41","1,123.02","1,100.82","9.33M","2.56%"
"30-11-2021","1,091.88","1,120.30","1,123.88","1,084.37","29.70M","-1.48%"
"29-11-2021","1,108.27","1,107.18","1,134.82","1,089.02","22.45M","1.20%"
"26-11-2021","1,095.15","1,120.21","1,124.66","1,090.11","14.55M","-3.22%"
"25-11-2021","1,131.62","1,077.17","1,135.73","1,069.98","39.14M","6.02%"
"24-11-2021","1,067.37","1,080.35","1,093.92","1,063.81","15.53M","-1.44%"
"23-11-2021","1,083.01","1,059.04","1,090.00","1,048.12","23.38M","0.93%"
"22-11-2021","1,072.98","1,105.82","1,111.67","1,067.19","22.27M","-4.43%"
"18-11-2021","1,122.70","1,116.67","1,129.83","1,112.15","7.85M","0.38%"
"17-11-2021","1,118.48","1,134.35","1,134.35","1,117.12","9.42M","-2.14%"
"16-11-2021","1,142.95","1,167.53","1,168.87","1,132.55","10.46M","-2.32%"
"15-11-2021","1,170.14","1,180.22","1,181.22","1,166.60","4.43M","-0.59%"
"12-11-2021","1,177.08","1,163.38","1,179.65","1,160.70","8.04M","1.51%"
"11-11-2021","1,159.59","1,153.00","1,166.83","1,150.96","9.90M","0.18%"
"10-11-2021","1,157.47","1,142.40","1,161.15","1,136.48","9.46M","1.12%"
"09-11-2021","1,144.67","1,137.09","1,147.94","1,128.95","14.47M","0.79%"
"08-11-2021","1,135.71","1,143.63","1,143.90","1,115.03","18.77M","0.12%"
"04-11-2021","1,134.30","1,131.62","1,137.05","1,130.28","1.57M","0.61%"
"03-11-2021","1,127.38","1,137.57","1,143.90","1,117.12","11.07M","-0.69%"
"02-11-2021","1,135.19","1,155.25","1,156.61","1,132.67","9.76M","-1.46%"
"01-11-2021","1,151.98","1,151.28","1,160.24","1,132.15","14.29M","0.06%"
"29-10-2021","1,151.28","1,178.47","1,178.47","1,135.60","13.14M","-2.40%"
"28-10-2021","1,179.58","1,189.30","1,197.44","1,175.90","9.12M","-1.10%"
"27-10-2021","1,192.65","1,203.82","1,215.08","1,189.27","9.13M","-1.26%"
"26-10-2021","1,207.93","1,187.98","1,211.49","1,181.65","9.00M","2.28%"
"25-10-2021","1,181.03","1,216.53","1,216.53","1,166.60","15.87M","-0.97%"
"22-10-2021","1,192.65","1,189.30","1,209.68","1,185.44","10.18M","0.19%"
"21-10-2021","1,190.43","1,238.05","1,238.32","1,181.67","19.23M","-2.88%"
"20-10-2021","1,225.79","1,245.02","1,245.02","1,221.75","11.73M","-1.15%"
"19-10-2021","1,240.07","1,236.41","1,248.92","1,229.24","8.15M","0.90%"
"18-10-2021","1,229.06","1,211.36","1,246.04","1,208.50","12.55M","0.27%"
"14-10-2021","1,225.79","1,225.77","1,233.53","1,219.80","7.96M","0.20%"
"13-10-2021","1,223.32","1,216.08","1,234.46","1,211.67","9.19M","1.02%"
"12-10-2021","1,210.99","1,200.64","1,217.89","1,198.94","6.17M","0.57%"
"11-10-2021","1,204.12","1,226.25","1,234.69","1,200.80","13.63M","-0.70%"
"08-10-2021","1,212.56","1,173.52","1,218.53","1,171.82","14.56M","3.84%"
"07-10-2021","1,167.69","1,177.95","1,179.65","1,165.55","5.85M","0.49%"
"06-10-2021","1,161.99","1,189.27","1,189.27","1,158.02","9.47M","-1.89%"
"05-10-2021","1,184.39","1,159.84","1,185.66","1,156.32","12.49M","2.08%"
"04-10-2021","1,160.31","1,158.88","1,168.80","1,151.64","10.08M","1.29%"
"01-10-2021","1,145.58","1,135.71","1,152.89","1,132.55","8.27M","0.18%"
"30-09-2021","1,143.56","1,146.17","1,150.53","1,134.98","12.54M","-0.34%"
"29-09-2021","1,147.47","1,166.60","1,166.60","1,143.93","8.97M","-0.79%"
"28-09-2021","1,156.64","1,150.26","1,164.28","1,140.63","16.65M","0.94%"
"27-09-2021","1,145.92","1,128.92","1,148.40","1,123.61","14.19M","1.68%"
"24-09-2021","1,126.97","1,136.44","1,137.30","1,122.11","14.02M","-0.29%"
"23-09-2021","1,130.24","1,110.95","1,133.46","1,110.08","14.54M","2.44%"
"22-09-2021","1,103.28","1,093.06","1,108.50","1,088.64","10.15M","1.07%"
"21-09-2021","1,091.56","1,091.70","1,096.97","1,082.17","9.15M","0.43%"
"20-09-2021","1,086.87","1,076.77","1,097.76","1,075.81","10.87M","0.16%"
"17-09-2021","1,085.14","1,110.31","1,114.78","1,078.35","32.20M","-1.55%"
"16-09-2021","1,102.23","1,081.06","1,106.11","1,074.45","12.41M","2.10%"
"15-09-2021","1,079.58","1,075.13","1,087.50","1,075.13","8.37M","0.42%"
"14-09-2021","1,075.11","1,078.08","1,086.71","1,074.00","8.22M","-0.13%"
"13-09-2021","1,076.52","1,104.41","1,104.41","1,074.93","15.06M","-2.23%"
"09-09-2021","1,101.05","1,102.10","1,106.61","1,096.74","8.27M","-0.24%"
"08-09-2021","1,103.66","1,113.04","1,113.94","1,092.45","13.20M","-0.39%"
"07-09-2021","1,108.00","1,103.05","1,115.76","1,094.88","16.01M","0.63%"
"06-09-2021","1,101.05","1,095.33","1,125.75","1,094.88","31.05M","1.55%"
"03-09-2021","1,084.21","1,048.58","1,087.16","1,045.17","28.30M","4.10%"
"02-09-2021","1,041.50","1,023.61","1,047.58","1,023.61","9.19M","1.20%"
"01-09-2021","1,029.10","1,031.78","1,040.81","1,027.24","10.29M","0.40%"
"31-08-2021","1,025.04","1,033.55","1,036.66","1,017.82","24.45M","-0.53%"
"30-08-2021","1,030.53","1,021.34","1,033.08","1,015.35","12.95M","1.92%"
"27-08-2021","1,011.08","1,015.44","1,018.05","1,005.93","9.67M","-0.14%"
"26-08-2021","1,012.47","1,002.28","1,019.03","1,000.91","17.16M","1.26%"
"25-08-2021","999.83","992.02","1,007.72","989.61","12.35M","0.87%"
"24-08-2021","991.25","982.78","995.01","978.49","10.95M","0.99%"
"23-08-2021","981.55","986.84","986.84","967.91","9.10M","0.66%"
"20-08-2021","975.15","972.77","985.93","970.05","8.70M","-1.12%"
"18-08-2021","986.23","986.84","992.65","977.13","9.30M","0.39%"
"17-08-2021","982.42","984.50","991.93","974.97","11.68M","-0.43%"
"16-08-2021","986.62","975.65","1,000.01","966.03","20.25M","1.30%"
"13-08-2021","973.97","961.10","975.90","957.31","11.80M","1.66%"
"12-08-2021","958.02","964.55","965.14","955.52","7.51M","-0.32%"
"11-08-2021","961.10","951.87","962.33","945.72","8.48M","1.40%"
"10-08-2021","947.83","945.08","959.15","941.34","11.00M","0.52%"
"09-08-2021","942.88","944.63","948.62","938.05","6.92M","-0.57%"
"06-08-2021","948.28","966.85","974.56","943.61","15.34M","-2.12%"
"05-08-2021","968.80","959.74","978.13","955.18","19.62M","1.45%"
"04-08-2021","954.95","950.71","959.61","947.35","12.16M","0.77%"
"03-08-2021","947.69","948.71","949.17","937.00","10.91M","0.74%"
"02-08-2021","940.77","932.51","943.90","926.54","10.08M","1.83%"
"30-07-2021","923.88","934.19","938.70","921.98","10.48M","-0.87%"
"29-07-2021","932.03","932.37","941.63","927.56","12.71M","0.78%"
"28-07-2021","924.81","934.19","934.19","915.24","11.90M","-0.86%"
"27-07-2021","932.83","942.72","945.85","926.92","9.99M","-1.05%"
"26-07-2021","942.74","956.88","962.78","940.13","11.44M","-1.37%"
"23-07-2021","955.84","968.89","968.89","954.18","9.17M","-0.71%"
"22-07-2021","962.65","961.88","964.10","952.41","7.36M","1.28%"
"20-07-2021","950.44","953.02","956.88","945.99","6.22M","-0.25%"
"19-07-2021","952.78","953.25","964.15","949.73","7.71M","-0.64%"
"16-07-2021","958.88","947.69","959.95","947.62","8.15M","1.44%"
"15-07-2021","945.24","950.98","950.98","943.49","8.72M","-0.18%"
"14-07-2021","946.90","953.41","956.36","944.74","7.88M","-0.65%"
"13-07-2021","953.12","953.25","954.64","947.83","6.20M","0.75%"
"12-07-2021","946.03","944.06","953.93","941.68","7.92M","0.62%"
"09-07-2021","940.18","947.80","949.48","937.86","8.34M","-1.02%"
"08-07-2021","949.89","960.95","960.95","944.63","10.32M","-0.83%"
"07-07-2021","957.81","965.85","965.85","952.34","9.65M","-0.69%"
"06-07-2021","964.51","973.66","975.45","962.42","9.29M","-1.18%"
"05-07-2021","976.04","969.80","977.56","967.55","10.80M","0.99%"
"02-07-2021","966.44","951.89","968.19","950.05","13.00M","1.48%"
"01-07-2021","952.32","961.42","963.76","950.98","11.57M","-0.60%"
"30-06-2021","958.09","951.55","963.53","949.19","18.24M","1.10%"
"29-06-2021","947.71","948.49","957.34","946.03","25.05M","0.09%"
"28-06-2021","946.90","963.24","965.28","944.63","18.72M","-0.88%"
"25-06-2021","955.27","977.54","977.54","944.67","51.09M","-2.28%"
"24-06-2021","977.54","1,001.75","1,005.27","971.41","84.42M","-2.35%"
"23-06-2021","1,001.07","1,021.34","1,021.61","999.42","15.37M","-0.92%"
"22-06-2021","1,010.33","1,023.16","1,026.33","1,007.43","11.88M","-0.51%"
"21-06-2021","1,015.55","1,000.23","1,020.21","998.71","11.25M","0.52%"
"18-06-2021","1,010.29","1,010.22","1,014.53","991.54","27.11M","0.45%"
"17-06-2021","1,005.75","998.64","1,014.53","989.52","14.53M","0.18%"
"16-06-2021","1,003.91","1,019.03","1,020.00","1,001.30","9.97M","-1.71%"
"15-06-2021","1,021.34","1,026.33","1,032.64","1,016.94","14.01M","0.23%"
"14-06-2021","1,019.03","1,005.45","1,025.09","996.40","18.77M","1.44%"
"11-06-2021","1,004.61","990.88","1,011.35","989.61","12.70M","1.38%"
"10-06-2021","990.93","995.65","1,012.26","988.45","13.07M","0.37%"
"09-06-2021","987.30","1,007.27","1,008.18","979.56","10.53M","-1.79%"
"08-06-2021","1,005.27","1,010.72","1,010.97","997.81","8.93M","-0.57%"
"07-06-2021","1,011.08","999.55","1,017.71","991.84","15.08M","1.68%"
"04-06-2021","994.33","1,005.36","1,006.11","991.50","13.35M","-0.87%"
"03-06-2021","1,003.03","1,008.18","1,021.34","996.87","22.13M","0.38%"
"02-06-2021","999.21","979.13","1,002.96","979.13","22.73M","1.49%"
"01-06-2021","984.53","983.21","999.55","974.36","25.86M","0.40%"
"31-05-2021","980.62","954.16","994.88","946.47","54.57M","3.13%"
"28-05-2021","950.89","903.32","955.52","903.32","52.12M","6.01%"
"27-05-2021","897.01","894.38","904.68","890.72","24.75M","0.31%"
"26-05-2021","894.26","896.51","898.55","892.11","6.90M","0.35%"
"25-05-2021","891.13","906.22","906.50","889.70","13.64M","-1.13%"
"24-05-2021","901.35","911.49","912.31","899.69","7.89M","-0.84%"
"21-05-2021","909.02","904.23","912.22","901.50","9.96M","0.86%"
"20-05-2021","901.23","906.91","912.81","899.23","10.54M","-0.58%"
"19-05-2021","906.52","898.78","915.33","895.15","15.06M","0.46%"
"18-05-2021","902.39","899.23","909.04","895.38","11.14M","1.41%"
"17-05-2021","889.86","879.40","891.27","876.27","10.96M","1.19%"
"14-05-2021","879.40","875.20","881.53","865.19","12.27M","1.26%"
"12-05-2021","868.44","876.13","877.40","865.64","12.16M","-1.03%"
"11-05-2021","877.51","869.27","879.97","867.01","12.44M","0.36%"
"10-05-2021","874.36","880.17","883.71","871.98","12.87M","-0.29%"
"07-05-2021","876.88","879.60","887.73","874.27","11.34M","0.04%"
"06-05-2021","876.54","872.38","878.35","865.46","13.50M","0.57%"
"05-05-2021","871.59","873.07","879.94","866.12","11.44M","0.18%"
"04-05-2021","870.00","885.16","893.24","867.46","20.17M","-2.17%"
"03-05-2021","889.27","892.43","898.33","882.03","21.82M","-1.78%"
"30-04-2021","905.36","911.72","924.20","902.21","18.30M","-1.46%"
"29-04-2021","918.78","918.25","928.06","911.17","16.07M","1.34%"
"28-04-2021","906.63","906.88","911.49","898.85","15.80M","0.43%"
"27-04-2021","902.71","880.62","906.59","879.83","18.45M","2.62%"
"26-04-2021","879.65","871.54","890.61","867.69","19.24M","1.76%"
"23-04-2021","864.44","865.19","871.05","860.36","10.92M","-0.11%"
"22-04-2021","865.37","858.95","869.03","851.89","13.38M","0.28%"
"20-04-2021","862.99","867.23","871.09","858.13","15.88M","-0.03%"
"19-04-2021","863.24","864.28","869.91","857.93","17.06M","-1.57%"
"16-04-2021","877.04","879.08","885.12","874.47","14.45M","-0.63%"
"15-04-2021","882.58","874.40","890.16","868.37","18.20M","0.65%"
"13-04-2021","876.90","873.36","880.90","870.57","17.92M","1.08%"
"12-04-2021","867.53","889.25","890.34","862.58","19.29M","-3.58%"
"09-04-2021","899.71","907.16","910.74","898.78","12.96M","-1.16%"
"08-04-2021","910.29","912.85","917.85","904.68","14.19M","0.13%"
"07-04-2021","909.15","907.86","929.15","904.82","22.40M","0.93%"
"06-04-2021","900.73","909.67","910.11","893.79","12.93M","-0.42%"
"05-04-2021","904.50","919.18","919.21","890.66","13.73M","-1.45%"
"01-04-2021","917.78","916.03","921.48","909.29","10.82M","0.94%"
"31-03-2021","909.27","916.03","930.51","907.41","15.00M","-1.29%"
"30-03-2021","921.16","911.49","930.06","904.02","18.87M","1.74%"
"26-03-2021","905.43","913.31","914.08","895.92","18.63M","0.16%"
"25-03-2021","903.98","932.37","932.37","901.05","20.31M","-2.73%"
"24-03-2021","929.33","944.06","944.06","926.20","15.53M","-1.93%"
"23-03-2021","947.58","935.98","957.66","933.28","16.08M","1.22%"
"22-03-2021","936.18","940.09","941.45","922.93","17.14M","-0.94%"
"19-03-2021","945.08","903.77","951.37","900.05","38.57M","3.63%"
"18-03-2021","911.99","940.95","946.35","908.31","19.06M","-2.25%"
"17-03-2021","932.98","952.37","954.61","923.79","17.73M","-2.15%"
"16-03-2021","953.52","959.61","965.05","951.21","12.81M","-0.39%"
"15-03-2021","957.29","971.43","975.45","944.40","15.41M","-1.34%"
"12-03-2021","970.32","996.38","1,001.55","964.10","15.57M","-2.03%"
"10-03-2021","990.45","1,001.82","1,005.50","985.14","10.63M","-0.42%"
"09-03-2021","994.58","998.64","1,004.91","974.41","13.99M","0.00%"
"08-03-2021","994.60","984.35","1,013.13","984.12","18.00M","0.57%"
"05-03-2021","988.98","978.67","1,004.07","977.33","23.55M","0.13%"
"04-03-2021","987.68","989.57","994.08","979.44","19.79M","-1.19%"
"03-03-2021","999.60","962.81","1,007.68","956.52","29.47M","4.56%"
"02-03-2021","955.98","963.24","966.87","948.30","15.83M","0.21%"
"01-03-2021","954.02","957.88","958.70","936.23","16.32M","0.76%"
"26-02-2021","946.81","960.97","968.64","939.95","34.60M","-2.73%"
"25-02-2021","973.38","942.36","976.86","941.00","32.17M","4.04%"
"24-02-2021","935.55","921.48","937.48","919.73","9.98M","1.86%"
"23-02-2021","918.50","929.65","931.87","914.03","23.67M","0.76%"
"22-02-2021","911.54","944.17","948.67","905.57","21.97M","-3.47%"
"19-02-2021","944.31","933.73","955.50","932.05","21.60M","0.61%"
"18-02-2021","938.59","946.44","957.06","934.69","17.21M","-0.75%"
"17-02-2021","945.65","935.09","951.41","930.83","21.91M","1.15%"
"16-02-2021","934.87","925.90","943.90","923.75","19.77M","1.32%"
"15-02-2021","922.66","929.67","935.68","919.21","14.58M","-0.44%"
"12-02-2021","926.74","933.05","943.27","914.85","28.15M","-0.69%"
"11-02-2021","933.14","898.78","937.00","895.26","39.26M","4.12%"
"10-02-2021","896.19","886.86","900.94","874.86","19.60M","0.93%"
"09-02-2021","887.95","890.59","903.14","886.21","18.09M","0.24%"
"08-02-2021","885.82","877.47","893.79","875.65","19.55M","1.44%"
"05-02-2021","873.25","876.11","882.73","871.54","18.69M","-0.03%"
"04-02-2021","873.50","873.36","880.62","864.74","23.65M","-0.33%"
"03-02-2021","876.38","875.31","886.07","862.47","27.97M","0.25%"
"02-02-2021","874.18","868.93","880.62","842.02","38.28M","1.61%"
"01-02-2021","860.33","844.04","864.74","838.86","31.55M","2.90%"
"29-01-2021","836.12","859.88","868.41","830.69","40.35M","-1.84%"
"28-01-2021","851.82","853.46","873.04","848.85","31.44M","-0.97%"
"27-01-2021","860.20","873.81","873.81","857.02","39.11M","-2.37%"
"25-01-2021","881.08","923.72","923.72","876.99","50.03M","-5.30%"
"22-01-2021","930.37","958.25","960.22","923.81","28.18M","-2.37%"
"21-01-2021","952.98","945.08","962.33","941.90","36.08M","2.18%"
"20-01-2021","932.69","917.57","934.19","908.49","28.54M","1.90%"
"19-01-2021","915.30","905.43","921.93","905.43","29.54M","1.64%"
"18-01-2021","900.57","884.75","906.50","873.07","32.40M","2.40%"
"15-01-2021","879.47","889.97","895.97","871.57","19.01M","-1.18%"
"14-01-2021","889.97","882.89","892.83","880.19","19.89M","1.12%"
"13-01-2021","880.08","891.31","896.49","870.84","24.57M","-0.93%"
"12-01-2021","888.36","863.83","889.70","862.42","37.99M","3.15%"
"11-01-2021","861.22","880.08","880.08","859.06","30.74M","-1.88%"
"08-01-2021","877.76","870.64","879.90","867.96","25.42M","1.18%"
"07-01-2021","867.53","871.77","882.89","864.80","29.84M","-0.16%"
"06-01-2021","868.93","892.38","892.43","864.80","42.83M","-2.64%"
"05-01-2021","892.47","893.79","900.41","887.89","22.27M","-1.24%"
"04-01-2021","903.71","905.63","907.36","893.33","22.63M","0.17%"
"01-01-2021","902.18","902.41","906.50","899.69","9.24M","0.11%"
"31-12-2020","901.19","904.91","913.26","898.14","17.34M","-0.51%"
"30-12-2020","905.82","905.70","911.13","896.76","20.35M","0.27%"
"29-12-2020","903.34","911.94","913.44","899.94","17.18M","-0.66%"
"28-12-2020","909.36","910.90","916.03","905.73","15.90M","0.46%"
"24-12-2020","905.20","883.80","907.31","883.30","19.18M","2.59%"
"23-12-2020","882.37","876.08","885.82","871.84","18.00M","0.37%"
"22-12-2020","879.13","884.71","889.20","857.22","25.97M","-0.15%"
"21-12-2020","880.49","912.40","917.85","842.15","40.74M","-2.60%"
"18-12-2020","904.02","898.83","910.08","891.97","17.04M","0.30%"
"17-12-2020","901.32","900.82","910.13","897.49","18.69M","0.46%"
"16-12-2020","897.21","902.41","905.57","892.29","17.13M","0.11%"
"15-12-2020","896.22","903.18","903.18","890.20","17.12M","-0.85%"
"14-12-2020","903.91","911.47","914.67","901.66","15.98M","-0.72%"
"11-12-2020","910.49","913.76","925.11","896.17","24.87M","-0.06%"
"10-12-2020","911.04","917.66","920.80","908.31","14.83M","-0.98%"
"09-12-2020","920.09","912.38","923.20","907.52","26.93M","1.67%"
"08-12-2020","905.02","890.22","914.33","885.16","40.06M","1.82%"
"07-12-2020","888.88","880.90","891.97","880.90","16.84M","0.59%"
"04-12-2020","883.69","893.79","893.79","880.62","17.04M","-0.88%"
"03-12-2020","891.54","895.15","899.28","889.09","25.65M","0.30%"
"02-12-2020","888.86","889.02","890.61","878.35","20.48M","0.17%"
"01-12-2020","887.39","880.78","892.54","876.11","18.23M","1.30%"
"27-11-2020","875.99","880.85","887.93","872.18","43.69M","-1.17%"
"26-11-2020","886.34","886.55","891.97","876.11","23.85M","0.25%"
"25-11-2020","884.16","898.78","904.66","881.62","30.12M","-0.83%"
"24-11-2020","891.54","891.52","896.06","876.99","28.55M","0.68%"
"23-11-2020","885.48","885.62","894.24","874.38","41.84M","2.70%"
"20-11-2020","862.24","896.51","900.51","860.20","53.05M","-3.73%"
"19-11-2020","895.67","902.05","912.60","893.42","25.66M","-0.71%"
"18-11-2020","902.05","904.79","910.81","889.75","28.06M","-0.30%"
"17-11-2020","904.79","946.44","946.44","901.05","42.96M","-0.45%"
"14-11-2020","908.90","914.62","914.80","905.75","4.82M","0.30%"
"13-11-2020","906.22","899.69","924.50","899.57","41.89M","0.83%"
"12-11-2020","898.78","899.23","911.69","891.97","36.96M","-0.86%"
"11-11-2020","906.59","948.26","950.98","897.92","52.36M","-4.19%"
"10-11-2020","946.24","942.81","948.71","926.56","34.09M","1.65%"
"09-11-2020","930.87","936.05","939.18","924.20","33.08M","1.06%"
"06-11-2020","921.09","903.32","926.02","897.94","61.54M","3.79%"
"05-11-2020","887.43","887.41","890.13","876.99","34.34M","2.18%"
"04-11-2020","868.46","833.87","875.63","833.87","74.01M","3.39%"
"03-11-2020","839.95","857.93","866.55","833.01","81.86M","-1.44%"
"02-11-2020","852.23","920.12","920.12","843.92","91.72M","-8.62%"
"30-10-2020","932.60","923.07","937.41","917.75","31.40M","1.36%"
"29-10-2020","920.07","906.50","926.92","903.77","28.30M","0.77%"
"28-10-2020","913.06","926.83","934.05","911.22","27.62M","-1.13%"
"27-10-2020","923.52","923.70","935.03","910.13","33.67M","0.27%"
"26-10-2020","921.07","954.14","954.14","916.26","34.45M","-3.97%"
"23-10-2020","959.18","955.98","969.14","951.62","21.62M","0.29%"
"22-10-2020","956.41","965.69","968.00","949.17","28.43M","-0.83%"
"21-10-2020","964.42","984.12","995.01","952.23","31.46M","-1.45%"
"20-10-2020","978.63","989.11","995.47","976.97","17.06M","-0.93%"
"19-10-2020","987.84","994.13","1,011.67","978.29","28.80M","0.02%"
"16-10-2020","987.66","1,005.45","1,013.40","986.23","19.92M","-1.39%"
"15-10-2020","1,001.60","1,039.50","1,039.50","996.38","18.49M","-3.54%"
"14-10-2020","1,038.36","1,034.46","1,045.85","1,029.74","24.68M","0.30%"
"13-10-2020","1,035.28","1,012.54","1,037.57","1,010.38","21.33M","1.95%"
"12-10-2020","1,015.46","1,014.53","1,023.95","1,010.56","13.13M","0.16%"
"09-10-2020","1,013.83","1,014.53","1,022.70","1,006.41","17.12M","-0.26%"
"08-10-2020","1,016.46","1,025.43","1,029.51","1,008.68","19.46M","-0.81%"
"07-10-2020","1,024.75","1,014.53","1,048.12","1,007.72","49.08M","2.13%"
"06-10-2020","1,003.34","1,010.11","1,014.03","999.39","16.99M","-0.08%"
"05-10-2020","1,004.18","1,018.62","1,020.96","1,001.37","17.47M","-0.59%"
"01-10-2020","1,010.11","1,027.61","1,027.61","1,005.00","19.18M","-0.41%"
"30-09-2020","1,014.24","1,025.88","1,029.06","1,009.99","22.58M","-0.48%"
"29-09-2020","1,019.09","1,009.99","1,027.70","1,006.02","23.85M","1.30%"
"28-09-2020","1,006.02","1,010.90","1,015.89","1,001.85","18.15M","0.66%"
"25-09-2020","999.42","993.65","1,004.46","983.80","26.19M","0.94%"
"24-09-2020","990.11","1,002.23","1,010.45","987.77","27.53M","-2.22%"
"23-09-2020","1,012.63","1,025.88","1,033.48","1,001.05","39.68M","0.89%"
"22-09-2020","1,003.71","1,033.60","1,033.60","999.35","32.11M","-1.98%"
"21-09-2020","1,024.00","1,044.04","1,060.38","1,020.14","31.04M","-2.16%"
"18-09-2020","1,046.63","1,050.51","1,052.87","1,033.39","30.53M","0.30%"
"17-09-2020","1,043.47","1,053.12","1,059.34","1,040.34","23.84M","-1.11%"
"16-09-2020","1,055.18","1,053.12","1,075.52","1,048.83","31.34M","0.25%"
"15-09-2020","1,052.59","1,049.46","1,055.73","1,038.66","25.09M","0.71%"
"14-09-2020","1,045.20","1,055.39","1,071.27","1,035.87","40.67M","-0.74%"
"11-09-2020","1,053.00","1,049.49","1,061.22","1,038.18","54.89M","0.25%"
"10-09-2020","1,050.39","990.97","1,064.44","987.46","129.50M","7.06%"
"09-09-2020","981.10","946.44","984.03","944.83","51.05M","2.58%"
"08-09-2020","956.47","949.62","962.78","944.40","25.29M","1.17%"
"07-09-2020","945.38","945.99","955.86","927.95","20.24M","0.26%"
"04-09-2020","942.93","945.78","951.87","940.63","26.28M","-1.65%"
"03-09-2020","958.74","965.96","970.84","954.61","17.16M","-0.76%"
"02-09-2020","966.05","949.62","970.50","946.44","24.87M","1.96%"
"01-09-2020","947.46","953.25","963.42","936.18","35.64M","0.31%"
"31-08-2020","944.49","986.84","986.84","935.25","57.30M","-1.68%"
"28-08-2020","960.58","962.33","968.19","956.09","25.08M","0.26%"
"27-08-2020","958.06","975.04","975.95","954.73","25.92M","-1.25%"
"26-08-2020","970.18","946.44","975.02","929.19","55.26M","2.65%"
"25-08-2020","945.13","955.98","958.38","943.27","17.90M","-0.65%"
"24-08-2020","951.32","949.35","955.29","939.86","30.20M","0.67%"
"21-08-2020","945.01","961.42","963.24","942.81","23.33M","-0.72%"
"20-08-2020","951.91","962.33","964.10","947.80","20.80M","-1.62%"
"19-08-2020","967.57","971.86","977.76","962.94","31.46M","0.61%"
"18-08-2020","961.67","946.44","968.82","945.24","28.20M","1.30%"
"17-08-2020","949.33","955.52","955.52","939.68","28.59M","-1.06%"
"14-08-2020","959.52","963.49","979.13","948.37","30.67M","-0.39%"
"13-08-2020","963.26","965.96","970.91","957.79","22.92M","-0.26%"
"12-08-2020","965.78","962.78","973.68","956.34","27.94M","-0.29%"
"11-08-2020","968.59","969.05","980.49","953.41","43.22M","0.66%"
"10-08-2020","962.26","980.08","982.76","956.93","24.88M","-1.24%"
"07-08-2020","974.34","966.78","979.49","962.42","30.44M","0.58%"
"06-08-2020","968.73","979.13","983.98","956.79","45.53M","0.36%"
"05-08-2020","965.26","984.57","996.83","961.56","68.81M","-1.12%"
"04-08-2020","976.22","917.21","983.67","907.97","84.95M","7.05%"
"03-08-2020","911.94","931.15","933.73","909.27","43.12M","-2.81%"
"31-07-2020","938.32","959.83","966.42","931.83","69.19M","-1.98%"
"30-07-2020","957.27","952.80","971.27","940.54","67.25M","0.58%"
"29-07-2020","951.73","988.61","990.84","939.84","67.07M","-3.72%"
"28-07-2020","988.52","978.76","995.92","976.24","50.87M","1.00%"
"27-07-2020","978.76","989.02","998.10","965.92","74.12M","0.47%"
"24-07-2020","974.20","934.19","981.85","934.10","111.31M","4.29%"
"23-07-2020","934.10","909.65","944.04","903.93","53.84M","2.69%"
"22-07-2020","909.67","900.14","912.40","890.02","55.17M","1.65%"
"21-07-2020","894.94","880.17","897.42","879.03","38.93M","2.69%"
"20-07-2020","871.50","870.55","876.99","862.31","33.78M","0.43%"
"17-07-2020","867.78","837.50","871.54","834.32","45.90M","3.71%"
"16-07-2020","836.77","838.41","848.39","822.72","56.27M","-0.03%"
"15-07-2020","837.05","879.69","898.24","816.17","128.92M","-3.81%"
"14-07-2020","870.18","877.90","881.39","856.70","62.15M","-0.93%"
"13-07-2020","878.35","863.99","884.12","862.47","64.25M","3.03%"
"10-07-2020","852.50","830.01","855.48","828.08","40.39M","2.95%"
"09-07-2020","828.08","821.16","832.96","810.83","33.61M","1.46%"
"08-07-2020","816.17","827.99","832.94","812.53","24.19M","-1.40%"
"07-07-2020","827.72","844.31","846.28","819.93","32.48M","-1.53%"
"06-07-2020","840.59","819.34","843.40","813.49","43.40M","3.57%"
"03-07-2020","811.58","807.90","813.90","802.55","27.17M","1.57%"
"02-07-2020","799.07","791.20","802.37","787.59","26.57M","1.31%"
"01-07-2020","788.75","780.76","793.92","775.33","26.27M","1.97%"
"30-06-2020","773.54","788.48","790.29","769.66","27.95M","-1.11%"
"29-06-2020","782.19","784.41","789.72","778.74","23.65M","-1.06%"
"26-06-2020","790.59","784.75","795.28","779.40","28.54M","1.38%"
"25-06-2020","779.81","783.94","793.92","777.60","36.63M","-0.58%"
"24-06-2020","784.32","787.98","804.68","776.99","47.62M","0.40%"
"23-06-2020","781.17","794.38","800.62","778.99","35.04M","-1.45%"
"22-06-2020","792.63","805.00","818.98","787.57","55.56M","-0.75%"
"19-06-2020","798.64","758.06","811.99","754.43","97.66M","6.25%"
"18-06-2020","751.66","729.46","755.79","728.83","37.36M","2.51%"
"17-06-2020","733.26","730.03","742.38","727.24","38.57M","-0.14%"
"16-06-2020","734.32","745.81","748.33","719.61","47.25M","0.20%"
"15-06-2020","732.89","710.40","738.52","708.63","49.02M","1.62%"
"12-06-2020","721.20","680.89","723.11","679.53","35.58M","3.32%"
"11-06-2020","698.01","710.85","711.74","694.97","18.82M","-2.19%"
"10-06-2020","713.65","700.46","717.00","699.07","20.43M","2.28%"
"09-06-2020","697.76","708.27","718.57","695.87","23.87M","-2.06%"
"08-06-2020","712.44","734.64","734.64","710.40","29.00M","-0.77%"
"05-06-2020","717.98","724.02","734.46","714.35","30.54M","0.12%"
"04-06-2020","717.12","700.87","721.52","699.51","31.57M","2.47%"
"03-06-2020","699.80","701.32","708.13","696.03","23.43M","0.39%"
"02-06-2020","697.10","692.70","699.05","690.34","20.45M","1.01%"
"01-06-2020","690.13","671.82","698.30","669.98","36.87M","3.82%"
"29-05-2020","664.73","666.37","668.18","659.40","36.94M","-0.53%"
"28-05-2020","668.30","660.47","671.70","657.74","37.04M","1.85%"
"27-05-2020","656.18","649.57","660.01","640.95","32.92M","1.51%"
"26-05-2020","646.42","657.36","658.06","642.90","30.66M","-0.52%"
"22-05-2020","649.82","659.01","661.83","647.53","34.92M","-0.67%"
"21-05-2020","654.23","651.39","663.40","646.85","36.15M","0.53%"
"20-05-2020","650.80","640.04","656.77","632.32","51.06M","1.76%"
"19-05-2020","639.54","661.38","663.51","636.98","39.06M","-2.21%"
"18-05-2020","654.00","667.28","672.72","648.21","57.96M","-1.28%"
"15-05-2020","662.46","655.47","665.78","642.36","57.37M","1.63%"
"14-05-2020","651.82","666.82","679.40","649.14","45.47M","-4.04%"
"13-05-2020","679.28","693.15","693.15","660.01","61.32M","2.12%"
"12-05-2020","665.17","703.64","705.24","658.76","92.93M","-6.19%"
"11-05-2020","709.04","710.47","726.21","707.01","61.92M","0.96%"
"08-05-2020","702.29","694.74","710.43","691.18","77.78M","3.64%"
"07-05-2020","677.63","654.27","680.64","649.77","46.18M","3.16%"
"06-05-2020","656.85","658.31","667.73","649.99","37.37M","0.01%"
"05-05-2020","656.81","653.68","665.06","650.76","41.45M","1.77%"
"04-05-2020","645.36","647.52","658.76","637.38","49.34M","-2.10%"
"30-04-2020","659.21","653.79","672.23","646.64","65.85M","2.74%"
"29-04-2020","641.65","649.72","653.66","638.53","34.61M","-0.08%"
"28-04-2020","642.19","652.02","654.47","626.00","72.41M","-0.11%"
"27-04-2020","642.91","644.82","663.26","639.88","53.98M","0.90%"
"24-04-2020","637.18","607.12","672.23","605.79","124.59M","3.36%"
"23-04-2020","616.45","614.85","623.17","608.53","60.42M","0.53%"
"22-04-2020","613.17","593.56","622.74","584.57","131.70M","10.20%"
"21-04-2020","556.40","544.10","562.98","523.41","56.65M","-0.52%"
"20-04-2020","559.30","551.29","565.23","540.50","33.26M","1.62%"
"17-04-2020","550.39","546.80","553.09","536.30","30.71M","4.79%"
"16-04-2020","525.23","517.05","533.96","514.87","34.57M","1.58%"
"15-04-2020","517.05","538.27","555.79","513.97","32.60M","-3.30%"
"13-04-2020","534.72","541.38","546.35","530.61","21.85M","-2.52%"
"09-04-2020","548.57","545.90","554.35","536.45","30.49M","2.33%"
"08-04-2020","536.07","530.61","552.64","521.61","46.04M","-1.16%"
"07-04-2020","542.34","495.58","545.90","494.63","50.19M","11.94%"
"03-04-2020","484.49","510.12","510.12","474.98","38.18M","-0.28%"
"01-04-2020","485.84","504.64","505.70","469.99","38.39M","-2.99%"
"31-03-2020","500.82","482.92","508.03","471.25","40.88M","8.08%"
"30-03-2020","463.36","467.92","483.30","458.66","27.90M","-3.30%"
"27-03-2020","479.17","492.39","497.92","470.44","38.45M","-0.06%"
"26-03-2020","479.44","492.75","502.23","468.71","42.22M","-1.48%"
"25-03-2020","486.65","433.39","517.81","433.14","67.50M","14.72%"
"24-03-2020","424.22","418.19","436.18","402.81","42.24M","6.71%"
"23-03-2020","397.53","411.98","427.18","393.75","37.54M","-13.15%"
"20-03-2020","457.74","422.46","465.36","418.19","58.48M","10.92%"
"19-03-2020","412.66","413.74","434.83","401.19","56.68M","-5.24%"
"18-03-2020","435.50","461.04","465.81","432.13","41.29M","-3.92%"
"17-03-2020","453.26","470.91","476.65","451.11","41.95M","-0.76%"
"16-03-2020","456.73","476.89","485.51","451.92","35.52M","-8.11%"
"13-03-2020","497.02","448.77","512.62","423.77","67.65M","3.98%"
"12-03-2020","478.00","487.89","495.08","471.57","51.66M","-7.85%"
"11-03-2020","518.71","498.23","529.91","498.23","54.99M","3.53%"
"09-03-2020","501.00","557.61","558.04","492.39","81.40M","-12.34%"
"06-03-2020","571.53","571.08","579.24","558.08","31.14M","-3.06%"
"05-03-2020","589.58","608.04","610.63","587.27","28.16M","-2.13%"
"04-03-2020","602.42","607.95","608.76","588.12","20.40M","-0.24%"
"03-03-2020","603.84","597.92","608.80","594.46","25.29M","2.03%"
"02-03-2020","591.83","609.34","615.59","585.06","27.23M","-0.94%"
"28-02-2020","597.45","609.25","610.20","595.81","36.29M","-4.15%"
"27-02-2020","623.35","624.14","626.75","615.59","23.13M","-0.41%"
"26-02-2020","625.94","634.03","635.09","623.85","27.10M","-1.72%"
"25-02-2020","636.91","652.65","652.65","634.03","25.61M","-1.98%"
"24-02-2020","649.75","660.90","664.16","647.32","19.72M","-2.76%"
"20-02-2020","668.18","673.15","678.10","667.22","15.59M","-1.19%"
"19-02-2020","676.21","665.22","677.40","663.30","13.00M","2.48%"
"18-02-2020","659.84","663.66","663.66","655.34","10.27M","-0.73%"
"17-02-2020","664.72","669.55","677.27","662.94","12.14M","-0.63%"
"14-02-2020","668.92","664.27","675.15","653.41","19.59M","0.91%"
"13-02-2020","662.88","664.50","664.50","657.68","12.52M","0.26%"
"12-02-2020","661.15","654.78","663.19","654.27","12.49M","1.21%"
"11-02-2020","653.25","650.85","659.30","649.79","12.92M","1.19%"
"10-02-2020","645.54","642.12","649.99","634.23","13.98M","0.13%"
"07-02-2020","644.67","652.47","653.07","642.26","11.27M","-1.66%"
"06-02-2020","655.52","653.86","659.66","647.57","14.34M","0.64%"
"05-02-2020","651.34","645.23","653.28","643.16","17.05M","1.55%"
"04-02-2020","641.41","629.53","644.15","628.54","23.43M","2.95%"
"03-02-2020","623.01","616.00","629.51","612.92","28.35M","0.15%"
"01-02-2020","622.05","631.92","641.65","616.54","22.25M","-2.00%"
"31-01-2020","634.77","653.37","653.48","632.77","32.07M","-2.22%"
"30-01-2020","649.21","665.06","665.37","647.52","20.68M","-2.44%"
"29-01-2020","665.44","662.83","671.98","658.34","22.84M","0.55%"
"28-01-2020","661.80","678.37","679.00","658.13","22.64M","-2.31%"
"27-01-2020","677.45","681.20","685.50","676.75","12.36M","-0.99%"
"24-01-2020","684.19","686.64","690.85","682.84","13.50M","-0.35%"
"23-01-2020","686.57","690.91","693.36","683.81","10.38M","-0.42%"
"22-01-2020","689.50","694.29","695.52","688.49","9.53M","-0.03%"
"21-01-2020","689.74","687.36","695.12","684.39","17.47M","0.10%"
"20-01-2020","689.05","723.51","723.51","686.37","30.04M","-3.08%"
"17-01-2020","710.92","698.56","712.70","698.42","27.19M","2.80%"
"16-01-2020","691.54","687.54","693.99","687.09","11.86M","0.92%"
"15-01-2020","685.23","690.62","692.44","682.71","14.60M","-0.36%"
"14-01-2020","687.72","692.49","696.98","684.33","14.60M","-0.93%"
"13-01-2020","694.15","694.76","700.90","691.77","16.87M","-0.26%"
"10-01-2020","695.93","697.84","700.56","692.33","11.52M","-0.02%"
"09-01-2020","696.08","691.86","696.98","688.55","13.83M","2.30%"
"08-01-2020","680.41","681.25","689.99","679.00","14.81M","-0.75%"
"07-01-2020","685.56","683.04","690.01","680.57","15.40M","1.54%"
"06-01-2020","675.18","683.49","687.05","673.60","22.63M","-2.32%"
"03-01-2020","691.21","689.34","693.23","684.84","19.37M","0.12%"
"02-01-2020","690.37","679.90","692.91","679.90","16.35M","1.70%"
"01-01-2020","678.82","682.59","686.69","676.97","12.93M","-0.29%"
"31-12-2019","680.82","693.39","694.15","678.12","20.49M","-1.95%"
"30-12-2019","694.38","695.16","695.93","687.11","15.81M","0.12%"
"27-12-2019","693.54","686.64","695.28","684.08","16.32M","1.78%"
"26-12-2019","681.43","693.23","698.31","679.06","27.47M","-2.01%"
"24-12-2019","695.39","705.48","706.90","693.61","16.66M","-1.59%"
"23-12-2019","706.61","701.53","709.37","700.49","23.17M","-1.73%"
"20-12-2019","719.06","726.21","727.36","717.71","19.63M","-0.67%"
"19-12-2019","723.94","707.64","726.17","706.79","18.93M","2.16%"
"18-12-2019","708.61","702.83","710.47","702.38","13.61M","0.84%"
"17-12-2019","702.69","704.52","710.02","699.48","18.76M","-0.25%"
"16-12-2019","704.45","715.87","716.72","703.44","10.98M","-1.03%"
"13-12-2019","711.78","710.47","714.97","707.06","11.69M","0.94%"
"12-12-2019","705.17","706.09","707.71","699.97","9.53M","0.37%"
"11-12-2019","702.56","699.50","708.00","697.25","11.41M","0.03%"
"10-12-2019","702.36","706.90","707.60","698.85","9.39M","-0.68%"
"09-12-2019","707.15","699.75","709.30","695.41","11.67M","1.14%"
"06-12-2019","699.19","698.33","705.08","692.98","12.08M","0.26%"
"05-12-2019","697.37","707.78","710.36","694.29","18.41M","-0.12%"
"04-12-2019","698.20","707.33","709.35","689.68","19.37M","-1.66%"
"03-12-2019","709.98","716.21","716.77","707.15","11.99M","-0.48%"
"02-12-2019","713.40","719.47","725.97","709.13","28.82M","2.28%"
"29-11-2019","697.50","711.35","711.35","696.02","17.13M","-1.84%"
"28-11-2019","710.61","707.17","712.34","703.26","12.69M","0.67%"
"27-11-2019","705.91","701.46","708.45","699.73","8.90M","0.62%"
"26-11-2019","701.59","705.12","708.83","699.68","32.61M","-0.08%"
"25-11-2019","702.18","697.50","703.64","697.43","13.98M","0.97%"
"22-11-2019","695.41","693.43","705.75","691.41","20.63M","0.58%"
"21-11-2019","691.41","694.74","699.68","687.34","13.75M","-0.65%"
"20-11-2019","695.93","699.25","707.06","693.93","40.19M","2.51%"
"19-11-2019","678.88","659.66","681.20","658.76","27.85M","3.46%"
"18-11-2019","656.15","662.20","668.21","654.45","12.99M","-0.79%"
"15-11-2019","661.39","659.05","668.57","657.93","14.48M","0.55%"
"14-11-2019","657.75","663.71","666.23","654.63","13.16M","-0.65%"
"13-11-2019","662.04","643.02","663.66","643.02","23.28M","3.12%"
"11-11-2019","642.03","647.12","649.43","639.67","10.48M","-1.22%"
"08-11-2019","649.99","651.57","656.36","648.11","11.09M","-0.90%"
"07-11-2019","655.88","645.27","657.86","644.01","13.00M","1.65%"
"06-11-2019","645.23","648.73","650.42","642.35","13.50M","-0.86%"
"05-11-2019","650.80","657.91","660.54","647.97","11.71M","-0.71%"
"04-11-2019","655.46","659.17","661.46","649.81","12.98M","0.05%"
"01-11-2019","655.12","654.27","657.32","647.97","12.83M","-0.51%"
"31-10-2019","658.47","667.31","669.85","657.28","17.97M","-1.00%"
"30-10-2019","665.10","665.51","667.55","656.65","15.08M","0.82%"
"29-10-2019","659.68","649.99","665.51","648.46","23.78M","2.29%"
"27-10-2019","644.94","647.97","649.77","643.02","2.78M","0.21%"
"25-10-2019","643.56","648.02","648.17","634.59","12.50M","-0.37%"
"24-10-2019","645.92","629.98","648.15","623.49","20.90M","3.16%"
"23-10-2019","626.12","636.86","641.20","621.96","17.03M","-1.54%"
"22-10-2019","635.90","640.78","646.10","631.04","25.65M","-0.16%"
"18-10-2019","636.89","631.33","642.08","628.95","25.96M","1.42%"
"17-10-2019","627.96","618.29","629.08","616.94","14.80M","1.76%"
"16-10-2019","617.10","616.00","620.38","613.21","17.91M","0.60%"
"15-10-2019","613.41","612.67","616.04","608.98","8.93M","0.45%"
"14-10-2019","610.65","613.77","613.77","607.43","12.36M","0.40%"
"11-10-2019","608.22","613.21","614.07","601.00","15.32M","-0.74%"
"10-10-2019","612.78","595.81","615.59","594.01","32.31M","2.87%"
"09-10-2019","595.70","588.48","598.03","581.19","16.23M","1.12%"
"07-10-2019","589.11","588.21","593.92","585.33","9.29M","0.15%"
"04-10-2019","588.21","593.52","597.43","586.30","13.84M","-0.23%"
"03-10-2019","589.54","578.27","591.18","576.16","12.48M","0.47%"
"01-10-2019","586.77","601.20","603.45","581.55","16.54M","-2.05%"
"30-09-2019","599.07","589.06","600.64","587.06","23.32M","1.77%"
"27-09-2019","588.64","581.19","591.31","577.37","17.59M","0.94%"
"26-09-2019","583.13","580.97","584.03","577.15","16.94M","1.35%"
"25-09-2019","575.37","577.37","582.32","570.56","16.79M","0.07%"
"24-09-2019","574.99","559.21","584.03","558.82","32.27M","3.19%"
"23-09-2019","557.23","572.94","576.02","555.34","19.95M","-1.21%"
"20-09-2019","564.04","534.18","571.03","528.04","44.46M","6.39%"
"19-09-2019","530.18","543.13","543.96","527.30","12.71M","-2.21%"
"18-09-2019","542.16","541.83","546.93","538.34","13.78M","0.69%"
"17-09-2019","538.45","544.55","544.55","536.68","14.44M","-1.10%"
"16-09-2019","544.43","534.65","548.19","533.35","18.97M","-1.21%"
"13-09-2019","551.11","545.00","552.42","542.70","11.95M","1.26%"
"12-09-2019","544.25","555.34","557.79","542.16","10.97M","-1.95%"
"11-09-2019","555.07","549.72","557.59","549.72","11.19M","1.00%"
"09-09-2019","549.58","548.89","554.44","545.51","10.84M","-0.03%"
"06-09-2019","549.72","540.95","552.64","537.46","21.40M","1.99%"
"05-09-2019","538.97","542.66","545.54","536.59","21.22M","-0.21%"
"04-09-2019","540.12","539.85","541.96","533.33","30.41M","-0.44%"
"03-09-2019","542.48","558.60","558.94","539.60","17.29M","-3.38%"
"30-08-2019","561.43","560.06","564.06","549.04","22.83M","0.55%"
"29-08-2019","558.37","564.98","566.69","555.47","17.44M","-1.71%"
"28-08-2019","568.06","572.76","576.02","564.80","10.71M","-0.91%"
"27-08-2019","573.26","577.82","577.82","567.12","26.21M","0.64%"
"26-08-2019","569.64","581.87","581.87","566.13","17.72M","-0.71%"
"23-08-2019","573.71","557.14","577.37","551.52","19.67M","2.33%"
"22-08-2019","560.62","571.50","571.53","557.09","12.95M","-1.90%"
"21-08-2019","571.50","573.62","574.97","569.50","9.86M","-0.39%"
"20-08-2019","573.75","579.98","581.24","572.25","13.82M","-1.29%"
"19-08-2019","581.24","576.05","583.13","575.57","15.06M","1.14%"
"16-08-2019","574.67","580.61","580.88","572.43","20.29M","-0.80%"
"14-08-2019","579.28","586.37","586.57","575.73","29.25M","1.06%"
"13-08-2019","573.21","554.51","585.83","551.29","96.76M","9.69%"
"09-08-2019","522.56","522.45","528.58","518.15","20.28M","0.85%"
"08-08-2019","518.17","498.39","520.71","492.52","28.80M","3.87%"
"07-08-2019","498.86","506.55","511.97","496.03","23.40M","-1.68%"
"06-08-2019","507.36","510.26","516.94","504.53","26.83M","-1.32%"
"05-08-2019","514.13","524.76","524.76","507.22","28.06M","-3.46%"
"02-08-2019","532.56","528.67","538.81","522.56","21.94M","0.35%"
"01-08-2019","530.72","523.14","534.29","517.27","20.89M","1.20%"
"31-07-2019","524.42","528.70","532.86","522.69","19.60M","-1.24%"
"30-07-2019","531.01","545.87","548.59","528.79","19.25M","-2.48%"
"29-07-2019","544.52","547.20","549.49","541.89","16.27M","-0.24%"
"26-07-2019","545.81","553.77","558.71","544.10","18.82M","-1.44%"
"25-07-2019","553.77","568.38","570.65","551.74","20.13M","-2.19%"
"24-07-2019","566.18","572.65","575.03","563.68","14.02M","-1.13%"
"23-07-2019","572.67","577.82","581.82","566.76","18.75M","-0.54%"
"22-07-2019","575.80","562.53","577.60","551.88","26.85M","2.52%"
"19-07-2019","561.63","570.27","572.40","558.80","15.08M","-1.02%"
"18-07-2019","567.41","576.47","578.45","565.68","11.02M","-1.56%"
"17-07-2019","576.41","582.00","583.22","575.57","8.75M","-0.86%"
"16-07-2019","581.42","575.55","582.27","574.25","9.30M","1.32%"
"15-07-2019","573.82","577.82","579.85","571.23","9.84M","-0.34%"
"12-07-2019","575.80","576.92","584.57","574.70","14.48M","-0.08%"
"11-07-2019","576.27","578.72","579.98","575.26","7.95M","0.21%"
"10-07-2019","575.06","575.60","579.78","570.49","11.09M","-0.10%"
"09-07-2019","575.62","561.61","577.15","560.06","16.19M","2.24%"
"08-07-2019","563.01","565.68","570.22","561.27","12.93M","-0.89%"
"05-07-2019","568.09","577.87","580.30","566.58","10.09M","-1.61%"
"04-07-2019","577.37","576.20","580.52","575.57","8.63M","0.11%"
"03-07-2019","576.72","576.88","578.50","573.35","8.13M","0.32%"
"02-07-2019","574.90","572.85","576.02","568.06","9.37M","0.76%"
"01-07-2019","570.56","565.70","572.27","560.49","12.44M","1.26%"
"28-06-2019","563.48","574.27","576.86","561.48","17.48M","-1.65%"
"27-06-2019","572.94","581.49","583.17","571.53","22.99M","-1.55%"
"26-06-2019","581.94","580.52","586.64","578.43","10.70M","-0.13%"
"25-06-2019","582.70","566.09","583.67","563.99","13.81M","2.65%"
"24-06-2019","567.66","572.04","573.98","565.28","10.40M","-1.34%"
"21-06-2019","575.35","582.75","582.77","573.57","21.45M","-1.33%"
"20-06-2019","583.11","575.57","584.57","574.67","9.92M","1.52%"
"19-06-2019","574.38","578.68","585.47","567.75","13.38M","-0.28%"
"18-06-2019","576.02","575.08","579.15","570.67","15.50M","-0.10%"
"17-06-2019","576.61","593.56","593.56","574.90","13.76M","-2.68%"
"14-06-2019","592.46","594.41","595.81","588.79","13.79M","-0.73%"
"13-06-2019","596.82","598.06","600.17","588.46","14.48M","-0.37%"
"12-06-2019","599.02","600.17","601.83","595.81","9.50M","0.22%"
"11-06-2019","597.68","594.39","600.08","592.66","10.61M","0.76%"
"10-06-2019","593.18","593.97","596.71","589.11","10.86M","0.32%"
"07-06-2019","591.27","596.24","596.82","587.09","13.59M","-0.94%"
"06-06-2019","596.87","612.40","612.40","594.06","15.47M","-1.80%"
"04-06-2019","607.79","610.40","617.96","606.20","14.25M","-0.63%"
"03-06-2019","611.64","600.31","614.81","594.10","17.13M","2.26%"
"31-05-2019","598.12","601.61","603.41","593.65","23.74M","0.03%"
"30-05-2019","597.94","591.87","603.45","591.87","21.69M","1.27%"
"29-05-2019","590.44","594.01","599.54","586.43","14.36M","-0.81%"
"28-05-2019","595.25","593.47","600.22","590.57","39.31M","1.00%"
"27-05-2019","589.36","601.25","601.43","587.71","14.84M","-1.96%"
"24-05-2019","601.14","606.15","608.76","591.99","20.55M","0.22%"
"23-05-2019","599.81","616.94","625.94","595.81","35.78M","-0.48%"
"22-05-2019","602.73","605.09","611.41","600.35","22.79M","0.04%"
"21-05-2019","602.46","599.05","614.69","598.08","28.01M","1.05%"
"20-05-2019","596.21","590.68","601.52","586.14","24.90M","4.61%"
"17-05-2019","569.91","569.73","574.20","562.98","15.95M","0.16%"
"16-05-2019","568.99","566.56","571.93","565.73","13.34M","0.67%"
"15-05-2019","565.19","572.43","574.67","562.35","22.54M","-0.28%"
"14-05-2019","566.78","556.01","570.78","553.77","26.25M","2.31%"
"13-05-2019","554.01","561.14","566.94","551.97","16.25M","-1.53%"
"10-05-2019","562.60","568.83","574.54","559.84","22.67M","-0.42%"
"09-05-2019","564.98","579.53","579.53","562.87","39.38M","-3.31%"
"08-05-2019","584.32","602.55","602.55","581.06","29.50M","-3.28%"
"07-05-2019","604.13","627.20","627.29","602.64","17.92M","-2.99%"
"06-05-2019","622.74","628.63","630.79","619.69","14.61M","-1.70%"
"03-05-2019","633.51","633.11","637.40","630.73","13.14M","0.27%"
"02-05-2019","631.80","625.94","635.78","621.48","17.53M","0.88%"
"30-04-2019","626.30","627.92","627.92","614.60","20.63M","0.00%"
"26-04-2019","626.30","618.29","627.71","616.36","13.91M","1.49%"
"25-04-2019","617.12","624.63","635.11","612.72","28.12M","-1.23%"
"24-04-2019","624.81","616.18","627.20","614.36","14.86M","1.88%"
"23-04-2019","613.28","606.15","617.39","605.25","18.28M","1.38%"
"22-04-2019","604.96","611.55","614.69","603.14","21.79M","-2.93%"
"18-04-2019","623.22","618.29","624.92","613.80","36.26M","3.14%"
"16-04-2019","604.24","604.80","611.55","602.55","16.02M","0.27%"
"15-04-2019","602.62","604.80","606.58","600.31","8.57M","-0.22%"
"12-04-2019","603.95","607.05","610.15","601.05","11.95M","-0.27%"
"11-04-2019","605.61","599.38","608.40","597.61","11.59M","1.16%"
"10-04-2019","598.69","601.63","606.15","596.48","15.37M","-0.23%"
"09-04-2019","600.06","597.56","602.87","594.01","19.18M","0.39%"
"08-04-2019","597.72","609.75","610.42","595.22","17.61M","-1.82%"
"05-04-2019","608.80","611.97","613.30","603.90","13.58M","0.06%"
"04-04-2019","608.42","620.09","622.20","605.81","16.91M","-1.61%"
"03-04-2019","618.38","626.27","630.88","616.94","15.85M","-1.04%"
"02-04-2019","624.90","628.63","630.93","620.59","16.18M","-0.15%"
"01-04-2019","625.87","616.04","632.59","612.69","20.39M","2.10%"
"29-03-2019","613.01","616.07","619.12","609.34","15.54M","0.24%"
"28-03-2019","611.55","607.16","615.95","603.81","21.16M","0.80%"
"27-03-2019","606.71","619.62","619.62","604.47","20.38M","-1.32%"
"26-03-2019","614.81","598.19","616.76","598.06","19.14M","3.23%"
"25-03-2019","595.56","598.33","601.14","592.08","16.05M","-1.29%"
"22-03-2019","603.34","617.17","620.95","601.07","23.15M","-2.45%"
"20-03-2019","618.49","619.55","624.14","613.35","19.97M","-0.08%"
"19-03-2019","618.99","611.55","620.54","603.95","19.80M","1.96%"
"18-03-2019","607.07","598.51","610.63","597.61","20.40M","2.15%"
"15-03-2019","594.30","604.80","611.01","589.60","32.09M","-1.48%"
"14-03-2019","603.25","606.94","612.45","600.80","21.00M","-0.43%"
"13-03-2019","605.84","601.20","611.55","597.20","22.69M","1.20%"
"12-03-2019","598.66","592.17","599.86","590.97","22.67M","2.09%"
"11-03-2019","586.41","571.10","589.96","570.18","19.62M","2.92%"
"08-03-2019","569.77","569.30","573.08","567.48","12.19M","-0.25%"
"07-03-2019","571.19","568.38","575.48","565.75","16.37M","0.43%"
"06-03-2019","568.74","557.50","572.47","555.38","24.30M","2.19%"
"05-03-2019","556.53","550.12","557.50","547.96","14.38M","0.95%"
"01-03-2019","551.31","556.24","558.64","549.61","16.00M","-0.41%"
"28-02-2019","553.56","554.78","557.52","551.54","22.79M","0.62%"
"27-02-2019","550.17","552.21","559.79","543.65","22.44M","0.27%"
"26-02-2019","548.71","543.87","555.25","542.30","20.45M","-0.98%"
"25-02-2019","554.12","555.79","558.94","548.89","15.85M","-0.01%"
"22-02-2019","554.15","559.66","559.97","551.29","17.68M","-1.17%"
"21-02-2019","560.69","555.79","565.59","552.80","21.36M","1.02%"
"20-02-2019","555.05","550.33","557.59","548.14","12.72M","1.50%"
"19-02-2019","546.84","547.69","557.45","544.64","12.61M","-0.33%"
"18-02-2019","548.64","562.08","563.21","546.35","19.48M","-1.96%"
"15-02-2019","559.59","552.98","562.04","545.90","19.38M","1.65%"
"14-02-2019","550.48","558.04","558.04","547.69","13.38M","-1.75%"
"13-02-2019","560.26","567.03","572.85","555.68","14.06M","-0.83%"
"12-02-2019","564.96","562.76","572.13","562.76","12.92M","0.25%"
"11-02-2019","563.55","573.73","573.78","562.53","15.19M","-1.91%"
"08-02-2019","574.54","577.73","584.79","572.09","13.13M","-0.98%"
"07-02-2019","580.25","589.18","594.10","578.32","18.60M","-1.52%"
"06-02-2019","589.18","582.88","592.50","581.98","19.00M","1.45%"
"05-02-2019","580.77","580.97","586.55","574.94","18.90M","0.05%"
"04-02-2019","580.48","560.73","583.20","558.51","23.56M","3.28%"
"01-02-2019","562.06","554.89","564.33","551.76","18.63M","1.86%"
"31-01-2019","551.81","540.50","552.96","540.05","20.56M","2.63%"
"30-01-2019","537.67","546.35","550.84","535.60","15.84M","-1.23%"
"29-01-2019","544.39","553.54","553.83","540.21","18.83M","-1.54%"
"28-01-2019","552.89","562.31","564.76","549.67","17.30M","-1.32%"
"25-01-2019","560.29","562.29","568.69","555.52","17.26M","-0.12%"
"24-01-2019","560.94","550.84","563.52","548.64","26.56M","1.72%"
"23-01-2019","551.43","554.57","559.48","549.49","17.83M","-0.72%"
"22-01-2019","555.41","554.37","560.71","548.41","33.42M","-0.20%"
"21-01-2019","556.55","536.90","557.56","534.50","44.49M","4.50%"
"18-01-2019","532.56","516.58","535.06","510.48","51.86M","4.40%"
"17-01-2019","510.12","514.62","516.17","508.12","15.12M","-0.13%"
"16-01-2019","510.78","510.37","514.87","508.28","12.89M","0.55%"
"15-01-2019","507.97","496.88","509.02","496.88","20.32M","3.00%"
"14-01-2019","493.19","492.39","494.86","488.52","8.30M","-0.12%"
"11-01-2019","493.76","498.05","500.84","489.51","13.05M","-0.85%"
"10-01-2019","498.01","498.12","499.58","495.98","8.24M","-0.29%"
"09-01-2019","499.47","500.03","502.28","494.05","11.64M","0.55%"
"08-01-2019","496.72","496.93","499.11","492.84","11.36M","-0.01%"
"07-01-2019","496.77","497.78","502.93","495.08","11.13M","0.55%"
"04-01-2019","494.03","493.46","496.63","486.14","17.09M","0.54%"
"03-01-2019","491.37","498.01","501.20","490.18","15.03M","-1.23%"
"02-01-2019","497.51","501.15","506.77","495.08","14.43M","-1.30%"
"01-01-2019","504.08","505.99","506.91","499.18","9.00M","-0.02%"
"31-12-2018","504.19","508.55","509.86","501.92","14.58M","-0.38%"
"28-12-2018","506.12","506.10","510.48","504.17","15.48M","0.48%"
"27-12-2018","503.72","497.87","506.77","496.43","25.19M","1.99%"
"26-12-2018","493.89","488.25","494.63","479.19","14.56M","0.85%"
"24-12-2018","489.75","495.04","496.07","488.59","8.37M","-1.00%"
"21-12-2018","494.72","505.88","508.69","492.84","16.72M","-2.50%"
"20-12-2018","507.43","504.08","509.25","501.90","11.64M","-0.73%"
"19-12-2018","511.18","513.29","515.90","509.56","14.88M","0.04%"
"18-12-2018","511.00","505.11","512.17","503.85","11.85M","0.57%"
"17-12-2018","508.08","501.81","509.47","499.80","10.22M","1.59%"
"14-12-2018","500.12","496.03","501.33","490.95","14.58M","0.47%"
"13-12-2018","497.80","507.22","507.22","492.41","18.77M","-0.31%"
"12-12-2018","499.36","494.18","500.70","489.13","25.45M","1.18%"
"11-12-2018","493.53","479.35","495.58","474.40","27.25M","0.67%"
"10-12-2018","490.25","499.13","501.06","487.03","18.94M","-3.84%"
"07-12-2018","509.83","507.88","511.25","498.39","14.56M","0.90%"
"06-12-2018","505.27","516.67","516.67","502.84","11.84M","-2.73%"
"05-12-2018","519.43","514.31","521.07","512.31","11.75M","0.25%"
"04-12-2018","518.15","520.71","520.71","513.61","10.48M","-0.36%"
"03-12-2018","520.02","528.31","528.31","516.44","11.24M","-0.95%"
"30-11-2018","525.01","527.14","533.31","522.65","21.64M","-0.08%"
"29-11-2018","525.44","522.06","530.56","521.61","25.51M","1.38%"
"28-11-2018","518.31","509.23","520.60","506.46","16.16M","2.17%"
"27-11-2018","507.31","498.19","508.12","497.08","13.75M","1.66%"
"26-11-2018","499.02","498.68","502.50","493.46","12.89M","0.63%"
"22-11-2018","495.92","501.15","506.03","494.68","11.69M","-0.90%"
"21-11-2018","500.43","511.50","515.09","497.80","15.16M","-2.15%"
"20-11-2018","511.45","514.87","519.77","508.12","11.55M","-1.10%"
"19-11-2018","517.12","509.43","517.88","508.57","14.76M","2.01%"
"16-11-2018","506.95","493.71","508.10","493.33","22.27M","2.78%"
"15-11-2018","493.22","493.26","495.98","488.56","13.79M","-0.10%"
"14-11-2018","493.71","496.90","500.32","488.11","15.72M","-0.14%"
"13-11-2018","494.39","482.94","495.98","481.17","13.75M","1.80%"
"12-11-2018","485.64","493.60","494.09","483.19","11.71M","-1.23%"
"09-11-2018","491.69","497.44","500.84","487.89","21.89M","-1.55%"
"07-11-2018","499.45","501.38","501.38","497.65","2.59M","0.60%"
"06-11-2018","496.48","491.94","500.03","490.86","17.43M","1.27%"
"05-11-2018","490.27","482.70","491.35","478.90","15.31M","1.43%"
"02-11-2018","483.35","479.79","486.09","478.06","33.91M","1.77%"
"01-11-2018","474.96","480.20","480.20","472.15","18.97M","-0.47%"
"31-10-2018","477.21","476.20","479.28","470.80","33.23M","0.40%"
"30-10-2018","475.30","488.11","488.11","473.09","17.78M","-2.83%"
"29-10-2018","489.15","470.35","491.87","470.35","15.49M","4.11%"
"26-10-2018","469.86","464.46","475.30","459.56","18.54M","1.37%"
"25-10-2018","463.52","465.86","467.95","457.04","28.46M","-1.43%"
"24-10-2018","470.24","483.35","483.82","463.79","27.57M","-0.85%"
"23-10-2018","474.26","473.39","478.76","469.30","21.35M","-0.75%"
"22-10-2018","477.84","499.13","501.29","475.46","26.58M","-3.51%"
"19-10-2018","495.22","494.63","499.58","481.26","51.32M","-4.34%"
"17-10-2018","517.70","530.16","530.31","512.62","25.81M","-1.07%"
"16-10-2018","523.32","515.32","524.94","512.62","15.10M","2.11%"
"15-10-2018","512.51","508.08","515.72","502.80","17.91M","1.17%"
"12-10-2018","506.57","496.86","507.67","495.49","18.29M","3.56%"
"11-10-2018","489.15","478.45","501.27","469.00","26.70M","-1.30%"
"10-10-2018","495.58","491.89","501.76","487.57","19.18M","1.11%"
"09-10-2018","490.16","504.37","505.11","486.18","22.19M","-1.74%"
"08-10-2018","498.86","472.15","502.28","461.16","49.83M","5.77%"
"05-10-2018","471.63","494.41","501.51","466.82","44.30M","-6.54%"
"04-10-2018","504.64","534.88","535.28","497.33","46.86M","-6.87%"
"03-10-2018","541.89","552.87","557.41","539.62","14.89M","-2.16%"
"01-10-2018","553.85","565.55","565.55","541.40","14.80M","-2.09%"
"28-09-2018","565.66","566.54","571.84","560.87","22.36M","0.34%"
"27-09-2018","563.77","564.33","567.93","556.46","21.82M","0.19%"
"26-09-2018","562.71","557.14","563.86","551.81","12.91M","1.69%"
"25-09-2018","553.36","555.56","559.84","537.35","19.61M","-0.12%"
"24-09-2018","554.01","546.10","557.54","541.62","20.40M","1.19%"
"21-09-2018","547.47","548.14","556.42","532.18","38.50M","0.56%"
"19-09-2018","544.43","550.39","550.39","540.05","22.75M","-0.53%"
"18-09-2018","547.31","551.29","557.32","546.05","15.38M","-0.71%"
"17-09-2018","551.25","562.42","562.42","549.31","13.64M","-2.17%"
"14-09-2018","563.50","566.31","573.60","561.03","15.91M","0.05%"
"12-09-2018","563.21","562.89","566.00","552.57","16.28M","1.20%"
"11-09-2018","556.55","566.13","570.36","555.00","21.96M","-1.44%"
"10-09-2018","564.71","573.33","574.22","562.13","14.25M","-1.78%"
"07-09-2018","574.94","568.78","576.18","564.11","21.59M","1.36%"
"06-09-2018","567.21","553.16","569.14","551.00","22.60M","2.80%"
"05-09-2018","551.74","558.71","563.28","543.42","20.85M","-1.20%"
"04-09-2018","558.46","555.41","564.24","552.64","17.85M","1.04%"
"03-09-2018","552.71","559.84","565.64","551.31","24.63M","-1.01%"
"31-08-2018","558.33","571.08","571.08","556.06","30.90M","-2.57%"
"30-08-2018","573.08","581.69","583.29","571.28","19.89M","-1.53%"
"29-08-2018","581.96","591.90","597.61","580.16","22.36M","-1.88%"
"28-08-2018","593.11","582.77","594.91","582.32","17.55M","2.13%"
"27-08-2018","580.75","575.30","582.70","575.01","11.25M","1.10%"
"24-08-2018","574.45","568.94","575.55","566.60","13.43M","0.63%"
"23-08-2018","570.83","560.42","572.88","556.87","16.09M","1.78%"
"21-08-2018","560.82","556.35","562.76","551.74","14.70M","1.00%"
"20-08-2018","555.29","543.15","556.15","543.04","15.36M","2.59%"
"17-08-2018","541.29","543.65","546.53","539.62","7.73M","0.25%"
"16-08-2018","539.96","541.06","546.80","537.58","12.08M","-0.81%"
"14-08-2018","544.37","535.10","547.33","532.54","10.70M","1.93%"
"13-08-2018","534.07","538.50","539.58","531.82","9.42M","-1.37%"
"10-08-2018","541.49","544.55","546.35","540.63","7.23M","-1.13%"
"09-08-2018","547.67","549.27","553.85","545.00","13.82M","0.02%"
"08-08-2018","547.56","532.86","549.72","532.86","15.97M","2.83%"
"07-08-2018","532.50","537.31","540.23","529.26","8.20M","-0.70%"
"06-08-2018","536.27","529.12","537.80","528.52","8.11M","1.33%"
"03-08-2018","529.24","528.36","532.18","525.91","13.42M","0.74%"
"02-08-2018","525.37","535.78","535.78","524.29","12.62M","-2.01%"
"01-08-2018","536.16","535.28","540.90","533.04","19.59M","0.53%"
"31-07-2018","533.31","517.57","535.28","515.84","28.01M","3.01%"
"30-07-2018","517.75","508.12","520.40","507.22","28.01M","1.91%"
"27-07-2018","508.06","503.40","511.45","500.10","13.49M","1.73%"
"26-07-2018","499.42","499.18","504.30","498.14","12.97M","-0.40%"
"25-07-2018","501.45","499.13","504.98","496.52","12.01M","0.38%"
"24-07-2018","499.56","504.53","506.66","497.96","9.02M","-0.83%"
"23-07-2018","503.76","508.03","508.03","500.52","11.80M","-0.74%"
"20-07-2018","507.52","500.66","511.95","499.98","16.19M","2.16%"
"19-07-2018","496.81","491.62","501.38","488.50","10.97M","1.13%"
"18-07-2018","491.28","493.91","496.70","484.43","9.45M","0.02%"
"17-07-2018","491.19","484.88","492.81","480.96","13.06M","1.50%"
"16-07-2018","483.93","494.54","498.64","482.52","13.32M","-2.15%"
"13-07-2018","494.54","485.87","498.68","485.64","36.28M","1.61%"
"12-07-2018","486.70","469.61","494.18","468.82","48.68M","4.19%"
"11-07-2018","467.11","460.91","468.06","457.69","17.49M","1.28%"
"10-07-2018","461.22","450.90","462.48","449.67","21.09M","2.87%"
"09-07-2018","448.36","443.87","449.67","442.25","10.44M","2.00%"
"06-07-2018","439.57","433.82","442.02","433.70","18.50M","1.35%"
"05-07-2018","433.70","448.32","453.44","431.05","37.79M","-2.59%"
"04-07-2018","445.22","436.99","446.07","436.63","10.10M","1.94%"
"03-07-2018","436.76","433.93","439.98","431.84","10.23M","1.11%"
"02-07-2018","431.95","437.23","437.23","430.33","13.45M","-1.22%"
"29-06-2018","437.28","426.78","438.65","426.73","16.08M","2.91%"
"28-06-2018","424.91","432.58","435.50","422.82","17.33M","-2.16%"
"27-06-2018","434.31","440.00","443.10","432.89","18.09M","-1.34%"
"26-06-2018","440.20","452.37","452.37","438.54","16.29M","-2.54%"
"25-06-2018","451.67","454.79","457.09","450.70","10.49M","-0.80%"
"22-06-2018","455.29","462.44","462.80","453.47","32.65M","-1.88%"
"21-06-2018","464.03","460.21","465.86","459.25","21.22M","1.25%"
"20-06-2018","458.32","447.87","459.96","447.35","14.52M","2.33%"
"19-06-2018","447.89","455.92","456.32","446.81","12.81M","-1.92%"
"18-06-2018","456.66","453.62","458.86","452.81","11.41M","0.13%"
"15-06-2018","456.05","452.37","460.23","449.33","22.80M","0.62%"
"14-06-2018","453.24","448.52","454.97","444.00","11.07M","0.54%"
"13-06-2018","450.79","449.67","452.32","444.95","11.96M","0.54%"
"12-06-2018","448.39","442.20","449.67","440.81","15.03M","1.48%"
"11-06-2018","441.87","443.87","449.64","440.25","13.86M","-0.17%"
"08-06-2018","442.63","434.54","443.62","431.95","13.19M","1.34%"
"07-06-2018","436.78","429.39","438.88","429.18","13.84M","1.78%"
"06-06-2018","429.16","425.83","429.88","423.88","8.46M","0.71%"
"05-06-2018","426.13","423.95","429.43","423.14","16.09M","0.72%"
"04-06-2018","423.07","419.72","424.49","418.44","11.31M","1.11%"
"01-06-2018","418.44","413.69","420.78","413.00","17.70M","1.00%"
"31-05-2018","414.30","414.14","414.73","411.24","34.22M","0.57%"
"30-05-2018","411.94","411.38","415.13","407.67","12.10M","-0.15%"
"29-05-2018","412.55","414.37","417.29","411.18","16.50M","-0.32%"
"28-05-2018","413.87","415.90","416.84","412.84","10.49M","-0.04%"
"25-05-2018","414.05","411.90","415.22","411.20","16.41M","0.54%"
"24-05-2018","411.83","411.00","414.14","409.26","10.74M","0.39%"
"23-05-2018","410.21","416.39","416.39","408.81","9.22M","-1.56%"
"22-05-2018","416.73","419.61","419.99","415.94","10.44M","-0.49%"
"21-05-2018","418.80","418.53","420.75","414.64","13.38M","-0.27%"
"18-05-2018","419.92","425.21","428.76","419.09","10.56M","-1.22%"
"17-05-2018","425.09","431.39","431.68","423.36","9.56M","-1.13%"
"16-05-2018","429.95","437.98","437.98","428.29","17.39M","-2.33%"
"15-05-2018","440.20","442.05","449.67","439.17","9.69M","-0.78%"
"14-05-2018","443.64","446.05","446.05","439.19","5.21M","-0.27%"
"11-05-2018","444.83","441.24","445.75","439.66","8.10M","0.83%"
"10-05-2018","441.19","440.67","442.74","438.09","8.11M","0.46%"
"09-05-2018","439.19","434.33","442.61","432.69","9.07M","0.99%"
"08-05-2018","434.87","439.55","441.57","434.02","9.96M","-0.40%"
"07-05-2018","436.63","431.16","437.64","430.04","7.09M","1.79%"
"04-05-2018","428.96","432.96","433.79","427.18","7.66M","-0.80%"
"03-05-2018","432.40","439.73","439.73","431.34","7.97M","-1.14%"
"02-05-2018","437.39","434.83","440.31","433.95","12.35M","0.98%"
"30-04-2018","433.16","441.57","446.34","431.68","17.91M","-3.31%"
"27-04-2018","448.00","445.08","454.61","443.15","23.55M","2.15%"
"26-04-2018","438.58","437.53","444.27","432.69","31.47M","0.50%"
"25-04-2018","436.40","437.82","441.48","433.28","13.00M","0.05%"
"24-04-2018","436.20","420.80","438.74","420.44","18.39M","3.64%"
"23-04-2018","420.89","418.19","424.64","417.52","7.08M","0.87%"
"20-04-2018","417.25","421.79","423.52","414.23","6.76M","-1.53%"
"19-04-2018","423.72","422.28","424.94","420.44","9.05M","0.46%"
"18-04-2018","421.79","425.05","426.37","420.46","6.79M","-0.66%"
"17-04-2018","424.60","422.69","425.92","420.89","8.86M","0.77%"
"16-04-2018","421.36","420.19","422.69","417.52","8.25M","-0.19%"
"13-04-2018","422.17","419.40","423.45","417.61","11.65M","1.09%"
"12-04-2018","417.61","418.12","421.18","415.58","9.99M","-0.23%"
"11-04-2018","418.57","414.50","419.43","411.92","12.13M","1.50%"
"10-04-2018","412.37","412.97","415.45","411.06","7.80M","0.11%"
"09-04-2018","411.90","410.34","413.24","410.34","7.21M","0.55%"
"06-04-2018","409.65","408.30","413.02","406.95","8.92M","0.31%"
"05-04-2018","408.39","406.99","409.20","406.27","7.87M","1.49%"
"04-04-2018","402.41","406.81","410.01","401.13","13.12M","-0.52%"
"03-04-2018","404.50","400.65","405.46","398.07","12.85M","0.74%"
"02-04-2018","401.53","401.55","405.13","398.63","11.53M","1.16%"
"28-03-2018","396.92","402.81","402.83","395.71","17.69M","-1.90%"
"27-03-2018","404.61","407.94","409.53","403.35","14.01M","-0.15%"
"26-03-2018","405.20","401.98","406.63","401.33","12.21M","0.81%"
"23-03-2018","401.96","400.47","404.70","399.80","21.66M","-1.57%"
"22-03-2018","408.37","402.90","410.07","402.79","20.43M","1.25%"
"21-03-2018","403.31","402.38","405.76","401.69","13.58M","0.80%"
"20-03-2018","400.11","401.69","406.50","398.88","14.02M","-0.64%"
"19-03-2018","402.68","405.15","407.80","401.10","11.66M","-0.50%"
"16-03-2018","404.72","408.75","409.06","398.43","28.44M","-1.29%"
"15-03-2018","410.01","415.94","417.94","409.20","11.73M","-1.86%"
"14-03-2018","417.76","417.65","419.11","413.33","13.59M","-0.30%"
"13-03-2018","419.02","419.04","420.89","414.30","10.29M","0.16%"
"12-03-2018","418.33","413.69","419.58","412.59","7.67M","1.89%"
"09-03-2018","410.59","411.40","413.40","409.67","9.82M","0.18%"
"08-03-2018","409.85","403.64","411.22","401.69","12.26M","2.44%"
"07-03-2018","400.09","408.86","408.86","399.33","14.63M","-2.32%"
"06-03-2018","409.58","417.74","420.98","406.99","14.79M","-1.43%"
"05-03-2018","415.54","424.04","427.25","414.41","11.38M","-2.56%"
"01-03-2018","426.46","427.07","431.64","425.36","8.27M","-0.65%"
"28-02-2018","429.23","425.36","430.38","424.13","52.29M","0.43%"
"27-02-2018","427.41","422.24","429.79","421.95","12.94M","1.26%"
"26-02-2018","422.10","422.24","424.89","421.16","7.79M","0.48%"
"23-02-2018","420.10","416.12","421.79","414.93","9.79M","1.07%"
"22-02-2018","415.65","414.59","418.64","413.69","10.33M","-0.54%"
"21-02-2018","417.90","418.19","419.31","414.66","11.00M","0.90%"
"20-02-2018","414.19","417.74","417.99","413.15","7.81M","-0.64%"
"19-02-2018","416.84","414.14","419.09","410.79","8.25M","0.62%"
"16-02-2018","414.28","422.51","423.86","412.84","8.89M","-1.53%"
"15-02-2018","420.73","421.63","425.27","417.36","12.33M","0.21%"
"14-02-2018","419.83","415.04","423.81","414.14","20.53M","1.98%"
"12-02-2018","411.67","406.05","412.88","405.62","10.96M","1.97%"
"09-02-2018","403.73","399.75","405.60","398.41","10.69M","-0.74%"
"08-02-2018","406.75","403.76","409.49","401.26","12.76M","1.14%"
"07-02-2018","402.18","405.85","407.13","400.20","14.34M","0.26%"
"06-02-2018","401.15","394.36","403.80","391.66","22.21M","-1.11%"
"05-02-2018","405.67","402.00","410.32","396.52","17.71M","-0.24%"
"02-02-2018","406.66","420.44","424.46","405.15","26.74M","-4.18%"
"01-02-2018","424.42","433.14","437.35","421.16","15.25M","-1.81%"
"31-01-2018","432.26","427.18","433.70","423.38","11.59M","1.15%"
"30-01-2018","427.36","434.29","434.29","426.73","8.48M","-1.46%"
"29-01-2018","433.70","434.47","439.46","431.37","9.13M","-0.15%"
"25-01-2018","434.33","435.23","437.08","429.95","12.62M","-0.05%"
"24-01-2018","434.54","441.46","441.46","432.87","13.19M","-1.72%"
"23-01-2018","442.14","438.43","445.60","438.43","20.79M","1.21%"
"22-01-2018","436.85","426.28","438.11","422.69","42.18M","4.32%"
"19-01-2018","418.77","415.04","420.17","414.64","9.21M","1.26%"
"18-01-2018","413.56","417.74","418.01","411.49","8.66M","-0.52%"
"17-01-2018","415.72","416.39","417.74","407.85","12.19M","0.17%"
"16-01-2018","415.02","426.15","426.15","413.69","9.99M","-2.76%"
"15-01-2018","426.80","427.18","431.01","425.03","10.26M","0.02%"
"12-01-2018","426.73","424.04","428.44","421.90","13.91M","1.20%"
"11-01-2018","421.68","423.50","423.88","420.44","7.25M","-0.49%"
"10-01-2018","423.74","424.04","426.01","420.66","10.82M","0.15%"
"09-01-2018","423.11","417.36","424.44","415.49","13.19M","1.33%"
"08-01-2018","417.54","416.44","418.64","415.27","8.15M","0.57%"
"05-01-2018","415.16","414.50","416.80","413.81","6.87M","0.32%"
"04-01-2018","413.83","412.86","414.50","411.76","8.32M","0.60%"
"03-01-2018","411.36","415.94","416.39","410.57","12.47M","0.40%"
"02-01-2018","409.71","410.55","413.49","407.58","8.77M","0.15%"
"01-01-2018","409.08","414.91","414.91","408.07","8.73M","-1.23%"
"29-12-2017","414.17","416.62","419.22","413.02","10.24M","-0.34%"
"28-12-2017","415.58","416.05","420.17","413.29","14.32M","0.05%"
"27-12-2017","415.38","419.54","421.56","413.24","8.79M","-0.65%"
"26-12-2017","418.10","415.87","422.19","412.86","10.70M","1.02%"
"22-12-2017","413.87","411.29","414.77","408.88","9.84M","0.82%"
"21-12-2017","410.52","413.00","415.47","409.20","8.37M","-0.57%"
"20-12-2017","412.86","416.35","417.02","412.34","9.64M","-0.84%"
"19-12-2017","416.37","415.31","416.84","413.69","8.21M","0.54%"
"18-12-2017","414.14","410.07","419.38","387.91","17.15M","0.14%"
"15-12-2017","413.58","418.64","419.52","412.66","22.53M","-0.19%"
"14-12-2017","414.37","413.24","415.90","408.63","10.14M","0.75%"
"13-12-2017","411.29","412.30","415.92","409.51","8.44M","-0.10%"
"12-12-2017","411.72","411.87","417.74","408.30","14.57M","-0.06%"
"11-12-2017","411.96","414.80","416.39","410.79","9.96M","-0.53%"
"08-12-2017","414.14","419.92","421.32","413.27","11.28M","-1.13%"
"07-12-2017","418.89","418.21","420.89","415.04","11.16M","0.53%"
"06-12-2017","416.68","409.20","418.33","408.66","22.22M","1.42%"
"05-12-2017","410.86","405.17","414.03","402.65","16.90M","1.34%"
"04-12-2017","405.42","410.77","410.91","403.51","9.33M","-0.93%"
"01-12-2017","409.24","415.69","418.75","408.16","10.26M","-1.24%"
"30-11-2017","414.39","423.34","423.34","413.47","19.05M","-2.59%"
"29-11-2017","425.39","423.52","427.18","423.14","7.42M","0.28%"
"28-11-2017","424.19","427.12","427.79","421.83","9.37M","-0.84%"
"27-11-2017","427.79","425.95","430.56","424.49","9.45M","0.03%"
"24-11-2017","427.68","427.18","431.46","426.01","12.91M","0.43%"
"23-11-2017","425.83","418.64","427.14","416.68","14.80M","1.74%"
"22-11-2017","418.53","421.54","422.08","415.25","10.21M","-0.19%"
"21-11-2017","419.34","416.75","422.53","416.17","12.07M","1.27%"
"20-11-2017","414.08","407.49","415.65","406.95","8.52M","0.98%"
"17-11-2017","410.05","413.22","415.90","408.52","11.28M","0.89%"
"16-11-2017","406.43","398.18","407.40","398.18","13.99M","2.28%"
"15-11-2017","397.37","397.73","400.47","394.79","14.10M","-0.34%"
"14-11-2017","398.72","393.46","402.45","392.56","11.52M","1.31%"
"13-11-2017","393.57","397.96","401.06","392.78","8.39M","-0.97%"
"10-11-2017","397.44","405.13","405.13","395.35","12.85M","-1.85%"
"09-11-2017","404.93","402.34","409.15","401.13","13.85M","1.43%"
"08-11-2017","399.21","405.82","407.40","397.55","16.39M","-2.08%"
"07-11-2017","407.71","419.70","420.44","406.07","18.87M","-2.77%"
"06-11-2017","419.31","423.81","423.81","417.74","9.01M","-1.36%"
"03-11-2017","425.07","429.86","429.86","422.75","4.43M","-0.14%"
"02-11-2017","425.65","428.44","430.11","424.60","9.49M","-0.63%"
"01-11-2017","428.33","426.17","430.69","425.27","16.22M","1.24%"
"31-10-2017","423.07","424.91","425.27","419.18","8.77M","-0.17%"
"30-10-2017","423.81","419.99","425.18","418.46","7.22M","1.36%"
"27-10-2017","418.12","427.18","430.20","416.26","10.61M","-1.85%"
"26-10-2017","426.01","422.69","430.69","418.64","15.54M","0.80%"
"25-10-2017","422.64","422.73","425.34","417.97","9.24M","0.60%"
"24-10-2017","420.10","426.15","426.15","417.38","12.79M","-0.58%"
"23-10-2017","422.57","410.50","424.80","408.79","25.34M","3.28%"
"19-10-2017","409.15","411.81","414.55","406.05","7.40M","-0.50%"
"18-10-2017","411.22","394.54","412.75","393.46","33.85M","4.59%"
"17-10-2017","393.17","394.81","397.51","389.95","12.83M","-0.28%"
"16-10-2017","394.27","395.26","401.10","387.30","29.54M","0.04%"
"13-10-2017","394.11","395.39","400.52","392.72","19.85M","0.42%"
"12-10-2017","392.45","378.66","394.27","378.66","17.21M","3.88%"
"11-10-2017","377.79","380.10","385.99","375.92","14.23M","-0.36%"
"10-10-2017","379.16","373.67","381.00","373.67","13.60M","1.51%"
"09-10-2017","373.52","377.27","377.63","372.32","8.17M","-0.76%"
"06-10-2017","376.39","370.53","377.43","369.90","12.00M","1.57%"
"05-10-2017","370.59","370.98","372.53","368.12","9.81M","0.65%"
"04-10-2017","368.21","359.37","370.95","357.76","17.45M","2.57%"
"03-10-2017","358.99","357.49","361.46","353.15","16.93M","2.23%"
"29-09-2017","351.15","356.02","356.77","350.34","15.38M","-0.70%"
"28-09-2017","353.64","359.58","361.04","350.83","27.27M","-1.59%"
"27-09-2017","359.35","371.25","371.29","357.71","17.03M","-2.55%"
"26-09-2017","368.77","369.49","371.90","365.22","9.75M","-0.18%"
"25-09-2017","369.42","366.48","372.30","362.07","13.13M","0.51%"
"22-09-2017","367.56","377.68","377.68","365.67","11.35M","-2.85%"
"21-09-2017","378.33","380.87","382.98","376.03","11.95M","-0.69%"
"20-09-2017","380.94","384.96","392.33","380.01","23.02M","1.02%"
"19-09-2017","377.09","381.63","381.65","376.37","7.12M","-0.82%"
"18-09-2017","380.22","382.22","382.69","379.11","4.67M","0.45%"
"15-09-2017","378.53","378.62","383.50","375.36","26.39M","-0.24%"
"14-09-2017","379.45","384.83","387.39","378.62","10.95M","-0.61%"
"13-09-2017","381.77","370.53","386.67","369.63","27.12M","3.07%"
"12-09-2017","370.41","369.96","370.98","367.38","6.00M","0.72%"
"11-09-2017","367.78","369.31","371.81","367.18","11.71M","0.12%"
"08-09-2017","367.33","368.73","370.19","365.17","12.23M","-0.15%"
"07-09-2017","367.87","370.08","374.35","366.48","14.96M","-0.56%"
"06-09-2017","369.94","365.67","371.54","364.86","44.99M","0.78%"
"05-09-2017","367.06","366.48","367.57","364.47","23.28M","1.19%"
"04-09-2017","362.74","363.22","367.86","358.80","19.90M","0.20%"
"01-09-2017","362.00","359.70","363.47","359.51","14.24M","0.98%"
"31-08-2017","358.50","354.11","359.16","353.89","23.17M","1.95%"
"30-08-2017","351.66","347.94","352.72","346.52","9.54M","2.08%"
"29-08-2017","344.48","351.16","352.43","344.00","14.00M","-2.19%"
"28-08-2017","352.21","355.02","355.68","351.01","11.37M","-0.10%"
"24-08-2017","352.55","357.49","358.18","351.75","11.68M","-0.89%"
"23-08-2017","355.70","351.83","356.71","349.20","7.68M","1.41%"
"22-08-2017","350.75","353.44","355.21","349.85","8.80M","-0.28%"
"21-08-2017","351.73","354.56","356.17","350.80","6.99M","-0.70%"
"18-08-2017","354.20","351.64","354.74","349.20","7.32M","0.53%"
"17-08-2017","352.34","352.76","359.21","351.00","14.61M","0.07%"
"16-08-2017","352.11","353.44","354.34","348.54","12.53M","-0.44%"
"14-08-2017","353.67","350.97","356.25","350.97","12.41M","1.73%"
"11-08-2017","347.65","348.71","355.24","344.67","15.69M","-2.41%"
"10-08-2017","356.22","358.17","361.23","354.78","9.40M","-0.90%"
"09-08-2017","359.46","360.07","364.23","356.36","9.63M","-0.24%"
"08-08-2017","360.31","363.78","364.47","356.77","10.12M","-0.85%"
"07-08-2017","363.41","366.84","366.84","362.56","8.80M","-0.36%"
"04-08-2017","364.71","373.90","373.90","363.13","17.15M","-1.70%"
"03-08-2017","371.00","365.77","374.33","363.57","18.19M","1.28%"
"02-08-2017","366.30","361.98","367.76","361.55","19.19M","1.60%"
"01-08-2017","360.54","364.85","364.85","357.82","11.36M","-0.72%"
"31-07-2017","363.15","360.17","363.96","358.83","15.29M","1.30%"
"28-07-2017","358.49","357.77","361.07","354.79","13.23M","-0.02%"
"27-07-2017","358.56","366.03","366.82","357.11","16.99M","-1.72%"
"26-07-2017","364.85","360.68","366.46","359.98","20.26M","1.29%"
"25-07-2017","360.22","365.29","365.34","359.19","18.52M","-0.81%"
"24-07-2017","363.16","359.73","365.33","356.36","40.09M","1.91%"
"21-07-2017","356.36","348.49","357.87","347.36","89.66M","3.67%"
"20-07-2017","343.75","346.19","348.49","342.58","12.58M","-0.26%"
"19-07-2017","344.66","340.08","345.79","340.08","10.88M","0.86%"
"18-07-2017","341.72","347.77","348.90","339.72","18.13M","-2.06%"
"17-07-2017","348.89","345.57","350.65","345.57","17.31M","1.17%"
"14-07-2017","344.84","341.75","345.34","340.75","18.95M","0.77%"
"13-07-2017","342.22","339.22","342.87","338.63","21.24M","0.73%"
"12-07-2017","339.75","337.12","342.87","336.69","15.79M","1.12%"
"11-07-2017","335.98","337.48","338.24","334.33","19.38M","0.10%"
"10-07-2017","335.64","344.00","348.49","334.80","3.29M","0.11%"
"07-07-2017","335.26","324.43","336.74","323.76","33.09M","3.37%"
"06-07-2017","324.33","325.72","326.01","323.31","12.54M","-0.01%"
"05-07-2017","324.36","321.39","325.44","320.16","25.11M","1.46%"
"04-07-2017","319.70","312.52","320.86","312.29","17.37M","2.96%"
"03-07-2017","310.51","312.11","313.58","308.25","8.49M","0.08%"
"30-06-2017","310.27","312.97","313.06","309.16","7.21M","-0.91%"
"29-06-2017","313.13","314.77","317.02","312.54","11.91M","-0.41%"
"28-06-2017","314.43","323.75","323.75","313.77","14.37M","-2.69%"
"27-06-2017","323.12","321.96","324.43","320.39","30.08M","0.09%"
"23-06-2017","322.83","322.86","324.21","321.65","28.75M","0.22%"
"22-06-2017","322.11","321.39","324.97","320.99","20.42M","0.75%"
"21-06-2017","319.71","316.52","321.06","315.72","18.45M","0.68%"
"20-06-2017","317.54","316.79","319.74","316.44","9.36M","0.22%"
"19-06-2017","316.85","312.56","318.32","312.56","14.06M","1.47%"
"16-06-2017","312.25","312.32","313.82","307.86","30.19M","0.35%"
"15-06-2017","311.16","305.77","313.64","305.57","26.11M","1.95%"
"14-06-2017","305.21","295.86","305.77","295.86","48.86M","3.28%"
"13-06-2017","295.51","296.92","298.35","294.76","5.56M","-0.39%"
"12-06-2017","296.66","298.25","298.97","296.11","7.78M","-1.22%"
"09-06-2017","300.31","302.42","304.19","299.25","12.77M","0.30%"
"08-06-2017","299.41","301.28","302.36","298.59","7.29M","-0.54%"
"07-06-2017","301.05","294.80","301.73","294.31","10.34M","2.00%"
"06-06-2017","295.16","299.92","299.92","294.76","8.85M","-1.24%"
"05-06-2017","298.88","298.19","301.50","295.85","10.00M","0.35%"
"02-06-2017","297.85","300.15","300.98","296.11","10.61M","-0.26%"
"01-06-2017","298.64","299.64","301.28","297.45","8.80M","-0.93%"
"31-05-2017","301.43","307.35","307.56","300.33","15.16M","-1.37%"
"30-05-2017","305.63","304.85","306.83","303.19","8.91M","0.18%"
"29-05-2017","305.08","300.60","307.00","300.29","22.17M","1.47%"
"26-05-2017","300.67","293.17","302.27","292.28","19.78M","2.68%"
"25-05-2017","292.83","292.28","295.07","291.49","23.93M","0.36%"
"24-05-2017","291.77","293.97","295.36","291.18","13.22M","-0.60%"
"23-05-2017","293.53","298.06","298.99","292.73","8.51M","-1.40%"
"22-05-2017","297.71","298.24","299.84","295.70","8.12M","0.40%"
"19-05-2017","296.52","299.70","300.31","294.53","11.83M","-0.64%"
"18-05-2017","298.43","301.33","303.53","297.70","9.04M","-1.90%"
"17-05-2017","304.22","304.20","307.11","303.02","9.09M","-0.24%"
"16-05-2017","304.94","302.64","309.57","301.50","11.68M","0.91%"
"15-05-2017","302.20","304.96","304.96","299.82","6.22M","-0.47%"
"12-05-2017","303.63","305.78","306.67","302.19","6.94M","-0.67%"
"11-05-2017","305.67","306.70","307.97","303.90","12.72M","0.03%"
"10-05-2017","305.57","300.11","306.58","299.17","21.14M","2.16%"
"09-05-2017","299.11","297.68","299.85","296.84","19.48M","0.68%"
"08-05-2017","297.10","299.03","301.16","296.41","14.83M","-0.52%"
"05-05-2017","298.64","306.13","307.43","297.90","14.40M","-2.18%"
"04-05-2017","305.31","309.15","310.18","304.44","13.26M","-0.89%"
"03-05-2017","308.04","309.57","310.44","306.90","8.77M","-0.04%"
"02-05-2017","308.15","315.22","315.22","307.19","17.16M","-1.77%"
"28-04-2017","313.69","316.96","319.33","312.74","10.94M","-1.01%"
"27-04-2017","316.90","318.59","320.20","315.26","11.60M","-0.49%"
"26-04-2017","318.47","322.64","323.77","315.35","15.47M","-1.14%"
"25-04-2017","322.14","328.26","330.00","320.64","33.93M","1.09%"
"24-04-2017","318.68","316.80","322.64","314.81","23.55M","1.06%"
"21-04-2017","315.33","310.38","319.49","309.94","27.90M","2.41%"
"20-04-2017","307.92","310.05","311.80","306.70","7.75M","0.06%"
"19-04-2017","307.75","307.80","310.84","305.22","10.68M","-0.10%"
"18-04-2017","308.07","314.76","317.02","307.35","14.78M","-1.55%"
"17-04-2017","312.93","306.90","313.77","306.90","10.93M","1.98%"
"13-04-2017","306.85","304.42","308.79","302.93","11.73M","0.80%"
"12-04-2017","304.42","310.90","311.72","303.78","25.33M","-1.34%"
"11-04-2017","308.55","312.04","314.87","308.04","29.77M","-0.65%"
"10-04-2017","310.57","317.02","320.37","309.66","28.40M","-1.80%"
"07-04-2017","316.25","319.56","322.41","315.34","29.42M","-2.22%"
"06-04-2017","323.42","316.79","325.76","315.26","46.72M","1.66%"
"05-04-2017","318.14","313.69","318.81","310.29","37.22M","2.93%"
"03-04-2017","309.07","301.73","310.38","300.61","41.43M","4.07%"
"31-03-2017","296.98","284.64","300.75","284.64","41.90M","3.96%"
"30-03-2017","285.68","282.17","286.61","281.72","25.72M","1.11%"
"29-03-2017","282.54","281.42","283.29","277.30","17.47M","0.87%"
"28-03-2017","280.09","282.84","284.19","279.27","20.04M","-0.43%"
"27-03-2017","281.29","285.79","287.51","280.41","29.95M","-2.77%"
"24-03-2017","289.30","286.46","290.48","285.19","15.03M","1.05%"
"23-03-2017","286.28","284.00","287.24","282.84","10.90M","1.08%"
"22-03-2017","283.22","281.49","284.62","280.27","18.73M","-0.32%"
"21-03-2017","284.14","288.28","288.66","283.13","20.86M","-1.33%"
"20-03-2017","287.97","293.63","293.69","287.42","11.88M","-1.53%"
"17-03-2017","292.44","294.08","296.77","291.85","20.98M","0.23%"
"16-03-2017","291.76","294.53","294.62","290.84","14.70M","-0.56%"
"15-03-2017","293.40","290.27","295.95","290.13","22.25M","1.20%"
"14-03-2017","289.92","296.50","296.56","288.97","25.63M","0.61%"
"10-03-2017","288.16","290.09","291.38","283.56","22.88M","-0.39%"
"09-03-2017","289.30","290.04","291.83","288.12","28.70M","-0.35%"
"08-03-2017","290.31","294.01","294.01","289.16","40.00M","-1.05%"
"07-03-2017","293.40","296.52","298.35","291.42","38.83M","-0.03%"
"06-03-2017","293.49","285.31","294.98","284.47","61.59M","3.72%"
"03-03-2017","282.96","279.14","289.54","279.14","77.81M","1.76%"
"02-03-2017","278.06","278.32","282.10","275.88","16.67M","0.18%"
"01-03-2017","277.56","278.82","279.78","276.55","22.51M","-0.29%"
"28-02-2017","278.36","276.99","280.59","276.21","33.33M","-0.07%"
"27-02-2017","278.55","267.66","282.57","267.63","77.00M","4.75%"
"23-02-2017","265.92","272.86","274.75","265.16","57.46M","-2.05%"
"22-02-2017","271.49","245.74","272.42","245.52","117.52M","10.97%"
"21-02-2017","244.66","241.74","245.28","241.26","13.09M","1.19%"
"20-02-2017","241.79","240.70","242.56","239.78","10.75M","-0.01%"
"17-02-2017","241.81","239.78","242.42","237.98","13.70M","0.75%"
"16-02-2017","240.01","236.65","240.45","236.65","18.14M","1.54%"
"15-02-2017","236.37","236.73","237.76","235.01","14.06M","0.14%"
"14-02-2017","236.03","232.70","236.73","231.56","16.84M","1.94%"
"13-02-2017","231.54","232.25","232.48","229.78","7.91M","-0.03%"
"10-02-2017","231.61","232.70","232.83","230.58","11.55M","-0.25%"
"09-02-2017","232.20","231.13","232.48","230.86","9.10M","0.74%"
"08-02-2017","230.49","231.78","233.43","229.78","14.98M","-0.56%"
"07-02-2017","231.78","234.28","234.36","230.95","9.14M","-1.03%"
"06-02-2017","234.20","233.15","234.93","232.04","9.22M","0.77%"
"03-02-2017","232.40","235.18","236.18","231.60","12.20M","-0.94%"
"02-02-2017","234.61","236.08","236.26","233.43","8.40M","-0.59%"
"01-02-2017","236.00","235.20","236.28","232.75","10.44M","0.43%"
"31-01-2017","235.00","235.37","236.93","233.89","13.96M","0.04%"
"30-01-2017","234.91","230.44","235.28","230.41","14.47M","1.92%"
"27-01-2017","230.48","229.39","231.33","229.11","20.18M","0.77%"
"25-01-2017","228.72","232.03","232.19","228.46","22.02M","-0.97%"
"24-01-2017","230.97","228.66","231.31","228.66","8.69M","1.12%"
"23-01-2017","228.41","229.73","231.80","227.71","12.65M","-0.96%"
"20-01-2017","230.63","232.47","233.25","230.21","8.11M","-0.77%"
"19-01-2017","232.41","232.74","235.02","231.80","14.11M","0.11%"
"18-01-2017","232.15","234.41","235.63","231.30","14.65M","-0.84%"
"17-01-2017","234.11","239.45","240.12","233.49","36.21M","-3.25%"
"16-01-2017","241.98","245.06","245.96","241.46","11.09M","-1.30%"
"13-01-2017","245.16","243.84","246.75","243.84","6.68M","0.66%"
"12-01-2017","243.56","244.39","245.15","242.78","4.04M","-0.25%"
"11-01-2017","244.18","246.19","246.35","243.72","10.59M","-0.35%"
"10-01-2017","245.03","242.82","246.06","242.82","10.48M","1.13%"
"09-01-2017","242.30","242.15","244.17","240.80","4.83M","0.26%"
"06-01-2017","241.68","241.52","243.94","241.27","7.24M","-0.23%"
"05-01-2017","242.24","240.80","242.80","240.29","8.06M","0.96%"
"04-01-2017","239.93","245.72","245.74","239.29","9.59M","-2.04%"
"03-01-2017","244.93","245.03","246.64","243.07","5.94M","0.39%"
"02-01-2017","243.97","243.72","245.07","241.10","6.55M","0.25%"
"30-12-2016","243.36","239.40","243.94","239.02","14.50M","1.59%"
"29-12-2016","239.55","236.08","240.30","235.96","8.10M","1.50%"
"28-12-2016","236.01","240.10","240.47","235.42","8.90M","-1.41%"
"27-12-2016","239.38","235.59","239.92","235.40","16.10M","1.65%"
"26-12-2016","235.50","237.05","239.67","234.87","14.14M","-0.93%"
"23-12-2016","237.72","236.52","240.34","236.52","9.47M","0.38%"
"22-12-2016","236.83","237.87","238.92","236.29","26.67M","-0.93%"
"21-12-2016","239.05","238.35","239.96","237.69","18.80M","0.50%"
"20-12-2016","237.85","237.13","238.55","236.78","10.79M","-0.44%"
"19-12-2016","238.90","237.20","239.89","237.05","13.85M","0.51%"
"16-12-2016","237.68","236.52","238.77","236.52","13.79M","0.40%"
"15-12-2016","236.74","236.61","240.03","235.77","17.84M","-0.62%"
"14-12-2016","238.21","233.78","239.32","233.42","22.28M","1.89%"
"13-12-2016","233.78","231.13","234.05","231.03","9.57M","1.23%"
"12-12-2016","230.95","229.44","234.21","229.44","8.33M","-0.17%"
"09-12-2016","231.34","229.78","231.99","229.40","7.60M","0.87%"
"08-12-2016","229.34","225.97","229.73","225.81","8.08M","2.09%"
"07-12-2016","224.64","225.73","226.54","224.01","4.55M","-0.60%"
"06-12-2016","226.00","223.93","226.31","223.62","6.21M","1.14%"
"05-12-2016","223.45","223.71","224.77","221.80","3.68M","-0.09%"
"02-12-2016","223.65","223.91","225.96","222.99","11.52M","-0.30%"
"01-12-2016","224.33","224.83","228.21","223.71","11.66M","0.78%"
"30-11-2016","222.60","224.82","224.82","221.83","25.47M","-0.77%"
"29-11-2016","224.32","222.36","225.80","222.15","9.12M","1.12%"
"28-11-2016","221.83","223.26","224.97","221.26","7.67M","-0.71%"
"25-11-2016","223.42","222.59","223.91","221.31","9.65M","0.64%"
"24-11-2016","221.99","226.08","226.08","220.83","17.46M","-2.15%"
"23-11-2016","226.86","225.96","227.19","224.73","12.10M","0.76%"
"22-11-2016","225.16","224.32","226.59","223.33","16.29M","1.00%"
"21-11-2016","222.92","222.03","223.38","221.06","12.21M","0.41%"
"18-11-2016","222.02","221.46","223.19","220.79","16.77M","1.00%"
"17-11-2016","219.83","221.69","224.42","219.08","11.66M","-0.89%"
"16-11-2016","221.81","223.71","224.11","220.49","15.28M","0.12%"
"15-11-2016","221.55","224.05","224.83","220.24","13.37M","-1.63%"
"11-11-2016","225.23","224.35","228.77","223.73","13.64M","-0.85%"
"10-11-2016","227.17","229.02","231.34","226.41","9.01M","0.58%"
"09-11-2016","225.87","213.59","226.86","209.10","19.97M","0.11%"
"08-11-2016","225.62","226.12","226.12","224.45","12.40M","0.24%"
"07-11-2016","225.09","227.98","228.55","224.62","8.77M","-0.44%"
"04-11-2016","226.08","229.39","230.88","224.83","10.65M","-1.80%"
"03-11-2016","230.22","230.20","232.65","229.47","6.75M","0.02%"
"02-11-2016","230.17","234.05","234.47","229.56","6.50M","-2.59%"
"01-11-2016","236.30","236.37","237.41","235.49","9.44M","-0.02%"
"30-10-2016","236.35","238.04","238.04","235.24","1.46M","-0.35%"
"28-10-2016","237.19","236.08","237.87","234.68","7.50M","0.60%"
"27-10-2016","235.78","236.32","236.95","234.59","11.85M","-0.51%"
"26-10-2016","236.99","237.44","238.20","236.55","10.10M","-0.64%"
"25-10-2016","238.51","239.45","239.50","237.02","7.07M","-0.23%"
"24-10-2016","239.07","240.57","241.47","238.47","9.70M","-0.08%"
"21-10-2016","239.27","246.64","246.64","237.96","40.25M","-2.15%"
"20-10-2016","244.52","245.96","246.87","243.73","9.35M","0.02%"
"19-10-2016","244.47","243.82","246.13","243.14","15.76M","0.58%"
"18-10-2016","243.07","239.67","243.44","238.78","10.22M","1.93%"
"17-10-2016","238.47","242.82","243.00","238.04","9.07M","-1.58%"
"14-10-2016","242.29","239.00","243.27","238.69","14.09M","1.94%"
"13-10-2016","237.68","244.84","244.85","236.52","20.25M","-3.58%"
"10-10-2016","246.50","250.46","252.26","245.97","10.66M","-1.14%"
"07-10-2016","249.34","250.46","252.50","248.78","14.10M","-0.16%"
"06-10-2016","249.75","245.52","253.22","245.52","19.49M","1.97%"
"05-10-2016","244.93","248.22","248.78","244.12","9.96M","-0.64%"
"04-10-2016","246.50","245.75","249.18","245.52","12.10M","0.52%"
"03-10-2016","245.23","244.39","249.10","241.98","16.73M","0.65%"
"30-09-2016","243.65","240.12","246.09","239.74","10.34M","1.05%"
"29-09-2016","241.12","246.19","249.73","239.99","19.62M","-1.67%"
"28-09-2016","245.21","249.09","249.12","244.24","22.91M","-1.79%"
"27-09-2016","249.68","251.14","253.15","248.80","17.88M","0.30%"
"26-09-2016","248.94","248.08","253.96","247.37","35.27M","0.40%"
"23-09-2016","247.95","244.84","249.44","244.84","28.69M","1.27%"
"22-09-2016","244.83","243.49","246.37","242.60","17.32M","1.56%"
"21-09-2016","241.08","241.47","243.92","240.35","10.10M","-0.18%"
"20-09-2016","241.52","243.72","243.89","240.36","10.64M","-0.76%"
"19-09-2016","243.36","241.15","244.62","240.80","15.39M","0.64%"
"16-09-2016","241.82","239.90","245.93","238.12","36.30M","0.99%"
"15-09-2016","239.45","235.40","240.62","235.40","28.96M","1.94%"
"14-09-2016","234.89","235.63","238.10","234.03","17.17M","-0.17%"
"12-09-2016","235.29","231.67","237.42","231.39","31.09M","0.19%"
"09-09-2016","234.85","232.70","236.05","231.58","14.09M","1.08%"
"08-09-2016","232.34","230.02","232.92","229.38","11.27M","1.55%"
"07-09-2016","228.80","229.78","230.92","227.77","11.93M","-0.22%"
"06-09-2016","229.31","229.31","230.45","228.21","10.62M","0.65%"
"02-09-2016","227.84","231.83","232.15","225.35","25.96M","-1.54%"
"01-09-2016","231.40","236.75","241.19","230.61","39.34M","-2.90%"
"31-08-2016","238.32","239.43","241.47","235.40","21.50M","-0.60%"
"30-08-2016","239.76","238.77","240.23","236.75","16.77M","0.85%"
"29-08-2016","237.75","230.96","238.27","230.70","14.95M","2.87%"
"26-08-2016","231.11","228.86","231.76","228.12","8.90M","1.50%"
"25-08-2016","227.69","229.60","231.35","226.86","13.81M","-0.76%"
"24-08-2016","229.44","227.46","229.77","227.31","8.05M","0.99%"
"23-08-2016","227.18","227.53","228.21","225.96","6.76M","-0.14%"
"22-08-2016","227.50","227.53","229.26","226.45","6.17M","-0.30%"
"19-08-2016","228.18","228.88","229.78","226.43","7.55M","-0.31%"
"18-08-2016","228.89","228.43","230.15","228.43","7.15M","0.47%"
"17-08-2016","227.82","230.25","231.31","226.45","14.29M","-1.13%"
"16-08-2016","230.43","232.98","234.91","228.32","12.34M","-1.05%"
"12-08-2016","232.88","228.66","234.48","228.66","15.11M","2.14%"
"11-08-2016","228.00","225.27","229.97","224.74","13.08M","1.04%"
"10-08-2016","225.65","231.86","232.60","225.28","12.43M","-2.63%"
"09-08-2016","231.74","230.90","232.59","229.56","12.27M","0.14%"
"08-08-2016","231.41","229.31","232.48","229.03","12.51M","1.28%"
"05-08-2016","228.49","224.38","229.11","224.17","11.18M","2.34%"
"04-08-2016","223.26","224.61","224.83","221.10","9.40M","-0.09%"
"03-08-2016","223.47","228.07","228.07","222.92","10.96M","-1.86%"
"02-08-2016","227.71","226.63","229.33","226.25","7.12M","0.33%"
"01-08-2016","226.97","228.88","229.40","225.97","7.36M","-0.53%"
"29-07-2016","228.18","230.23","230.43","227.53","8.89M","-1.12%"
"28-07-2016","230.76","228.19","231.69","227.77","14.41M","1.31%"
"27-07-2016","227.78","230.02","230.68","226.85","10.18M","-1.07%"
"26-07-2016","230.24","230.00","232.66","228.25","9.71M","0.13%"
"25-07-2016","229.95","227.98","230.17","226.49","7.61M","0.78%"
"22-07-2016","228.17","226.18","228.84","225.98","6.37M","0.84%"
"21-07-2016","226.26","230.23","230.45","225.96","6.19M","-1.63%"
"20-07-2016","230.00","229.32","231.20","228.55","11.32M","0.51%"
"19-07-2016","228.84","226.18","229.99","223.78","15.37M","1.15%"
"18-07-2016","226.24","231.13","233.55","225.23","29.63M","-0.59%"
"15-07-2016","227.58","226.86","229.56","225.62","12.92M","0.73%"
"14-07-2016","225.94","226.65","228.00","224.44","9.93M","-0.38%"
"13-07-2016","226.80","226.00","228.59","225.77","13.77M","0.53%"
"12-07-2016","225.60","223.77","225.96","222.81","9.02M","1.10%"
"11-07-2016","223.15","222.81","223.70","221.57","7.63M","1.44%"
"08-07-2016","219.98","221.91","222.36","219.52","6.59M","-0.96%"
"07-07-2016","222.11","223.15","224.95","221.72","11.10M","-0.52%"
"05-07-2016","223.28","221.71","225.49","220.40","10.49M","0.65%"
"04-07-2016","221.84","219.33","223.39","219.33","7.20M","1.36%"
"01-07-2016","218.86","218.71","219.62","218.09","6.10M","0.44%"
"30-06-2016","217.90","218.54","219.77","217.43","11.78M","0.23%"
"29-06-2016","217.39","216.29","217.85","215.84","6.94M","0.95%"
"28-06-2016","215.35","215.03","216.19","214.72","7.02M","0.23%"
"27-06-2016","214.86","211.46","215.48","211.46","8.46M","0.44%"
"24-06-2016","213.92","216.94","216.94","209.86","23.06M","-2.96%"
"23-06-2016","220.44","220.33","220.79","218.09","9.08M","0.00%"
"22-06-2016","220.45","221.46","221.66","219.68","11.80M","-0.67%"
"21-06-2016","221.93","223.51","223.52","220.27","12.86M","-0.31%"
"20-06-2016","222.63","218.57","223.17","217.64","9.93M","1.57%"
"17-06-2016","219.19","219.66","220.03","218.11","9.72M","-0.14%"
"16-06-2016","219.50","220.56","221.16","217.43","8.65M","-0.84%"
"15-06-2016","221.37","220.34","221.80","218.93","10.27M","0.86%"
"14-06-2016","219.49","220.55","221.55","217.93","10.08M","-0.49%"
"13-06-2016","220.58","218.07","221.11","216.53","9.43M","0.45%"
"10-06-2016","219.59","218.99","221.33","217.71","15.06M","0.57%"
"09-06-2016","218.35","215.84","219.54","214.99","14.44M","1.79%"
"08-06-2016","214.51","215.39","215.39","213.40","11.20M","-0.10%"
"07-06-2016","214.73","215.22","216.05","213.95","17.49M","0.03%"
"06-06-2016","214.67","216.07","216.51","214.17","8.01M","-0.51%"
"03-06-2016","215.76","215.84","216.49","214.91","7.98M","0.35%"
"02-06-2016","215.00","214.60","215.20","212.49","9.46M","0.28%"
"01-06-2016","214.40","215.38","217.21","214.00","8.35M","-0.45%"
"31-05-2016","215.36","217.86","218.76","215.05","21.54M","-1.12%"
"30-05-2016","217.80","219.53","220.67","216.96","8.89M","-0.62%"
"27-05-2016","219.15","213.38","219.64","213.31","12.37M","2.95%"
"26-05-2016","212.88","213.59","214.13","212.27","13.10M","-0.46%"
"25-05-2016","213.86","213.56","214.22","211.60","8.53M","1.14%"
"24-05-2016","211.44","208.66","212.24","208.66","11.34M","1.12%"
"23-05-2016","209.10","210.75","211.50","208.12","16.95M","-0.45%"
"20-05-2016","210.04","214.04","214.60","209.40","17.12M","-1.79%"
"19-05-2016","213.86","218.47","218.52","212.60","8.43M","-1.99%"
"18-05-2016","218.21","217.17","218.65","216.76","7.60M","0.14%"
"17-05-2016","217.90","220.39","221.03","217.27","11.22M","-0.70%"
"16-05-2016","219.43","219.66","220.90","218.34","8.61M","-0.22%"
"13-05-2016","219.92","222.35","222.71","219.21","13.52M","-1.47%"
"12-05-2016","223.21","219.44","223.53","219.22","11.80M","1.78%"
"11-05-2016","219.30","218.49","220.51","218.09","11.39M","-0.73%"
"10-05-2016","220.91","221.03","221.39","219.89","6.69M","-0.05%"
"09-05-2016","221.03","219.21","221.69","218.72","14.17M","1.46%"
"06-05-2016","217.85","218.76","219.62","217.41","13.61M","-0.65%"
"05-05-2016","219.27","220.34","221.11","218.29","20.00M","-0.29%"
"04-05-2016","219.91","219.00","221.17","218.76","12.50M","0.24%"
"03-05-2016","219.39","222.14","223.70","218.71","16.22M","-1.13%"
"02-05-2016","221.90","220.11","223.12","219.89","9.80M","0.43%"
"29-04-2016","220.94","223.36","224.51","220.08","21.67M","-1.41%"
"28-04-2016","224.09","227.98","229.15","222.80","57.18M","-2.23%"
"27-04-2016","229.20","228.86","230.67","228.43","13.39M","0.24%"
"26-04-2016","228.64","228.30","230.21","226.52","24.39M","0.00%"
"25-04-2016","228.63","234.83","234.83","227.60","56.45M","-2.12%"
"22-04-2016","233.59","233.60","235.51","231.42","10.80M","-0.21%"
"21-04-2016","234.09","234.14","236.52","232.70","10.50M","0.37%"
"20-04-2016","233.22","240.39","240.39","232.88","20.02M","-2.58%"
"18-04-2016","239.39","239.63","239.85","237.29","17.60M","-0.12%"
"13-04-2016","239.68","236.65","240.55","236.65","14.80M","1.78%"
"12-04-2016","235.49","233.89","237.75","233.39","10.31M","0.68%"
"11-04-2016","233.89","233.15","235.06","232.25","9.51M","0.38%"
"08-04-2016","233.01","232.91","237.08","231.85","12.38M","-0.09%"
"07-04-2016","233.21","232.68","235.63","229.80","8.11M","0.34%"
"06-04-2016","232.42","232.05","233.08","229.91","6.45M","0.66%"
"05-04-2016","230.89","231.88","234.37","229.82","9.47M","-0.78%"
"04-04-2016","232.71","233.83","234.32","230.52","7.97M","0.06%"
"01-04-2016","232.58","233.62","235.24","230.45","11.43M","-1.03%"
"31-03-2016","235.00","234.05","237.42","232.19","28.46M","-0.17%"
"30-03-2016","235.41","234.43","236.47","234.43","13.34M","1.04%"
"29-03-2016","232.98","230.18","234.28","229.38","14.65M","1.55%"
"28-03-2016","229.42","231.58","231.96","228.35","16.68M","-0.86%"
"23-03-2016","231.40","235.38","235.38","229.87","15.51M","-1.78%"
"22-03-2016","235.59","233.15","236.58","232.85","14.15M","1.02%"
"21-03-2016","233.22","231.12","234.16","229.95","11.73M","0.98%"
"18-03-2016","230.95","228.94","231.61","228.36","12.95M","1.10%"
"17-03-2016","228.43","230.90","233.13","227.53","15.54M","-0.56%"
"16-03-2016","229.72","229.56","230.63","226.06","10.21M","0.12%"
"15-03-2016","229.44","230.23","231.10","228.23","9.68M","0.07%"
"14-03-2016","229.27","229.13","230.77","227.75","10.97M","0.52%"
"11-03-2016","228.09","228.18","231.48","227.22","14.14M","0.27%"
"10-03-2016","227.48","234.29","235.15","226.86","19.11M","-2.87%"
"09-03-2016","234.21","229.33","234.70","229.02","10.94M","1.43%"
"08-03-2016","230.90","226.52","231.78","226.52","12.20M","2.05%"
"04-03-2016","226.27","227.98","228.21","225.62","8.30M","-0.64%"
"03-03-2016","227.72","227.08","228.88","224.27","14.66M","1.13%"
"02-03-2016","225.17","223.24","226.13","221.97","18.56M","2.06%"
"01-03-2016","220.63","216.90","221.47","216.89","15.19M","1.51%"
"29-02-2016","217.34","213.88","223.62","210.22","28.64M","1.72%"
"26-02-2016","213.67","214.27","215.56","212.31","7.71M","0.66%"
"25-02-2016","212.27","214.54","215.06","211.53","22.92M","-0.90%"
"24-02-2016","214.19","212.45","215.51","211.79","14.02M","0.32%"
"23-02-2016","213.51","216.54","217.46","211.96","17.53M","-1.32%"
"22-02-2016","216.36","212.27","217.71","212.27","11.79M","1.90%"
"19-02-2016","212.32","211.34","214.21","210.75","9.45M","0.45%"
"18-02-2016","211.37","216.50","217.80","210.44","13.32M","-1.31%"
"17-02-2016","214.18","210.24","215.27","206.04","14.25M","2.37%"
"16-02-2016","209.22","213.84","215.39","208.42","12.02M","-1.71%"
"15-02-2016","212.86","206.40","213.90","206.40","17.80M","4.44%"
"12-02-2016","203.82","209.97","209.97","199.67","27.06M","-1.95%"
"11-02-2016","207.87","216.48","217.18","205.84","15.80M","-3.96%"
"10-02-2016","216.44","213.97","218.76","213.29","15.58M","0.54%"
"09-02-2016","215.28","214.24","217.82","213.59","18.09M","-0.37%"
"08-02-2016","216.08","218.34","221.42","215.38","11.15M","-1.01%"
"05-02-2016","218.29","220.13","220.79","216.15","19.38M","-0.22%"
"04-02-2016","218.77","222.14","225.06","217.12","16.80M","-0.85%"
"03-02-2016","220.65","222.14","223.48","219.21","14.48M","-1.97%"
"02-02-2016","225.09","231.65","232.21","222.70","13.63M","-2.83%"
"01-02-2016","231.65","233.82","234.23","230.58","9.16M","-0.49%"
"29-01-2016","232.79","229.09","233.83","228.88","17.70M","1.82%"
"28-01-2016","228.63","225.06","229.73","224.18","21.30M","1.75%"
"27-01-2016","224.69","226.65","227.08","224.15","15.92M","-0.46%"
"25-01-2016","225.72","227.08","229.05","224.83","12.09M","-0.02%"
"22-01-2016","225.77","223.50","227.31","223.50","21.86M","2.03%"
"21-01-2016","221.28","228.78","230.62","219.59","29.32M","-2.03%"
"20-01-2016","225.86","232.68","232.68","222.59","41.64M","-3.74%"
"19-01-2016","234.64","231.35","236.03","228.00","19.83M","2.63%"
"18-01-2016","228.62","241.70","243.71","226.65","25.16M","-5.26%"
"15-01-2016","241.31","240.52","244.96","239.58","26.55M","1.10%"
"14-01-2016","238.69","239.19","243.05","236.76","25.68M","-1.41%"
"13-01-2016","242.11","236.77","245.01","235.45","66.27M","3.00%"
"12-01-2016","235.05","237.20","239.54","234.07","21.57M","-0.58%"
"11-01-2016","236.43","228.42","238.50","227.31","26.78M","2.52%"
"08-01-2016","230.62","229.33","232.23","228.59","19.67M","1.23%"
"07-01-2016","227.81","229.57","231.13","226.64","18.22M","-1.84%"
"06-01-2016","232.07","226.54","233.47","224.92","24.70M","2.69%"
"05-01-2016","225.99","224.90","227.08","224.16","13.80M","0.99%"
"04-01-2016","223.78","225.96","227.94","221.84","27.85M","-1.97%"
"01-01-2016","228.28","227.04","229.08","226.68","5.00M","0.07%"
"31-12-2015","228.12","225.60","229.26","224.63","17.06M","1.01%"
"30-12-2015","225.85","228.21","228.43","225.28","7.52M","-1.07%"
"29-12-2015","228.30","227.17","229.04","226.44","13.77M","0.50%"
"28-12-2015","227.17","224.97","227.93","224.83","11.89M","0.98%"
"24-12-2015","224.96","225.71","226.45","224.00","10.99M","-0.32%"
"23-12-2015","225.69","222.99","226.38","222.59","11.92M","1.67%"
"22-12-2015","221.98","223.21","225.42","221.24","10.69M","-0.48%"
"21-12-2015","223.06","222.11","224.61","221.31","11.38M","0.02%"
"18-12-2015","223.01","225.69","226.86","222.59","14.78M","-1.76%"
"17-12-2015","227.01","220.35","228.21","219.89","17.88M","3.17%"
"16-12-2015","220.03","219.42","222.03","218.88","11.17M","0.28%"
"15-12-2015","219.42","215.17","219.88","214.41","14.51M","2.18%"
"14-12-2015","214.74","213.05","216.63","212.69","9.75M","0.22%"
"11-12-2015","214.26","213.99","215.62","212.00","16.76M","0.28%"
"10-12-2015","213.67","207.41","214.45","206.85","17.16M","3.76%"
"09-12-2015","205.93","210.49","212.12","205.24","8.47M","-2.66%"
"08-12-2015","211.55","213.34","214.40","210.47","6.95M","-1.17%"
"07-12-2015","214.05","217.07","218.76","213.54","13.37M","-1.39%"
"04-12-2015","217.07","218.61","219.48","216.15","12.41M","-1.20%"
"03-12-2015","219.71","219.19","222.35","219.01","10.49M","-0.08%"
"02-12-2015","219.88","217.25","220.27","216.85","6.99M","1.25%"
"01-12-2015","217.17","216.74","220.07","216.12","11.98M","0.00%"
"30-11-2015","217.16","220.00","221.33","216.36","27.62M","-1.34%"
"27-11-2015","220.12","222.36","223.15","219.01","10.05M","-0.97%"
"26-11-2015","222.28","218.31","223.02","217.70","21.97M","2.16%"
"24-11-2015","217.57","214.27","218.45","213.83","13.67M","1.46%"
"23-11-2015","214.43","213.59","215.37","212.74","9.69M","0.73%"
"20-11-2015","212.88","209.99","214.22","208.09","10.43M","1.29%"
"19-11-2015","210.16","206.60","211.05","206.23","11.25M","2.49%"
"18-11-2015","205.05","208.56","209.39","204.59","10.38M","-1.70%"
"17-11-2015","208.59","210.91","211.10","208.24","7.93M","-0.70%"
"16-11-2015","210.06","208.20","211.79","207.91","14.16M","0.13%"
"13-11-2015","209.78","205.73","211.02","205.61","12.63M","0.49%"
"11-11-2015","208.75","208.44","209.74","208.44","1.21M","0.62%"
"10-11-2015","207.47","215.17","215.73","206.01","10.60M","-4.00%"
"09-11-2015","216.12","209.88","216.96","207.62","15.72M","0.93%"
"06-11-2015","214.13","211.22","214.66","210.87","7.72M","1.69%"
"05-11-2015","210.58","213.37","213.82","209.77","9.94M","-1.54%"
"04-11-2015","213.88","217.64","219.21","212.74","9.26M","-1.65%"
"03-11-2015","217.46","216.57","218.19","216.12","10.50M","0.77%"
"02-11-2015","215.80","213.37","216.18","212.51","6.67M","1.28%"
"30-10-2015","213.07","211.82","214.92","211.37","12.34M","0.71%"
"29-10-2015","211.57","210.44","212.47","210.21","12.26M","0.43%"
"28-10-2015","210.66","210.65","212.45","209.07","11.04M","-0.27%"
"27-10-2015","211.24","211.07","213.20","210.76","10.71M","-0.35%"
"26-10-2015","211.98","216.27","216.51","211.64","10.10M","-1.34%"
"23-10-2015","214.86","216.73","218.77","211.60","11.22M","0.07%"
"21-10-2015","214.72","214.83","219.17","214.27","13.30M","-0.18%"
"20-10-2015","215.10","216.96","217.35","214.27","16.70M","-0.71%"
"19-10-2015","216.63","211.57","217.08","211.57","30.93M","5.63%"
"16-10-2015","205.08","203.36","205.68","203.18","14.07M","0.94%"
"15-10-2015","203.18","204.08","204.82","202.37","8.35M","0.08%"
"14-10-2015","203.01","201.41","203.47","200.99","7.39M","1.05%"
"13-10-2015","200.91","198.99","201.52","198.51","5.69M","0.20%"
"12-10-2015","200.50","199.65","202.71","199.65","5.73M","0.50%"
"09-10-2015","199.51","201.01","203.58","198.19","8.61M","-0.20%"
"08-10-2015","199.90","205.70","205.70","199.26","9.93M","-2.70%"
"07-10-2015","205.45","201.16","206.41","200.33","10.63M","1.75%"
"06-10-2015","201.91","201.37","202.46","199.15","11.38M","1.13%"
"05-10-2015","199.65","193.99","200.10","193.77","14.78M","2.70%"
"01-10-2015","194.41","196.49","196.49","193.04","8.00M","0.28%"
"30-09-2015","193.87","191.33","194.44","188.52","15.96M","2.56%"
"29-09-2015","189.03","186.61","191.16","185.73","14.63M","0.78%"
"28-09-2015","187.57","188.82","189.06","186.32","10.73M","-0.37%"
"24-09-2015","188.26","190.66","190.66","187.68","26.84M","-1.53%"
"23-09-2015","191.19","189.53","192.64","188.86","14.05M","0.29%"
"22-09-2015","190.64","197.85","198.96","189.87","14.53M","-3.44%"
"21-09-2015","197.43","197.85","199.70","196.97","11.75M","-1.93%"
"18-09-2015","201.32","197.51","202.24","197.21","31.62M","2.62%"
"16-09-2015","196.18","196.08","197.26","194.53","12.39M","0.51%"
"15-09-2015","195.19","193.81","195.61","192.37","10.62M","0.50%"
"14-09-2015","194.22","193.75","194.64","191.54","7.35M","0.34%"
"11-09-2015","193.57","196.05","196.98","192.50","9.82M","-0.70%"
"10-09-2015","194.93","193.58","195.72","192.35","10.22M","-0.81%"
"09-09-2015","196.52","193.58","197.56","191.22","16.01M","3.00%"
"08-09-2015","190.79","187.96","191.77","185.51","11.91M","1.85%"
"07-09-2015","187.33","188.47","189.76","186.09","9.45M","-0.32%"
"04-09-2015","187.94","191.04","191.04","185.51","14.95M","-2.10%"
"03-09-2015","191.97","192.02","193.53","189.85","10.76M","0.50%"
"02-09-2015","191.01","191.11","192.70","189.44","18.14M","1.15%"
"01-09-2015","188.83","191.99","191.99","187.76","19.98M","-1.88%"
"31-08-2015","192.44","196.25","196.25","191.96","19.11M","-1.89%"
"28-08-2015","196.14","196.73","198.53","194.73","9.94M","0.37%"
"27-08-2015","195.41","194.89","198.13","192.69","24.92M","1.85%"
"26-08-2015","191.87","190.61","196.68","188.86","17.50M","0.62%"
"25-08-2015","190.69","189.05","193.50","185.08","45.69M","2.24%"
"24-08-2015","186.51","197.85","197.85","183.91","32.89M","-8.64%"
"21-08-2015","204.14","204.60","205.03","201.68","18.51M","-0.91%"
"20-08-2015","206.01","215.83","215.83","205.44","17.54M","-4.02%"
"19-08-2015","214.63","212.24","216.07","211.22","8.19M","1.11%"
"18-08-2015","212.27","214.94","214.94","211.84","6.12M","-0.69%"
"17-08-2015","213.75","217.19","217.19","212.70","10.02M","-1.68%"
"14-08-2015","217.40","211.40","218.54","210.06","11.76M","3.60%"
"13-08-2015","209.85","212.92","214.48","208.96","8.62M","-1.01%"
"12-08-2015","212.00","216.65","217.19","211.47","8.91M","-2.39%"
"11-08-2015","217.19","218.31","218.91","215.39","8.09M","-0.30%"
"10-08-2015","217.84","221.35","222.32","216.85","8.57M","-1.57%"
"07-08-2015","221.31","220.11","223.48","219.70","7.95M","0.55%"
"06-08-2015","220.10","222.81","223.03","219.77","8.04M","-0.89%"
"05-08-2015","222.08","222.19","225.01","221.26","13.24M","-0.03%"
"04-08-2015","222.14","225.60","226.10","220.34","11.08M","-1.44%"
"03-08-2015","225.38","225.06","227.95","224.70","9.13M","0.06%"
"31-07-2015","225.25","224.83","226.61","222.59","15.35M","0.17%"
"30-07-2015","224.87","224.86","226.63","223.10","10.80M","0.42%"
"29-07-2015","223.93","226.97","227.69","223.06","13.65M","-1.41%"
"28-07-2015","227.14","226.70","228.59","224.86","12.35M","0.49%"
"27-07-2015","226.04","230.43","231.56","225.23","18.57M","-1.92%"
"24-07-2015","230.47","235.63","236.00","229.58","12.09M","-1.94%"
"23-07-2015","235.02","236.86","240.09","234.10","17.21M","-0.49%"
"22-07-2015","236.17","225.96","236.96","225.87","15.98M","4.23%"
"21-07-2015","226.59","231.13","231.23","225.45","7.31M","-1.65%"
"20-07-2015","230.40","231.08","231.57","228.86","5.86M","0.30%"
"17-07-2015","229.71","230.51","231.84","228.88","9.41M","-0.20%"
"16-07-2015","230.16","227.53","231.08","227.34","13.71M","1.24%"
"15-07-2015","227.34","224.78","228.07","224.73","12.49M","1.34%"
"14-07-2015","224.34","226.83","227.42","223.75","9.18M","-0.91%"
"13-07-2015","226.41","225.24","227.64","223.74","9.10M","0.52%"
"10-07-2015","225.24","222.83","225.73","222.64","14.87M","1.46%"
"09-07-2015","222.00","223.93","225.06","221.05","14.99M","-0.92%"
"08-07-2015","224.07","223.90","226.79","222.96","14.02M","-0.66%"
"07-07-2015","225.56","227.31","228.57","224.83","10.43M","-1.21%"
"06-07-2015","228.33","223.96","229.08","223.75","11.30M","0.83%"
"03-07-2015","226.45","227.03","227.94","225.52","12.77M","-0.36%"
"02-07-2015","227.27","226.86","229.27","226.43","14.70M","0.52%"
"01-07-2015","226.10","225.06","227.18","225.06","13.68M","0.55%"
"30-06-2015","224.86","222.56","225.47","222.14","21.40M","0.93%"
"29-06-2015","222.78","222.11","223.45","218.54","18.62M","-0.98%"
"26-06-2015","224.99","224.81","228.00","223.80","19.35M","-0.39%"
"25-06-2015","225.86","221.91","226.86","221.46","25.08M","1.38%"
"24-06-2015","222.79","223.71","226.28","221.83","17.17M","-0.41%"
"23-06-2015","223.71","223.18","225.44","222.81","14.77M","0.33%"
"22-06-2015","222.97","224.15","226.79","221.80","17.90M","-0.50%"
"19-06-2015","224.08","220.90","226.27","220.90","42.19M","1.81%"
"18-06-2015","220.10","209.67","220.79","209.66","45.57M","5.12%"
"17-06-2015","209.37","203.49","211.87","201.00","24.21M","3.02%"
"16-06-2015","203.24","202.13","203.47","200.82","12.86M","0.25%"
"15-06-2015","202.74","201.20","203.47","200.10","11.87M","1.33%"
"12-06-2015","200.07","197.63","200.71","197.46","19.88M","1.45%"
"11-06-2015","197.21","203.70","204.49","196.43","13.55M","-3.16%"
"10-06-2015","203.65","199.20","204.58","198.98","12.47M","2.50%"
"09-06-2015","198.69","198.65","200.25","197.26","8.45M","-0.20%"
"08-06-2015","199.08","203.88","204.60","198.55","10.01M","-2.45%"
"05-06-2015","204.09","204.58","206.16","203.35","12.06M","-0.55%"
"04-06-2015","205.21","203.29","205.99","200.68","14.70M","1.83%"
"03-06-2015","201.53","202.13","204.70","199.76","14.35M","-0.26%"
"02-06-2015","202.05","203.64","206.58","200.43","18.63M","-0.40%"
"01-06-2015","202.86","197.85","203.45","197.40","18.09M","2.88%"
"29-05-2015","197.18","197.83","199.30","196.30","27.02M","0.14%"
"28-05-2015","196.91","199.17","201.06","196.05","24.50M","-1.08%"
"27-05-2015","199.05","199.20","200.30","197.90","7.46M","0.08%"
"26-05-2015","198.89","201.23","201.45","198.46","8.78M","-1.10%"
"25-05-2015","201.11","202.35","204.15","200.63","6.11M","-1.04%"
"22-05-2015","203.22","201.68","203.61","201.68","7.71M","0.79%"
"21-05-2015","201.62","204.88","205.81","201.02","9.93M","-1.33%"
"20-05-2015","204.34","202.44","204.82","201.83","8.04M","1.48%"
"19-05-2015","201.35","200.38","203.42","199.34","13.40M","0.45%"
"18-05-2015","200.45","196.71","201.00","196.10","9.09M","2.02%"
"15-05-2015","196.49","198.28","199.42","195.63","7.69M","-0.49%"
"14-05-2015","197.45","199.20","199.25","195.67","11.38M","-0.78%"
"13-05-2015","199.00","196.36","199.80","192.73","15.42M","1.89%"
"12-05-2015","195.31","201.20","201.20","194.51","15.37M","-3.04%"
"11-05-2015","201.44","200.74","202.23","198.62","13.12M","0.70%"
"08-05-2015","200.03","195.83","200.94","193.60","15.79M","2.18%"
"07-05-2015","195.77","196.73","197.51","193.36","15.45M","-1.08%"
"06-05-2015","197.91","200.10","201.62","196.05","20.71M","-1.34%"
"05-05-2015","200.59","200.93","202.75","199.00","16.47M","0.13%"
"04-05-2015","200.32","194.75","200.98","193.47","13.92M","3.32%"
"30-04-2015","193.89","191.11","194.68","190.65","32.12M","1.45%"
"29-04-2015","191.11","193.81","195.73","190.52","15.13M","-1.76%"
"28-04-2015","194.53","196.66","198.30","193.03","13.56M","-1.15%"
"27-04-2015","196.80","197.86","199.54","195.93","10.19M","-0.41%"
"24-04-2015","197.61","197.18","198.85","195.30","11.73M","0.21%"
"23-04-2015","197.19","198.72","199.97","195.39","12.31M","-0.31%"
"22-04-2015","197.80","198.28","199.37","194.93","13.62M","0.38%"
"21-04-2015","197.06","200.14","201.34","196.16","16.34M","-1.03%"
"20-04-2015","199.12","210.74","210.77","197.52","34.73M","-4.45%"
"17-04-2015","208.39","210.23","212.31","207.43","22.11M","-0.16%"
"16-04-2015","208.72","207.86","210.89","206.62","18.62M","0.51%"
"15-04-2015","207.67","207.07","211.25","203.97","20.52M","0.13%"
"13-04-2015","207.41","203.88","207.91","202.07","18.62M","2.01%"
"10-04-2015","203.33","201.21","204.33","199.90","23.37M","1.03%"
"09-04-2015","201.25","194.59","202.13","193.09","25.18M","3.37%"
"08-04-2015","194.68","187.40","195.49","187.26","22.91M","3.97%"
"07-04-2015","187.25","185.72","187.98","185.72","19.64M","0.99%"
"06-04-2015","185.41","187.96","188.41","184.68","11.38M","-1.36%"
"01-04-2015","187.97","185.47","188.64","182.81","13.47M","1.22%"
"31-03-2015","185.71","183.91","187.26","183.91","18.68M","1.88%"
"30-03-2015","182.28","183.60","183.85","179.07","16.00M","-0.12%"
"27-03-2015","182.50","187.49","187.74","180.19","21.53M","-2.12%"
"26-03-2015","186.45","189.11","190.94","185.29","19.03M","-1.85%"
"25-03-2015","189.96","190.88","191.00","189.09","9.47M","-0.36%"
"24-03-2015","190.65","189.33","192.08","189.33","8.53M","0.71%"
"23-03-2015","189.30","192.57","194.26","188.43","12.23M","-1.42%"
"20-03-2015","192.03","192.88","193.62","190.79","9.60M","-0.24%"
"19-03-2015","192.49","196.85","197.11","192.03","12.86M","-1.44%"
"18-03-2015","195.30","192.68","196.11","192.17","8.56M","1.38%"
"17-03-2015","192.65","191.23","193.33","189.09","17.60M","1.75%"
"16-03-2015","189.33","191.45","192.00","188.93","12.77M","-0.94%"
"13-03-2015","191.13","195.38","195.52","190.43","11.94M","-1.59%"
"12-03-2015","194.21","192.91","195.02","192.37","10.88M","0.91%"
"11-03-2015","192.45","193.57","195.52","191.65","10.74M","-0.37%"
"10-03-2015","193.17","195.37","196.91","192.32","14.06M","-1.21%"
"09-03-2015","195.53","199.00","200.50","194.29","12.98M","-1.73%"
"05-03-2015","198.97","200.66","202.07","197.44","9.89M","-0.33%"
"04-03-2015","199.62","203.70","204.52","197.86","13.36M","-1.44%"
"03-03-2015","202.53","195.38","203.80","195.02","19.05M","4.23%"
"02-03-2015","194.31","195.38","196.84","192.36","13.46M","-0.10%"
"28-02-2015","194.51","193.99","195.25","190.34","8.45M","1.12%"
"27-02-2015","192.36","190.56","193.58","189.89","17.22M","1.61%"
"26-02-2015","189.31","190.23","191.11","188.10","19.81M","-0.14%"
"25-02-2015","189.57","190.84","192.57","189.10","14.10M","0.20%"
"24-02-2015","189.19","192.06","192.64","188.19","18.41M","-1.17%"
"23-02-2015","191.43","195.59","197.12","190.46","13.02M","-2.48%"
"20-02-2015","196.30","201.28","201.45","195.90","17.28M","-3.21%"
"19-02-2015","202.81","203.91","204.06","199.55","8.82M","0.04%"
"18-02-2015","202.72","202.35","204.15","201.09","9.08M","-0.13%"
"16-02-2015","202.98","206.55","207.79","202.35","11.32M","-1.60%"
"13-02-2015","206.28","205.50","207.03","204.38","6.82M","0.91%"
"12-02-2015","204.41","204.15","205.49","199.48","8.04M","0.94%"
"11-02-2015","202.51","199.20","203.42","198.53","9.03M","2.12%"
"10-02-2015","198.30","201.90","203.36","193.65","12.60M","-1.64%"
"09-02-2015","201.61","202.62","206.40","200.55","8.16M","-1.45%"
"06-02-2015","204.58","207.77","209.10","203.02","8.35M","-1.49%"
"05-02-2015","207.68","210.44","211.32","206.31","11.41M","-0.55%"
"04-02-2015","208.83","211.14","212.20","208.17","12.99M","-0.93%"
"03-02-2015","210.80","205.32","211.53","205.32","15.78M","3.25%"
"02-02-2015","204.16","205.96","206.82","203.63","17.82M","-0.79%"
"30-01-2015","205.78","209.10","209.38","204.37","20.07M","-1.52%"
"29-01-2015","208.96","203.95","210.11","203.90","33.34M","2.49%"
"28-01-2015","203.89","199.23","204.55","199.23","17.81M","2.00%"
"27-01-2015","199.89","200.75","201.61","197.97","16.56M","0.25%"
"23-01-2015","199.40","200.10","201.86","197.18","16.69M","0.35%"
"22-01-2015","198.70","203.51","203.97","197.74","21.90M","-2.54%"
"21-01-2015","203.87","203.47","204.91","200.56","15.77M","0.41%"
"20-01-2015","203.04","198.19","203.60","197.59","12.33M","2.66%"
"19-01-2015","197.77","195.65","199.20","193.08","12.31M","1.14%"