Price,Open,High,Low,Vol.,Change %,Target
197.77,195.65,199.2,193.08,12310000.0,1.14,1
203.04,198.19,203.6,197.59,12330000.0,2.66,1
203.87,203.47,204.91,200.56,15770000.0,0.41,0
198.7,203.51,203.97,197.74,21900000.0,-2.54,1
199.4,200.1,201.86,197.18,16690000.000000002,0.35,1
199.89,200.75,201.61,197.97,16559999.999999998,0.25,1
203.89,199.23,204.55,199.23,17810000.0,2.0,1
208.96,203.95,210.11,203.9,33340000.000000004,2.49,0
205.78,209.1,209.38,204.37,20070000.0,-1.52,0
204.16,205.96,206.82,203.63,17820000.0,-0.79,1
210.8,205.32,211.53,205.32,15780000.0,3.25,0
208.83,211.14,212.2,208.17,12990000.0,-0.93,0
207.68,210.44,211.32,206.31,11410000.0,-0.55,0
204.58,207.77,209.1,203.02,8350000.0,-1.49,0
201.61,202.62,206.4,200.55,8160000.0,-1.45,0
198.3,201.9,203.36,193.65,12600000.0,-1.64,1
202.51,199.2,203.42,198.53,9030000.0,2.12,1
204.41,204.15,205.49,199.48,8039999.999999999,0.94,1
206.28,205.5,207.03,204.38,6820000.0,0.91,0
202.98,206.55,207.79,202.35,11320000.0,-1.6,0
202.72,202.35,204.15,201.09,9080000.0,-0.13,1
202.81,203.91,204.06,199.55,8820000.0,0.04,0
196.3,201.28,201.45,195.9,17280000.0,-3.21,0
191.43,195.59,197.12,190.46,13020000.0,-2.48,0
189.19,192.06,192.64,188.19,18410000.0,-1.17,1
189.57,190.84,192.57,189.1,14100000.0,0.2,0
189.31,190.23,191.11,188.1,19810000.0,-0.14,1
192.36,190.56,193.58,189.89,17220000.0,1.61,1
194.51,193.99,195.25,190.34,8450000.0,1.12,0
194.31,195.38,196.84,192.36,13460000.0,-0.1,1
202.53,195.38,203.8,195.02,19050000.0,4.23,0
199.62,203.7,204.52,197.86,13360000.0,-1.44,0
198.97,200.66,202.07,197.44,9890000.0,-0.33,0
195.53,199.0,200.5,194.29,12980000.0,-1.73,0
193.17,195.37,196.91,192.32,14060000.0,-1.21,0
192.45,193.57,195.52,191.65,10740000.0,-0.37,1
194.21,192.91,195.02,192.37,10880000.0,0.91,0
191.13,195.38,195.52,190.43,11940000.0,-1.59,0
189.33,191.45,192.0,188.93,12770000.0,-0.94,1
192.65,191.23,193.33,189.09,17600000.0,1.75,1
195.3,192.68,196.11,192.17,8560000.0,1.38,0
192.49,196.85,197.11,192.03,12860000.0,-1.44,0
192.03,192.88,193.62,190.79,9600000.0,-0.24,0
189.3,192.57,194.26,188.43,12230000.0,-1.42,1
190.65,189.33,192.08,189.33,8530000.0,0.71,0
189.96,190.88,191.0,189.09,9470000.0,-0.36,0
186.45,189.11,190.94,185.29,19030000.0,-1.85,0
182.5,187.49,187.74,180.19,21530000.0,-2.12,0
182.28,183.6,183.85,179.07,16000000.0,-0.12,1
185.71,183.91,187.26,183.91,18680000.0,1.88,1
187.97,185.47,188.64,182.81,13470000.0,1.22,0
185.41,187.96,188.41,184.68,11380000.0,-1.36,1
187.25,185.72,187.98,185.72,19640000.0,0.99,1
194.68,187.4,195.49,187.26,22910000.0,3.97,1
201.25,194.59,202.13,193.09,25180000.0,3.37,1
203.33,201.21,204.33,199.9,23370000.0,1.03,1
207.41,203.88,207.91,202.07,18620000.0,2.01,1
207.67,207.07,211.25,203.97,20520000.0,0.13,1
208.72,207.86,210.89,206.62,18620000.0,0.51,0
208.39,210.23,212.31,207.43,22110000.0,-0.16,0
199.12,210.74,210.77,197.52,34730000.0,-4.45,0
197.06,200.14,201.34,196.16,16340000.0,-1.03,1
197.8,198.28,199.37,194.93,13620000.0,0.38,0
197.19,198.72,199.97,195.39,12310000.0,-0.31,1
197.61,197.18,198.85,195.3,11730000.0,0.21,0
196.8,197.86,199.54,195.93,10190000.0,-0.41,0
194.53,196.66,198.3,193.03,13560000.0,-1.15,0
191.11,193.81,195.73,190.52,15130000.0,-1.76,1
193.89,191.11,194.68,190.65,32119999.999999996,1.45,1
200.32,194.75,200.98,193.47,13920000.0,3.32,1
200.59,200.93,202.75,199.0,16469999.999999998,0.13,0
197.91,200.1,201.62,196.05,20710000.0,-1.34,0
195.77,196.73,197.51,193.36,15450000.0,-1.08,1
200.03,195.83,200.94,193.6,15790000.0,2.18,1
201.44,200.74,202.23,198.62,13120000.0,0.7,0
195.31,201.2,201.2,194.51,15370000.0,-3.04,1
199.0,196.36,199.8,192.73,15420000.0,1.89,0
197.45,199.2,199.25,195.67,11380000.0,-0.78,0
196.49,198.28,199.42,195.63,7690000.0,-0.49,1
200.45,196.71,201.0,196.1,9090000.0,2.02,1
201.35,200.38,203.42,199.34,13400000.0,0.45,1
204.34,202.44,204.82,201.83,8039999.999999999,1.48,0
201.62,204.88,205.81,201.02,9930000.0,-1.33,1
203.22,201.68,203.61,201.68,7710000.0,0.79,0
201.11,202.35,204.15,200.63,6110000.0,-1.04,0
198.89,201.23,201.45,198.46,8780000.0,-1.1,1
199.05,199.2,200.3,197.9,7460000.0,0.08,0
196.91,199.17,201.06,196.05,24500000.0,-1.08,1
197.18,197.83,199.3,196.3,27020000.0,0.14,1
202.86,197.85,203.45,197.4,18090000.0,2.88,0
202.05,203.64,206.58,200.43,18630000.0,-0.4,0
201.53,202.13,204.7,199.76,14350000.0,-0.26,1
205.21,203.29,205.99,200.68,14700000.0,1.83,0
204.09,204.58,206.16,203.35,12060000.0,-0.55,0
199.08,203.88,204.6,198.55,10010000.0,-2.45,0
198.69,198.65,200.25,197.26,8450000.0,-0.2,1
203.65,199.2,204.58,198.98,12470000.0,2.5,0
197.21,203.7,204.49,196.43,13550000.0,-3.16,1
200.07,197.63,200.71,197.46,19880000.0,1.45,1
202.74,201.2,203.47,200.1,11870000.0,1.33,1
203.24,202.13,203.47,200.82,12860000.0,0.25,1
209.37,203.49,211.87,201.0,24210000.0,3.02,1
220.1,209.67,220.79,209.66,45570000.0,5.12,1
224.08,220.9,226.27,220.9,42190000.0,1.81,0
222.97,224.15,226.79,221.8,17900000.0,-0.5,1
223.71,223.18,225.44,222.81,14770000.0,0.33,0
222.79,223.71,226.28,221.83,17170000.0,-0.41,1
225.86,221.91,226.86,221.46,25080000.0,1.38,0
224.99,224.81,228.0,223.8,19350000.0,-0.39,0
222.78,222.11,223.45,218.54,18620000.0,-0.98,1
224.86,222.56,225.47,222.14,21400000.0,0.93,1
226.1,225.06,227.18,225.06,13680000.0,0.55,1
227.27,226.86,229.27,226.43,14700000.0,0.52,0
226.45,227.03,227.94,225.52,12770000.0,-0.36,1
228.33,223.96,229.08,223.75,11300000.0,0.83,0
225.56,227.31,228.57,224.83,10430000.0,-1.21,0
224.07,223.9,226.79,222.96,14020000.0,-0.66,0
222.0,223.93,225.06,221.05,14990000.0,-0.92,1
225.24,222.83,225.73,222.64,14870000.0,1.46,1
226.41,225.24,227.64,223.74,9100000.0,0.52,0
224.34,226.83,227.42,223.75,9180000.0,-0.91,1
227.34,224.78,228.07,224.73,12490000.0,1.34,1
230.16,227.53,231.08,227.34,13710000.0,1.24,0
229.71,230.51,231.84,228.88,9410000.0,-0.2,1
230.4,231.08,231.57,228.86,5860000.0,0.3,0
226.59,231.13,231.23,225.45,7310000.0,-1.65,1
236.17,225.96,236.96,225.87,15980000.0,4.23,0
235.02,236.86,240.09,234.1,17210000.0,-0.49,0
230.47,235.63,236.0,229.58,12090000.0,-1.94,0
226.04,230.43,231.56,225.23,18570000.0,-1.92,1
227.14,226.7,228.59,224.86,12350000.0,0.49,0
223.93,226.97,227.69,223.06,13650000.0,-1.41,1
224.87,224.86,226.63,223.1,10800000.0,0.42,1
225.25,224.83,226.61,222.59,15350000.0,0.17,1
225.38,225.06,227.95,224.7,9130000.0,0.06,0
222.14,225.6,226.1,220.34,11080000.0,-1.44,0
222.08,222.19,225.01,221.26,13240000.0,-0.03,0
220.1,222.81,223.03,219.77,8039999.999999999,-0.89,1
221.31,220.11,223.48,219.7,7950000.0,0.55,0
217.84,221.35,222.32,216.85,8570000.0,-1.57,0
217.19,218.31,218.91,215.39,8090000.0,-0.3,0
212.0,216.65,217.19,211.47,8910000.0,-2.39,0
209.85,212.92,214.48,208.96,8620000.0,-1.01,1
217.4,211.4,218.54,210.06,11760000.0,3.6,0
213.75,217.19,217.19,212.7,10020000.0,-1.68,0
212.27,214.94,214.94,211.84,6120000.0,-0.69,1
214.63,212.24,216.07,211.22,8189999.999999999,1.11,0
206.01,215.83,215.83,205.44,17540000.0,-4.02,0
204.14,204.6,205.03,201.68,18510000.0,-0.91,0
186.51,197.85,197.85,183.91,32890000.0,-8.64,1
190.69,189.05,193.5,185.08,45690000.0,2.24,1
191.87,190.61,196.68,188.86,17500000.0,0.62,1
195.41,194.89,198.13,192.69,24920000.0,1.85,1
196.14,196.73,198.53,194.73,9940000.0,0.37,0
192.44,196.25,196.25,191.96,19110000.0,-1.89,0
188.83,191.99,191.99,187.76,19980000.0,-1.88,1
191.01,191.11,192.7,189.44,18140000.0,1.15,1
191.97,192.02,193.53,189.85,10760000.0,0.5,0
187.94,191.04,191.04,185.51,14950000.0,-2.1,0
187.33,188.47,189.76,186.09,9450000.0,-0.32,1
190.79,187.96,191.77,185.51,11910000.0,1.85,1
196.52,193.58,197.56,191.22,16010000.000000002,3.0,0
194.93,193.58,195.72,192.35,10220000.0,-0.81,0
193.57,196.05,196.98,192.5,9820000.0,-0.7,1
194.22,193.75,194.64,191.54,7350000.0,0.34,1
195.19,193.81,195.61,192.37,10620000.0,0.5,1
196.18,196.08,197.26,194.53,12390000.0,0.51,1
201.32,197.51,202.24,197.21,31620000.0,2.62,0
197.43,197.85,199.7,196.97,11750000.0,-1.93,0
190.64,197.85,198.96,189.87,14530000.0,-3.44,1
191.19,189.53,192.64,188.86,14050000.0,0.29,0
188.26,190.66,190.66,187.68,26840000.0,-1.53,0
187.57,188.82,189.06,186.32,10730000.0,-0.37,1
189.03,186.61,191.16,185.73,14630000.0,0.78,1
193.87,191.33,194.44,188.52,15960000.0,2.56,1
194.41,196.49,196.49,193.04,8000000.0,0.28,1
199.65,193.99,200.1,193.77,14780000.0,2.7,1
201.91,201.37,202.46,199.15,11380000.0,1.13,1
205.45,201.16,206.41,200.33,10630000.0,1.75,0
199.9,205.7,205.7,199.26,9930000.0,-2.7,0
199.51,201.01,203.58,198.19,8610000.0,-0.2,1
200.5,199.65,202.71,199.65,5730000.0,0.5,1
200.91,198.99,201.52,198.51,5690000.0,0.2,1
203.01,201.41,203.47,200.99,7390000.0,1.05,1
203.18,204.08,204.82,202.37,8350000.0,0.08,1
205.08,203.36,205.68,203.18,14070000.0,0.94,1
216.63,211.57,217.08,211.57,30930000.0,5.63,0
215.1,216.96,217.35,214.27,16700000.0,-0.71,0
214.72,214.83,219.17,214.27,13300000.0,-0.18,1
214.86,216.73,218.77,211.6,11220000.0,0.07,0
211.98,216.27,216.51,211.64,10100000.0,-1.34,0
211.24,211.07,213.2,210.76,10710000.0,-0.35,0
210.66,210.65,212.45,209.07,11040000.0,-0.27,1
211.57,210.44,212.47,210.21,12260000.0,0.43,1
213.07,211.82,214.92,211.37,12340000.0,0.71,1
215.8,213.37,216.18,212.51,6670000.0,1.28,1
217.46,216.57,218.19,216.12,10500000.0,0.77,0
213.88,217.64,219.21,212.74,9260000.0,-1.65,0
210.58,213.37,213.82,209.77,9940000.0,-1.54,1
214.13,211.22,214.66,210.87,7720000.0,1.69,1
216.12,209.88,216.96,207.62,15720000.0,0.93,0
207.47,215.17,215.73,206.01,10600000.0,-4.0,1
208.75,208.44,209.74,208.44,1210000.0,0.62,1
209.78,205.73,211.02,205.61,12630000.0,0.49,1
210.06,208.2,211.79,207.91,14160000.0,0.13,0
208.59,210.91,211.1,208.24,7930000.0,-0.7,0
205.05,208.56,209.39,204.59,10380000.0,-1.7,1
210.16,206.6,211.05,206.23,11250000.0,2.49,1
212.88,209.99,214.22,208.09,10430000.0,1.29,1
214.43,213.59,215.37,212.74,9690000.0,0.73,1
217.57,214.27,218.45,213.83,13670000.0,1.46,1
222.28,218.31,223.02,217.7,21970000.0,2.16,0
220.12,222.36,223.15,219.01,10050000.0,-0.97,0
217.16,220.0,221.33,216.36,27620000.0,-1.34,1
217.17,216.74,220.07,216.12,11980000.0,0.0,1
219.88,217.25,220.27,216.85,6990000.0,1.25,0
219.71,219.19,222.35,219.01,10490000.0,-0.08,0
217.07,218.61,219.48,216.15,12410000.0,-1.2,0
214.05,217.07,218.76,213.54,13370000.0,-1.39,0
211.55,213.34,214.4,210.47,6950000.0,-1.17,0
205.93,210.49,212.12,205.24,8470000.0,-2.66,1
213.67,207.41,214.45,206.85,17160000.0,3.76,1
214.26,213.99,215.62,212.0,16760000.000000002,0.28,1
214.74,213.05,216.63,212.69,9750000.0,0.22,1
219.42,215.17,219.88,214.41,14510000.0,2.18,1
220.03,219.42,222.03,218.88,11170000.0,0.28,1
227.01,220.35,228.21,219.89,17880000.0,3.17,0
223.01,225.69,226.86,222.59,14780000.0,-1.76,1
223.06,222.11,224.61,221.31,11380000.0,0.02,0
221.98,223.21,225.42,221.24,10690000.0,-0.48,1
225.69,222.99,226.38,222.59,11920000.0,1.67,0
224.96,225.71,226.45,224.0,10990000.0,-0.32,1
227.17,224.97,227.93,224.83,11890000.0,0.98,1
228.3,227.17,229.04,226.44,13770000.0,0.5,0
225.85,228.21,228.43,225.28,7520000.0,-1.07,1
228.12,225.6,229.26,224.63,17060000.0,1.01,1
228.28,227.04,229.08,226.68,5000000.0,0.07,0
223.78,225.96,227.94,221.84,27850000.0,-1.97,1
225.99,224.9,227.08,224.16,13800000.0,0.99,1
232.07,226.54,233.47,224.92,24700000.0,2.69,0
227.81,229.57,231.13,226.64,18220000.0,-1.84,1
230.62,229.33,232.23,228.59,19670000.0,1.23,1
236.43,228.42,238.5,227.31,26780000.0,2.52,0
235.05,237.2,239.54,234.07,21570000.0,-0.58,1
242.11,236.77,245.01,235.45,66269999.99999999,3.0,0
238.69,239.19,243.05,236.76,25680000.0,-1.41,1
241.31,240.52,244.96,239.58,26550000.0,1.1,0
228.62,241.7,243.71,226.65,25160000.0,-5.26,1
234.64,231.35,236.03,228.0,19830000.0,2.63,0
225.86,232.68,232.68,222.59,41640000.0,-3.74,0
221.28,228.78,230.62,219.59,29320000.0,-2.03,1
225.77,223.5,227.31,223.5,21860000.0,2.03,0
225.72,227.08,229.05,224.83,12090000.0,-0.02,0
224.69,226.65,227.08,224.15,15920000.0,-0.46,1
228.63,225.06,229.73,224.18,21300000.0,1.75,1
232.79,229.09,233.83,228.88,17700000.0,1.82,0
231.65,233.82,234.23,230.58,9160000.0,-0.49,0
225.09,231.65,232.21,222.7,13630000.0,-2.83,0
220.65,222.14,223.48,219.21,14480000.0,-1.97,0
218.77,222.14,225.06,217.12,16800000.0,-0.85,0
218.29,220.13,220.79,216.15,19380000.0,-0.22,0
216.08,218.34,221.42,215.38,11150000.0,-1.01,0
215.28,214.24,217.82,213.59,18090000.0,-0.37,1
216.44,213.97,218.76,213.29,15580000.0,0.54,0
207.87,216.48,217.18,205.84,15800000.0,-3.96,0
203.82,209.97,209.97,199.67,27060000.0,-1.95,1
212.86,206.4,213.9,206.4,17800000.0,4.44,0
209.22,213.84,215.39,208.42,12020000.0,-1.71,1
214.18,210.24,215.27,206.04,14250000.0,2.37,0
211.37,216.5,217.8,210.44,13320000.0,-1.31,1
212.32,211.34,214.21,210.75,9450000.0,0.45,1
216.36,212.27,217.71,212.27,11790000.0,1.9,0
213.51,216.54,217.46,211.96,17530000.0,-1.32,1
214.19,212.45,215.51,211.79,14020000.0,0.32,0
212.27,214.54,215.06,211.53,22920000.0,-0.9,1
213.67,214.27,215.56,212.31,7710000.0,0.66,1
217.34,213.88,223.62,210.22,28640000.0,1.72,1
220.63,216.9,221.47,216.89,15190000.0,1.51,1
225.17,223.24,226.13,221.97,18560000.0,2.06,1
227.72,227.08,228.88,224.27,14660000.0,1.13,0
226.27,227.98,228.21,225.62,8300000.000000001,-0.64,1
230.9,226.52,231.78,226.52,12200000.0,2.05,1
234.21,229.33,234.7,229.02,10940000.0,1.43,0
227.48,234.29,235.15,226.86,19110000.0,-2.87,1
228.09,228.18,231.48,227.22,14140000.0,0.27,1
229.27,229.13,230.77,227.75,10970000.0,0.52,1
229.44,230.23,231.1,228.23,9680000.0,0.07,1
229.72,229.56,230.63,226.06,10210000.0,0.12,0
228.43,230.9,233.13,227.53,15540000.0,-0.56,1
230.95,228.94,231.61,228.36,12950000.0,1.1,1
233.22,231.12,234.16,229.95,11730000.0,0.98,1
235.59,233.15,236.58,232.85,14150000.0,1.02,0
231.4,235.38,235.38,229.87,15510000.0,-1.78,0
229.42,231.58,231.96,228.35,16680000.0,-0.86,1
232.98,230.18,234.28,229.38,14650000.0,1.55,1
235.41,234.43,236.47,234.43,13340000.0,1.04,0
235.0,234.05,237.42,232.19,28460000.0,-0.17,0
232.58,233.62,235.24,230.45,11430000.0,-1.03,1
232.71,233.83,234.32,230.52,7970000.0,0.06,0
230.89,231.88,234.37,229.82,9470000.0,-0.78,1
232.42,232.05,233.08,229.91,6450000.0,0.66,1
233.21,232.68,235.63,229.8,8109999.999999999,0.34,0
233.01,232.91,237.08,231.85,12380000.0,-0.09,1
233.89,233.15,235.06,232.25,9510000.0,0.38,1
235.49,233.89,237.75,233.39,10310000.0,0.68,1
239.68,236.65,240.55,236.65,14800000.0,1.78,0
239.39,239.63,239.85,237.29,17600000.0,-0.12,0
233.22,240.39,240.39,232.88,20020000.0,-2.58,1
234.09,234.14,236.52,232.7,10500000.0,0.37,0
233.59,233.6,235.51,231.42,10800000.0,-0.21,0
228.63,234.83,234.83,227.6,56450000.0,-2.12,1
228.64,228.3,230.21,226.52,24390000.0,0.0,1
229.2,228.86,230.67,228.43,13390000.0,0.24,0
224.09,227.98,229.15,222.8,57180000.0,-2.23,0
220.94,223.36,224.51,220.08,21670000.0,-1.41,1
221.9,220.11,223.12,219.89,9800000.0,0.43,0
219.39,222.14,223.7,218.71,16219999.999999998,-1.13,1
219.91,219.0,221.17,218.76,12500000.0,0.24,0
219.27,220.34,221.11,218.29,20000000.0,-0.29,0
217.85,218.76,219.62,217.41,13610000.0,-0.65,1
221.03,219.21,221.69,218.72,14170000.0,1.46,0
220.91,221.03,221.39,219.89,6690000.0,-0.05,0
219.3,218.49,220.51,218.09,11390000.0,-0.73,1
223.21,219.44,223.53,219.22,11800000.0,1.78,0
219.92,222.35,222.71,219.21,13520000.0,-1.47,0
219.43,219.66,220.9,218.34,8610000.0,-0.22,0
217.9,220.39,221.03,217.27,11220000.0,-0.7,1
218.21,217.17,218.65,216.76,7600000.0,0.14,0
213.86,218.47,218.52,212.6,8430000.0,-1.99,0
210.04,214.04,214.6,209.4,17120000.0,-1.79,0
209.1,210.75,211.5,208.12,16950000.0,-0.45,1
211.44,208.66,212.24,208.66,11340000.0,1.12,1
213.86,213.56,214.22,211.6,8530000.0,1.14,0
212.88,213.59,214.13,212.27,13100000.0,-0.46,1
219.15,213.38,219.64,213.31,12370000.0,2.95,0
217.8,219.53,220.67,216.96,8890000.0,-0.62,0
215.36,217.86,218.76,215.05,21540000.0,-1.12,0
214.4,215.38,217.21,214.0,8350000.0,-0.45,1
215.0,214.6,215.2,212.49,9460000.0,0.28,1
215.76,215.84,216.49,214.91,7980000.0,0.35,0
214.67,216.07,216.51,214.17,8010000.0,-0.51,1
214.73,215.22,216.05,213.95,17490000.0,0.03,0
214.51,215.39,215.39,213.4,11200000.0,-0.1,1
218.35,215.84,219.54,214.99,14440000.0,1.79,1
219.59,218.99,221.33,217.71,15060000.0,0.57,1
220.58,218.07,221.11,216.53,9430000.0,0.45,0
219.49,220.55,221.55,217.93,10080000.0,-0.49,1
221.37,220.34,221.8,218.93,10270000.0,0.86,0
219.5,220.56,221.16,217.43,8650000.0,-0.84,0
219.19,219.66,220.03,218.11,9720000.0,-0.14,1
222.63,218.57,223.17,217.64,9930000.0,1.57,0
221.93,223.51,223.52,220.27,12860000.0,-0.31,0
220.45,221.46,221.66,219.68,11800000.0,-0.67,0
220.44,220.33,220.79,218.09,9080000.0,0.0,0
213.92,216.94,216.94,209.86,23060000.0,-2.96,1
214.86,211.46,215.48,211.46,8460000.0,0.44,1
215.35,215.03,216.19,214.72,7020000.0,0.23,1
217.39,216.29,217.85,215.84,6940000.0,0.95,1
217.9,218.54,219.77,217.43,11780000.0,0.23,1
218.86,218.71,219.62,218.09,6100000.0,0.44,1
221.84,219.33,223.39,219.33,7200000.0,1.36,1
223.28,221.71,225.49,220.4,10490000.0,0.65,0
222.11,223.15,224.95,221.72,11100000.0,-0.52,0
219.98,221.91,222.36,219.52,6590000.0,-0.96,1
223.15,222.81,223.7,221.57,7630000.0,1.44,1
225.6,223.77,225.96,222.81,9020000.0,1.1,1
226.8,226.0,228.59,225.77,13770000.0,0.53,0
225.94,226.65,228.0,224.44,9930000.0,-0.38,1
227.58,226.86,229.56,225.62,12920000.0,0.73,0
226.24,231.13,233.55,225.23,29630000.0,-0.59,1
228.84,226.18,229.99,223.78,15370000.0,1.15,1
230.0,229.32,231.2,228.55,11320000.0,0.51,0
226.26,230.23,230.45,225.96,6190000.0,-1.63,1
228.17,226.18,228.84,225.98,6370000.0,0.84,1
229.95,227.98,230.17,226.49,7610000.0,0.78,1
230.24,230.0,232.66,228.25,9710000.0,0.13,0
227.78,230.02,230.68,226.85,10180000.0,-1.07,1
230.76,228.19,231.69,227.77,14410000.0,1.31,0
228.18,230.23,230.43,227.53,8890000.0,-1.12,0
226.97,228.88,229.4,225.97,7360000.0,-0.53,1
227.71,226.63,229.33,226.25,7120000.0,0.33,0
223.47,228.07,228.07,222.92,10960000.0,-1.86,0
223.26,224.61,224.83,221.1,9400000.0,-0.09,1
228.49,224.38,229.11,224.17,11180000.0,2.34,1
231.41,229.31,232.48,229.03,12510000.0,1.28,1
231.74,230.9,232.59,229.56,12270000.0,0.14,0
225.65,231.86,232.6,225.28,12430000.0,-2.63,1
228.0,225.27,229.97,224.74,13080000.0,1.04,1
232.88,228.66,234.48,228.66,15110000.0,2.14,0
230.43,232.98,234.91,228.32,12340000.0,-1.05,0
227.82,230.25,231.31,226.45,14290000.0,-1.13,1
228.89,228.43,230.15,228.43,7150000.0,0.47,0
228.18,228.88,229.78,226.43,7550000.0,-0.31,0
227.5,227.53,229.26,226.45,6170000.0,-0.3,0
227.18,227.53,228.21,225.96,6760000.0,-0.14,1
229.44,227.46,229.77,227.31,8050000.000000001,0.99,0
227.69,229.6,231.35,226.86,13810000.0,-0.76,1
231.11,228.86,231.76,228.12,8900000.0,1.5,1
237.75,230.96,238.27,230.7,14950000.0,2.87,1
239.76,238.77,240.23,236.75,16770000.0,0.85,0
238.32,239.43,241.47,235.4,21500000.0,-0.6,0
231.4,236.75,241.19,230.61,39340000.0,-2.9,0
227.84,231.83,232.15,225.35,25960000.0,-1.54,1
229.31,229.31,230.45,228.21,10620000.0,0.65,0
228.8,229.78,230.92,227.77,11930000.0,-0.22,1
232.34,230.02,232.92,229.38,11270000.0,1.55,1
234.85,232.7,236.05,231.58,14090000.0,1.08,1
235.29,231.67,237.42,231.39,31090000.0,0.19,0
234.89,235.63,238.1,234.03,17170000.0,-0.17,1
239.45,235.4,240.62,235.4,28960000.0,1.94,1
241.82,239.9,245.93,238.12,36300000.0,0.99,1
243.36,241.15,244.62,240.8,15390000.0,0.64,0
241.52,243.72,243.89,240.36,10640000.0,-0.76,0
241.08,241.47,243.92,240.35,10100000.0,-0.18,1
244.83,243.49,246.37,242.6,17320000.0,1.56,1
247.95,244.84,249.44,244.84,28690000.0,1.27,1
248.94,248.08,253.96,247.37,35270000.0,0.4,1
249.68,251.14,253.15,248.8,17880000.0,0.3,0
245.21,249.09,249.12,244.24,22910000.0,-1.79,0
241.12,246.19,249.73,239.99,19620000.0,-1.67,1
243.65,240.12,246.09,239.74,10340000.0,1.05,1
245.23,244.39,249.1,241.98,16730000.0,0.65,1
246.5,245.75,249.18,245.52,12100000.0,0.52,0
244.93,248.22,248.78,244.12,9960000.0,-0.64,1
249.75,245.52,253.22,245.52,19490000.0,1.97,0
249.34,250.46,252.5,248.78,14100000.0,-0.16,0
246.5,250.46,252.26,245.97,10660000.0,-1.14,0
237.68,244.84,244.85,236.52,20250000.0,-3.58,1
242.29,239.0,243.27,238.69,14090000.0,1.94,0
238.47,242.82,243.0,238.04,9070000.0,-1.58,1
243.07,239.67,243.44,238.78,10220000.0,1.93,1
244.47,243.82,246.13,243.14,15760000.0,0.58,1
244.52,245.96,246.87,243.73,9350000.0,0.02,0
239.27,246.64,246.64,237.96,40250000.0,-2.15,0
239.07,240.57,241.47,238.47,9700000.0,-0.08,0
238.51,239.45,239.5,237.02,7070000.0,-0.23,0
236.99,237.44,238.2,236.55,10100000.0,-0.64,0
235.78,236.32,236.95,234.59,11850000.0,-0.51,1
237.19,236.08,237.87,234.68,7500000.0,0.6,0
236.35,238.04,238.04,235.24,1460000.0,-0.35,0
236.3,236.37,237.41,235.49,9440000.0,-0.02,0
230.17,234.05,234.47,229.56,6500000.0,-2.59,1
230.22,230.2,232.65,229.47,6750000.0,0.02,0
226.08,229.39,230.88,224.83,10650000.0,-1.8,0
225.09,227.98,228.55,224.62,8770000.0,-0.44,1
225.62,226.12,226.12,224.45,12400000.0,0.24,1
225.87,213.59,226.86,209.1,19970000.0,0.11,1
227.17,229.02,231.34,226.41,9010000.0,0.58,0
225.23,224.35,228.77,223.73,13640000.0,-0.85,0
221.55,224.05,224.83,220.24,13370000.0,-1.63,1
221.81,223.71,224.11,220.49,15280000.0,0.12,0
219.83,221.69,224.42,219.08,11660000.0,-0.89,1
222.02,221.46,223.19,220.79,16770000.0,1.0,1
222.92,222.03,223.38,221.06,12210000.0,0.41,1
225.16,224.32,226.59,223.33,16290000.0,1.0,1
226.86,225.96,227.19,224.73,12100000.0,0.76,0
221.99,226.08,226.08,220.83,17460000.0,-2.15,1
223.42,222.59,223.91,221.31,9650000.0,0.64,0
221.83,223.26,224.97,221.26,7670000.0,-0.71,1
224.32,222.36,225.8,222.15,9120000.0,1.12,0
222.6,224.82,224.82,221.83,25470000.0,-0.77,1
224.33,224.83,228.21,223.71,11660000.0,0.78,0
223.65,223.91,225.96,222.99,11520000.0,-0.3,0
223.45,223.71,224.77,221.8,3680000.0,-0.09,1
226.0,223.93,226.31,223.62,6210000.0,1.14,0
224.64,225.73,226.54,224.01,4550000.0,-0.6,1
229.34,225.97,229.73,225.81,8080000.0,2.09,1
231.34,229.78,231.99,229.4,7600000.0,0.87,0
230.95,229.44,234.21,229.44,8330000.0,-0.17,1
233.78,231.13,234.05,231.03,9570000.0,1.23,1
238.21,233.78,239.32,233.42,22280000.0,1.89,0
236.74,236.61,240.03,235.77,17840000.0,-0.62,1
237.68,236.52,238.77,236.52,13790000.0,0.4,1
238.9,237.2,239.89,237.05,13850000.0,0.51,0
237.85,237.13,238.55,236.78,10790000.0,-0.44,1
239.05,238.35,239.96,237.69,18800000.0,0.5,0
236.83,237.87,238.92,236.29,26670000.0,-0.93,1
237.72,236.52,240.34,236.52,9470000.0,0.38,0
235.5,237.05,239.67,234.87,14140000.0,-0.93,1
239.38,235.59,239.92,235.4,16100000.000000002,1.65,0
236.01,240.1,240.47,235.42,8900000.0,-1.41,1
239.55,236.08,240.3,235.96,8100000.0,1.5,1
243.36,239.4,243.94,239.02,14500000.0,1.59,1
243.97,243.72,245.07,241.1,6550000.0,0.25,1
244.93,245.03,246.64,243.07,5940000.0,0.39,0
239.93,245.72,245.74,239.29,9590000.0,-2.04,1
242.24,240.8,242.8,240.29,8060000.000000001,0.96,0
241.68,241.52,243.94,241.27,7240000.0,-0.23,1
242.3,242.15,244.17,240.8,4830000.0,0.26,1
245.03,242.82,246.06,242.82,10480000.0,1.13,0
244.18,246.19,246.35,243.72,10590000.0,-0.35,0
243.56,244.39,245.15,242.78,4040000.0,-0.25,1
245.16,243.84,246.75,243.84,6680000.0,0.66,0
241.98,245.06,245.96,241.46,11090000.0,-1.3,0
234.11,239.45,240.12,233.49,36210000.0,-3.25,0
232.15,234.41,235.63,231.3,14650000.0,-0.84,1
232.41,232.74,235.02,231.8,14110000.0,0.11,0
230.63,232.47,233.25,230.21,8109999.999999999,-0.77,0
228.41,229.73,231.8,227.71,12650000.0,-0.96,1
230.97,228.66,231.31,228.66,8690000.0,1.12,0
228.72,232.03,232.19,228.46,22020000.0,-0.97,1
230.48,229.39,231.33,229.11,20180000.0,0.77,1
234.91,230.44,235.28,230.41,14470000.0,1.92,1
235.0,235.37,236.93,233.89,13960000.0,0.04,1
236.0,235.2,236.28,232.75,10440000.0,0.43,0
234.61,236.08,236.26,233.43,8400000.0,-0.59,0
232.4,235.18,236.18,231.6,12200000.0,-0.94,1
234.2,233.15,234.93,232.04,9220000.0,0.77,0
231.78,234.28,234.36,230.95,9140000.0,-1.03,0
230.49,231.78,233.43,229.78,14980000.0,-0.56,1
232.2,231.13,232.48,230.86,9100000.0,0.74,0
231.61,232.7,232.83,230.58,11550000.0,-0.25,0
231.54,232.25,232.48,229.78,7910000.0,-0.03,1
236.03,232.7,236.73,231.56,16840000.0,1.94,1
236.37,236.73,237.76,235.01,14060000.0,0.14,1
240.01,236.65,240.45,236.65,18140000.0,1.54,1
241.81,239.78,242.42,237.98,13700000.0,0.75,0
241.79,240.7,242.56,239.78,10750000.0,-0.01,1
244.66,241.74,245.28,241.26,13090000.0,1.19,1
271.49,245.74,272.42,245.52,117520000.0,10.97,0
265.92,272.86,274.75,265.16,57460000.0,-2.05,1
278.55,267.66,282.57,267.63,77000000.0,4.75,0
278.36,276.99,280.59,276.21,33330000.0,-0.07,0
277.56,278.82,279.78,276.55,22510000.0,-0.29,1
278.06,278.32,282.1,275.88,16670000.000000002,0.18,1
282.96,279.14,289.54,279.14,77810000.0,1.76,1
293.49,285.31,294.98,284.47,61590000.0,3.72,0
293.4,296.52,298.35,291.42,38830000.0,-0.03,0
290.31,294.01,294.01,289.16,40000000.0,-1.05,0
289.3,290.04,291.83,288.12,28700000.0,-0.35,0
288.16,290.09,291.38,283.56,22880000.0,-0.39,1
289.92,296.5,296.56,288.97,25630000.0,0.61,1
293.4,290.27,295.95,290.13,22250000.0,1.2,0
291.76,294.53,294.62,290.84,14700000.0,-0.56,1
292.44,294.08,296.77,291.85,20980000.0,0.23,0
287.97,293.63,293.69,287.42,11880000.0,-1.53,0
284.14,288.28,288.66,283.13,20860000.0,-1.33,0
283.22,281.49,284.62,280.27,18730000.0,-0.32,1
286.28,284.0,287.24,282.84,10900000.0,1.08,1
289.3,286.46,290.48,285.19,15030000.0,1.05,0
281.29,285.79,287.51,280.41,29950000.0,-2.77,0
280.09,282.84,284.19,279.27,20040000.0,-0.43,1
282.54,281.42,283.29,277.3,17470000.0,0.87,1
285.68,282.17,286.61,281.72,25720000.0,1.11,1
296.98,284.64,300.75,284.64,41900000.0,3.96,1
309.07,301.73,310.38,300.61,41430000.0,4.07,1
318.14,313.69,318.81,310.29,37220000.0,2.93,1
323.42,316.79,325.76,315.26,46720000.0,1.66,0
316.25,319.56,322.41,315.34,29420000.0,-2.22,0
310.57,317.02,320.37,309.66,28400000.0,-1.8,0
308.55,312.04,314.87,308.04,29770000.0,-0.65,0
304.42,310.9,311.72,303.78,25330000.0,-1.34,1
306.85,304.42,308.79,302.93,11730000.0,0.8,1
312.93,306.9,313.77,306.9,10930000.0,1.98,0
308.07,314.76,317.02,307.35,14780000.0,-1.55,0
307.75,307.8,310.84,305.22,10680000.0,-0.1,1
307.92,310.05,311.8,306.7,7750000.0,0.06,1
315.33,310.38,319.49,309.94,27900000.0,2.41,1
318.68,316.8,322.64,314.81,23550000.0,1.06,1
322.14,328.26,330.0,320.64,33930000.0,1.09,0
318.47,322.64,323.77,315.35,15470000.0,-1.14,0
316.9,318.59,320.2,315.26,11600000.0,-0.49,0
313.69,316.96,319.33,312.74,10940000.0,-1.01,0
308.15,315.22,315.22,307.19,17160000.0,-1.77,0
308.04,309.57,310.44,306.9,8770000.0,-0.04,0
305.31,309.15,310.18,304.44,13260000.0,-0.89,0
298.64,306.13,307.43,297.9,14400000.0,-2.18,0
297.1,299.03,301.16,296.41,14830000.0,-0.52,1
299.11,297.68,299.85,296.84,19480000.0,0.68,1
305.57,300.11,306.58,299.17,21140000.0,2.16,1
305.67,306.7,307.97,303.9,12720000.0,0.03,0
303.63,305.78,306.67,302.19,6940000.0,-0.67,0
302.2,304.96,304.96,299.82,6220000.0,-0.47,1
304.94,302.64,309.57,301.5,11680000.0,0.91,0
304.22,304.2,307.11,303.02,9090000.0,-0.24,0
298.43,301.33,303.53,297.7,9040000.0,-1.9,0
296.52,299.7,300.31,294.53,11830000.0,-0.64,1
297.71,298.24,299.84,295.7,8119999.999999999,0.4,0
293.53,298.06,298.99,292.73,8510000.0,-1.4,0
291.77,293.97,295.36,291.18,13220000.0,-0.6,1
292.83,292.28,295.07,291.49,23930000.0,0.36,1
300.67,293.17,302.27,292.28,19780000.0,2.68,1
305.08,300.6,307.0,300.29,22170000.0,1.47,1
305.63,304.85,306.83,303.19,8910000.0,0.18,0
301.43,307.35,307.56,300.33,15160000.0,-1.37,0
298.64,299.64,301.28,297.45,8800000.0,-0.93,0
297.85,300.15,300.98,296.11,10610000.0,-0.26,1
298.88,298.19,301.5,295.85,10000000.0,0.35,0
295.16,299.92,299.92,294.76,8850000.0,-1.24,1
301.05,294.8,301.73,294.31,10340000.0,2.0,0
299.41,301.28,302.36,298.59,7290000.0,-0.54,1
300.31,302.42,304.19,299.25,12770000.0,0.3,0
296.66,298.25,298.97,296.11,7780000.0,-1.22,0
295.51,296.92,298.35,294.76,5560000.0,-0.39,1
305.21,295.86,305.77,295.86,48860000.0,3.28,1
311.16,305.77,313.64,305.57,26110000.0,1.95,1
312.25,312.32,313.82,307.86,30190000.0,0.35,1
316.85,312.56,318.32,312.56,14060000.0,1.47,1
317.54,316.79,319.74,316.44,9360000.0,0.22,1
319.71,316.52,321.06,315.72,18450000.0,0.68,1
322.11,321.39,324.97,320.99,20420000.0,0.75,1
322.83,322.86,324.21,321.65,28750000.0,0.22,1
323.12,321.96,324.43,320.39,30080000.0,0.09,0
314.43,323.75,323.75,313.77,14370000.0,-2.69,0
313.13,314.77,317.02,312.54,11910000.0,-0.41,0
310.27,312.97,313.06,309.16,7210000.0,-0.91,1
310.51,312.11,313.58,308.25,8490000.0,0.08,1
319.7,312.52,320.86,312.29,17370000.0,2.96,1
324.36,321.39,325.44,320.16,25110000.0,1.46,0
324.33,325.72,326.01,323.31,12540000.0,-0.01,1
335.26,324.43,336.74,323.76,33090000.000000004,3.37,1
335.64,344.0,348.49,334.8,3290000.0,0.11,1
335.98,337.48,338.24,334.33,19380000.0,0.1,1
339.75,337.12,342.87,336.69,15790000.0,1.12,1
342.22,339.22,342.87,338.63,21240000.0,0.73,1
344.84,341.75,345.34,340.75,18950000.0,0.77,1
348.89,345.57,350.65,345.57,17310000.0,1.17,0
341.72,347.77,348.9,339.72,18130000.0,-2.06,1
344.66,340.08,345.79,340.08,10880000.0,0.86,0
343.75,346.19,348.49,342.58,12580000.0,-0.26,1
356.36,348.49,357.87,347.36,89660000.0,3.67,1
363.16,359.73,365.33,356.36,40090000.0,1.91,0
360.22,365.29,365.34,359.19,18520000.0,-0.81,1
364.85,360.68,366.46,359.98,20260000.0,1.29,0
358.56,366.03,366.82,357.11,16990000.0,-1.72,0
358.49,357.77,361.07,354.79,13230000.0,-0.02,1
363.15,360.17,363.96,358.83,15290000.0,1.3,0
360.54,364.85,364.85,357.82,11360000.0,-0.72,1
366.3,361.98,367.76,361.55,19190000.0,1.6,1
371.0,365.77,374.33,363.57,18190000.0,1.28,0
364.71,373.9,373.9,363.13,17150000.0,-1.7,0
363.41,366.84,366.84,362.56,8800000.0,-0.36,0
360.31,363.78,364.47,356.77,10120000.0,-0.85,0
359.46,360.07,364.23,356.36,9630000.0,-0.24,0
356.22,358.17,361.23,354.78,9400000.0,-0.9,0
347.65,348.71,355.24,344.67,15690000.0,-2.41,1
353.67,350.97,356.25,350.97,12410000.0,1.73,0
352.11,353.44,354.34,348.54,12530000.0,-0.44,1
352.34,352.76,359.21,351.0,14610000.0,0.07,1
354.2,351.64,354.74,349.2,7320000.0,0.53,0
351.73,354.56,356.17,350.8,6990000.0,-0.7,0
350.75,353.44,355.21,349.85,8800000.0,-0.28,1
355.7,351.83,356.71,349.2,7680000.0,1.41,0
352.55,357.49,358.18,351.75,11680000.0,-0.89,0
352.21,355.02,355.68,351.01,11370000.0,-0.1,0
344.48,351.16,352.43,344.0,14000000.0,-2.19,1
351.66,347.94,352.72,346.52,9540000.0,2.08,1
358.5,354.11,359.16,353.89,23170000.0,1.95,1
362.0,359.7,363.47,359.51,14240000.0,0.98,1
362.74,363.22,367.86,358.8,19900000.0,0.2,1
367.06,366.48,367.57,364.47,23280000.0,1.19,1
369.94,365.67,371.54,364.86,44990000.0,0.78,0
367.87,370.08,374.35,366.48,14960000.0,-0.56,0
367.33,368.73,370.19,365.17,12230000.0,-0.15,1
367.78,369.31,371.81,367.18,11710000.0,0.12,1
370.41,369.96,370.98,367.38,6000000.0,0.72,1
381.77,370.53,386.67,369.63,27120000.0,3.07,0
379.45,384.83,387.39,378.62,10950000.0,-0.61,0
378.53,378.62,383.5,375.36,26390000.0,-0.24,1
380.22,382.22,382.69,379.11,4670000.0,0.45,0
377.09,381.63,381.65,376.37,7120000.0,-0.82,1
380.94,384.96,392.33,380.01,23020000.0,1.02,0
378.33,380.87,382.98,376.03,11950000.0,-0.69,0
367.56,377.68,377.68,365.67,11350000.0,-2.85,1
369.42,366.48,372.3,362.07,13130000.0,0.51,0
368.77,369.49,371.9,365.22,9750000.0,-0.18,0
359.35,371.25,371.29,357.71,17030000.0,-2.55,0
353.64,359.58,361.04,350.83,27270000.0,-1.59,0
351.15,356.02,356.77,350.34,15380000.0,-0.7,1
358.99,357.49,361.46,353.15,16930000.0,2.23,1
368.21,359.37,370.95,357.76,17450000.0,2.57,1
370.59,370.98,372.53,368.12,9810000.0,0.65,1
376.39,370.53,377.43,369.9,12000000.0,1.57,0
373.52,377.27,377.63,372.32,8170000.0,-0.76,1
379.16,373.67,381.0,373.67,13600000.0,1.51,0
377.79,380.1,385.99,375.92,14230000.0,-0.36,1
392.45,378.66,394.27,378.66,17210000.0,3.88,1
394.11,395.39,400.52,392.72,19850000.0,0.42,1
394.27,395.26,401.1,387.3,29540000.0,0.04,0
393.17,394.81,397.51,389.95,12830000.0,-0.28,1
411.22,394.54,412.75,393.46,33850000.0,4.59,0
409.15,411.81,414.55,406.05,7400000.0,-0.5,1
422.57,410.5,424.8,408.79,25340000.0,3.28,0
420.1,426.15,426.15,417.38,12790000.0,-0.58,1
422.64,422.73,425.34,417.97,9240000.0,0.6,1
426.01,422.69,430.69,418.64,15540000.0,0.8,0
418.12,427.18,430.2,416.26,10610000.0,-1.85,1
423.81,419.99,425.18,418.46,7220000.0,1.36,0
423.07,424.91,425.27,419.18,8770000.0,-0.17,1
428.33,426.17,430.69,425.27,16219999.999999998,1.24,0
425.65,428.44,430.11,424.6,9490000.0,-0.63,0
425.07,429.86,429.86,422.75,4430000.0,-0.14,0
419.31,423.81,423.81,417.74,9010000.0,-1.36,0
407.71,419.7,420.44,406.07,18870000.0,-2.77,0
399.21,405.82,407.4,397.55,16390000.0,-2.08,1
404.93,402.34,409.15,401.13,13850000.0,1.43,0
397.44,405.13,405.13,395.35,12850000.0,-1.85,0
393.57,397.96,401.06,392.78,8390000.0,-0.97,1
398.72,393.46,402.45,392.56,11520000.0,1.31,0
397.37,397.73,400.47,394.79,14100000.0,-0.34,1
406.43,398.18,407.4,398.18,13990000.0,2.28,1
410.05,413.22,415.9,408.52,11280000.0,0.89,1
414.08,407.49,415.65,406.95,8520000.0,0.98,1
419.34,416.75,422.53,416.17,12070000.0,1.27,0
418.53,421.54,422.08,415.25,10210000.0,-0.19,1
425.83,418.64,427.14,416.68,14800000.0,1.74,1
427.68,427.18,431.46,426.01,12910000.0,0.43,1
427.79,425.95,430.56,424.49,9450000.0,0.03,0
424.19,427.12,427.79,421.83,9370000.0,-0.84,1
425.39,423.52,427.18,423.14,7420000.0,0.28,0
414.39,423.34,423.34,413.47,19050000.0,-2.59,0
409.24,415.69,418.75,408.16,10260000.0,-1.24,0
405.42,410.77,410.91,403.51,9330000.0,-0.93,1
410.86,405.17,414.03,402.65,16900000.0,1.34,1
416.68,409.2,418.33,408.66,22220000.0,1.42,1
418.89,418.21,420.89,415.04,11160000.0,0.53,0
414.14,419.92,421.32,413.27,11280000.0,-1.13,0
411.96,414.8,416.39,410.79,9960000.0,-0.53,0
411.72,411.87,417.74,408.3,14570000.0,-0.06,0
411.29,412.3,415.92,409.51,8440000.0,-0.1,1
414.37,413.24,415.9,408.63,10140000.0,0.75,0
413.58,418.64,419.52,412.66,22530000.0,-0.19,1
414.14,410.07,419.38,387.91,17150000.0,0.14,1
416.37,415.31,416.84,413.69,8210000.000000001,0.54,0
412.86,416.35,417.02,412.34,9640000.0,-0.84,0
410.52,413.0,415.47,409.2,8369999.999999999,-0.57,1
413.87,411.29,414.77,408.88,9840000.0,0.82,1
418.1,415.87,422.19,412.86,10700000.0,1.02,0
415.38,419.54,421.56,413.24,8790000.0,-0.65,1
415.58,416.05,420.17,413.29,14320000.0,0.05,0
414.17,416.62,419.22,413.02,10240000.0,-0.34,0
409.08,414.91,414.91,408.07,8730000.0,-1.23,1
409.71,410.55,413.49,407.58,8770000.0,0.15,1
411.36,415.94,416.39,410.57,12470000.0,0.4,1
413.83,412.86,414.5,411.76,8320000.0,0.6,1
415.16,414.5,416.8,413.81,6870000.0,0.32,1
417.54,416.44,418.64,415.27,8150000.0,0.57,1
423.11,417.36,424.44,415.49,13190000.0,1.33,1
423.74,424.04,426.01,420.66,10820000.0,0.15,0
421.68,423.5,423.88,420.44,7250000.0,-0.49,1
426.73,424.04,428.44,421.9,13910000.0,1.2,1
426.8,427.18,431.01,425.03,10260000.0,0.02,0
415.02,426.15,426.15,413.69,9990000.0,-2.76,1
415.72,416.39,417.74,407.85,12190000.0,0.17,0
413.56,417.74,418.01,411.49,8660000.0,-0.52,1
418.77,415.04,420.17,414.64,9210000.0,1.26,1
436.85,426.28,438.11,422.69,42180000.0,4.32,1
442.14,438.43,445.6,438.43,20790000.0,1.21,0
434.54,441.46,441.46,432.87,13190000.0,-1.72,0
434.33,435.23,437.08,429.95,12620000.0,-0.05,0
433.7,434.47,439.46,431.37,9130000.0,-0.15,0
427.36,434.29,434.29,426.73,8480000.0,-1.46,1
432.26,427.18,433.7,423.38,11590000.0,1.15,0
424.42,433.14,437.35,421.16,15250000.0,-1.81,0
406.66,420.44,424.46,405.15,26740000.0,-4.18,0
405.67,402.0,410.32,396.52,17710000.0,-0.24,0
401.15,394.36,403.8,391.66,22210000.0,-1.11,1
402.18,405.85,407.13,400.2,14340000.0,0.26,1
406.75,403.76,409.49,401.26,12760000.0,1.14,0
403.73,399.75,405.6,398.41,10690000.0,-0.74,1
411.67,406.05,412.88,405.62,10960000.0,1.97,1
419.83,415.04,423.81,414.14,20530000.0,1.98,1
420.73,421.63,425.27,417.36,12330000.0,0.21,0
414.28,422.51,423.86,412.84,8890000.0,-1.53,1
416.84,414.14,419.09,410.79,8250000.0,0.62,0
414.19,417.74,417.99,413.15,7810000.0,-0.64,1
417.9,418.19,419.31,414.66,11000000.0,0.9,0
415.65,414.59,418.64,413.69,10330000.0,-0.54,1
420.1,416.12,421.79,414.93,9790000.0,1.07,1
422.1,422.24,424.89,421.16,7790000.0,0.48,1
427.41,422.24,429.79,421.95,12940000.0,1.26,1
429.23,425.36,430.38,424.13,52290000.0,0.43,0
426.46,427.07,431.64,425.36,8270000.0,-0.65,0
415.54,424.04,427.25,414.41,11380000.0,-2.56,0
409.58,417.74,420.98,406.99,14790000.0,-1.43,0
400.09,408.86,408.86,399.33,14630000.0,-2.32,1
409.85,403.64,411.22,401.69,12260000.0,2.44,1
410.59,411.4,413.4,409.67,9820000.0,0.18,1
418.33,413.69,419.58,412.59,7670000.0,1.89,1
419.02,419.04,420.89,414.3,10290000.0,0.16,0
417.76,417.65,419.11,413.33,13590000.0,-0.3,0
410.01,415.94,417.94,409.2,11730000.0,-1.86,0
404.72,408.75,409.06,398.43,28440000.0,-1.29,0
402.68,405.15,407.8,401.1,11660000.0,-0.5,0
400.11,401.69,406.5,398.88,14020000.0,-0.64,1
403.31,402.38,405.76,401.69,13580000.0,0.8,1
408.37,402.9,410.07,402.79,20430000.0,1.25,0
401.96,400.47,404.7,399.8,21660000.0,-1.57,1
405.2,401.98,406.63,401.33,12210000.0,0.81,0
404.61,407.94,409.53,403.35,14010000.0,-0.15,0
396.92,402.81,402.83,395.71,17690000.0,-1.9,1
401.53,401.55,405.13,398.63,11530000.0,1.16,1
404.5,400.65,405.46,398.07,12850000.0,0.74,0
402.41,406.81,410.01,401.13,13120000.0,-0.52,1
408.39,406.99,409.2,406.27,7870000.0,1.49,1
409.65,408.3,413.02,406.95,8920000.0,0.31,1
411.9,410.34,413.24,410.34,7210000.0,0.55,1
412.37,412.97,415.45,411.06,7800000.0,0.11,1
418.57,414.5,419.43,411.92,12130000.0,1.5,0
417.61,418.12,421.18,415.58,9990000.0,-0.23,1
422.17,419.4,423.45,417.61,11650000.0,1.09,0
421.36,420.19,422.69,417.52,8250000.0,-0.19,1
424.6,422.69,425.92,420.89,8860000.0,0.77,0
421.79,425.05,426.37,420.46,6790000.0,-0.66,1
423.72,422.28,424.94,420.44,9050000.0,0.46,0
417.25,421.79,423.52,414.23,6760000.0,-1.53,1
420.89,418.19,424.64,417.52,7080000.0,0.87,1
436.2,420.8,438.74,420.44,18390000.0,3.64,1
436.4,437.82,441.48,433.28,13000000.0,0.05,1
438.58,437.53,444.27,432.69,31470000.0,0.5,1
448.0,445.08,454.61,443.15,23550000.0,2.15,0
433.16,441.57,446.34,431.68,17910000.0,-3.31,1
437.39,434.83,440.31,433.95,12350000.0,0.98,0
432.4,439.73,439.73,431.34,7970000.0,-1.14,0
428.96,432.96,433.79,427.18,7660000.0,-0.8,1
436.63,431.16,437.64,430.04,7090000.0,1.79,0
434.87,439.55,441.57,434.02,9960000.0,-0.4,1
439.19,434.33,442.61,432.69,9070000.0,0.99,1
441.19,440.67,442.74,438.09,8109999.999999999,0.46,1
444.83,441.24,445.75,439.66,8100000.0,0.83,0
443.64,446.05,446.05,439.19,5210000.0,-0.27,0
440.2,442.05,449.67,439.17,9690000.0,-0.78,0
429.95,437.98,437.98,428.29,17390000.0,-2.33,0
425.09,431.39,431.68,423.36,9560000.0,-1.13,0
419.92,425.21,428.76,419.09,10560000.0,-1.22,0
418.8,418.53,420.75,414.64,13380000.0,-0.27,0
416.73,419.61,419.99,415.94,10440000.0,-0.49,0
410.21,416.39,416.39,408.81,9220000.0,-1.56,1
411.83,411.0,414.14,409.26,10740000.0,0.39,1
414.05,411.9,415.22,411.2,16410000.0,0.54,0
413.87,415.9,416.84,412.84,10490000.0,-0.04,0
412.55,414.37,417.29,411.18,16500000.0,-0.32,0
411.94,411.38,415.13,407.67,12100000.0,-0.15,1
414.3,414.14,414.73,411.24,34220000.0,0.57,1
418.44,413.69,420.78,413.0,17700000.0,1.0,1
423.07,419.72,424.49,418.44,11310000.0,1.11,1
426.13,423.95,429.43,423.14,16090000.0,0.72,1
429.16,425.83,429.88,423.88,8460000.0,0.71,1
436.78,429.39,438.88,429.18,13840000.0,1.78,1
442.63,434.54,443.62,431.95,13190000.0,1.34,0
441.87,443.87,449.64,440.25,13860000.0,-0.17,1
448.39,442.2,449.67,440.81,15030000.0,1.48,1
450.79,449.67,452.32,444.95,11960000.0,0.54,1
453.24,448.52,454.97,444.0,11070000.0,0.54,1
456.05,452.37,460.23,449.33,22800000.0,0.62,1
456.66,453.62,458.86,452.81,11410000.0,0.13,0
447.89,455.92,456.32,446.81,12810000.0,-1.92,1
458.32,447.87,459.96,447.35,14520000.0,2.33,1
464.03,460.21,465.86,459.25,21220000.0,1.25,0
455.29,462.44,462.8,453.47,32650000.0,-1.88,0
451.67,454.79,457.09,450.7,10490000.0,-0.8,0
440.2,452.37,452.37,438.54,16290000.0,-2.54,0
434.31,440.0,443.1,432.89,18090000.0,-1.34,0
424.91,432.58,435.5,422.82,17330000.0,-2.16,1
437.28,426.78,438.65,426.73,16079999.999999998,2.91,0
431.95,437.23,437.23,430.33,13450000.0,-1.22,1
436.76,433.93,439.98,431.84,10230000.0,1.11,1
445.22,436.99,446.07,436.63,10100000.0,1.94,0
433.7,448.32,453.44,431.05,37790000.0,-2.59,1
439.57,433.82,442.02,433.7,18500000.0,1.35,1
448.36,443.87,449.67,442.25,10440000.0,2.0,1
461.22,450.9,462.48,449.67,21090000.0,2.87,1
467.11,460.91,468.06,457.69,17490000.0,1.28,1
486.7,469.61,494.18,468.82,48680000.0,4.19,1
494.54,485.87,498.68,485.64,36280000.0,1.61,0
483.93,494.54,498.64,482.52,13320000.0,-2.15,1
491.19,484.88,492.81,480.96,13060000.0,1.5,1
491.28,493.91,496.7,484.43,9450000.0,0.02,1
496.81,491.62,501.38,488.5,10970000.0,1.13,1
507.52,500.66,511.95,499.98,16190000.000000002,2.16,0
503.76,508.03,508.03,500.52,11800000.0,-0.74,0
499.56,504.53,506.66,497.96,9020000.0,-0.83,1
501.45,499.13,504.98,496.52,12010000.0,0.38,0
499.42,499.18,504.3,498.14,12970000.0,-0.4,1
508.06,503.4,511.45,500.1,13490000.0,1.73,1
517.75,508.12,520.4,507.22,28010000.0,1.91,1
533.31,517.57,535.28,515.84,28010000.0,3.01,1
536.16,535.28,540.9,533.04,19590000.0,0.53,0
525.37,535.78,535.78,524.29,12620000.0,-2.01,1
529.24,528.36,532.18,525.91,13420000.0,0.74,1
536.27,529.12,537.8,528.52,8109999.999999999,1.33,0
532.5,537.31,540.23,529.26,8199999.999999999,-0.7,1
547.56,532.86,549.72,532.86,15970000.0,2.83,1
547.67,549.27,553.85,545.0,13820000.0,0.02,0
541.49,544.55,546.35,540.63,7230000.0,-1.13,0
534.07,538.5,539.58,531.82,9420000.0,-1.37,1
544.37,535.1,547.33,532.54,10700000.0,1.93,0
539.96,541.06,546.8,537.58,12080000.0,-0.81,1
541.29,543.65,546.53,539.62,7730000.0,0.25,1
555.29,543.15,556.15,543.04,15360000.0,2.59,1
560.82,556.35,562.76,551.74,14700000.0,1.0,1
570.83,560.42,572.88,556.87,16090000.0,1.78,1
574.45,568.94,575.55,566.6,13430000.0,0.63,1
580.75,575.3,582.7,575.01,11250000.0,1.1,1
593.11,582.77,594.91,582.32,17550000.0,2.13,0
581.96,591.9,597.61,580.16,22360000.0,-1.88,0
573.08,581.69,583.29,571.28,19890000.0,-1.53,0
558.33,571.08,571.08,556.06,30900000.0,-2.57,0
552.71,559.84,565.64,551.31,24630000.0,-1.01,1
558.46,555.41,564.24,552.64,17850000.0,1.04,0
551.74,558.71,563.28,543.42,20850000.0,-1.2,1
567.21,553.16,569.14,551.0,22600000.0,2.8,1
574.94,568.78,576.18,564.11,21590000.0,1.36,0
564.71,573.33,574.22,562.13,14250000.0,-1.78,0
556.55,566.13,570.36,555.0,21960000.0,-1.44,1
563.21,562.89,566.0,552.57,16280000.000000002,1.2,1
563.5,566.31,573.6,561.03,15910000.0,0.05,0
551.25,562.42,562.42,549.31,13640000.0,-2.17,0
547.31,551.29,557.32,546.05,15380000.0,-0.71,0
544.43,550.39,550.39,540.05,22750000.0,-0.53,1
547.47,548.14,556.42,532.18,38500000.0,0.56,1
554.01,546.1,557.54,541.62,20400000.0,1.19,0
553.36,555.56,559.84,537.35,19610000.0,-0.12,1
562.71,557.14,563.86,551.81,12910000.0,1.69,1
563.77,564.33,567.93,556.46,21820000.0,0.19,1
565.66,566.54,571.84,560.87,22360000.0,0.34,0
553.85,565.55,565.55,541.4,14800000.0,-2.09,0
541.89,552.87,557.41,539.62,14890000.0,-2.16,0
504.64,534.88,535.28,497.33,46860000.0,-6.87,0
471.63,494.41,501.51,466.82,44300000.0,-6.54,1
498.86,472.15,502.28,461.16,49830000.0,5.77,0
490.16,504.37,505.11,486.18,22190000.0,-1.74,1
495.58,491.89,501.76,487.57,19180000.0,1.11,0
489.15,478.45,501.27,469.0,26700000.0,-1.3,1
506.57,496.86,507.67,495.49,18290000.0,3.56,1
512.51,508.08,515.72,502.8,17910000.0,1.17,1
523.32,515.32,524.94,512.62,15100000.0,2.11,0
517.7,530.16,530.31,512.62,25810000.0,-1.07,0
495.22,494.63,499.58,481.26,51320000.0,-4.34,0
477.84,499.13,501.29,475.46,26580000.0,-3.51,0
474.26,473.39,478.76,469.3,21350000.0,-0.75,0
470.24,483.35,483.82,463.79,27570000.0,-0.85,0
463.52,465.86,467.95,457.04,28460000.0,-1.43,1
469.86,464.46,475.3,459.56,18540000.0,1.37,1
489.15,470.35,491.87,470.35,15490000.0,4.11,0
475.3,488.11,488.11,473.09,17780000.0,-2.83,1
477.21,476.2,479.28,470.8,33229999.999999996,0.4,0
474.96,480.2,480.2,472.15,18970000.0,-0.47,1
483.35,479.79,486.09,478.06,33910000.0,1.77,1
490.27,482.7,491.35,478.9,15310000.0,1.43,1
496.48,491.94,500.03,490.86,17430000.0,1.27,1
499.45,501.38,501.38,497.65,2590000.0,0.6,0
491.69,497.44,500.84,487.89,21890000.0,-1.55,0
485.64,493.6,494.09,483.19,11710000.0,-1.23,1
494.39,482.94,495.98,481.17,13750000.0,1.8,0
493.71,496.9,500.32,488.11,15720000.0,-0.14,0
493.22,493.26,495.98,488.56,13790000.0,-0.1,1
506.95,493.71,508.1,493.33,22270000.0,2.78,1
517.12,509.43,517.88,508.57,14760000.0,2.01,0
511.45,514.87,519.77,508.12,11550000.0,-1.1,0
500.43,511.5,515.09,497.8,15160000.0,-2.15,0
495.92,501.15,506.03,494.68,11690000.0,-0.9,1
499.02,498.68,502.5,493.46,12890000.0,0.63,1
507.31,498.19,508.12,497.08,13750000.0,1.66,1
518.31,509.23,520.6,506.46,16160000.0,2.17,1
525.44,522.06,530.56,521.61,25510000.0,1.38,0
525.01,527.14,533.31,522.65,21640000.0,-0.08,0
520.02,528.31,528.31,516.44,11240000.0,-0.95,0
518.15,520.71,520.71,513.61,10480000.0,-0.36,1
519.43,514.31,521.07,512.31,11750000.0,0.25,0
505.27,516.67,516.67,502.84,11840000.0,-2.73,1
509.83,507.88,511.25,498.39,14560000.0,0.9,0
490.25,499.13,501.06,487.03,18940000.0,-3.84,1
493.53,479.35,495.58,474.4,27250000.0,0.67,1
499.36,494.18,500.7,489.13,25450000.0,1.18,0
497.8,507.22,507.22,492.41,18770000.0,-0.31,1
500.12,496.03,501.33,490.95,14580000.0,0.47,1
508.08,501.81,509.47,499.8,10220000.0,1.59,1
511.0,505.11,512.17,503.85,11850000.0,0.57,1
511.18,513.29,515.9,509.56,14880000.0,0.04,0
507.43,504.08,509.25,501.9,11640000.0,-0.73,0
494.72,505.88,508.69,492.84,16719999.999999998,-2.5,0
489.75,495.04,496.07,488.59,8369999.999999999,-1.0,1
493.89,488.25,494.63,479.19,14560000.0,0.85,1
503.72,497.87,506.77,496.43,25190000.0,1.99,1
506.12,506.1,510.48,504.17,15480000.0,0.48,0
504.19,508.55,509.86,501.92,14580000.0,-0.38,0
504.08,505.99,506.91,499.18,9000000.0,-0.02,0
497.51,501.15,506.77,495.08,14430000.0,-1.3,0
491.37,498.01,501.2,490.18,15030000.0,-1.23,1
494.03,493.46,496.63,486.14,17090000.0,0.54,1
496.77,497.78,502.93,495.08,11130000.0,0.55,0
496.72,496.93,499.11,492.84,11360000.0,-0.01,1
499.47,500.03,502.28,494.05,11640000.0,0.55,0
498.01,498.12,499.58,495.98,8240000.0,-0.29,0
493.76,498.05,500.84,489.51,13050000.0,-0.85,0
493.19,492.39,494.86,488.52,8300000.000000001,-0.12,1
507.97,496.88,509.02,496.88,20320000.0,3.0,1
510.78,510.37,514.87,508.28,12890000.0,0.55,0
510.12,514.62,516.17,508.12,15120000.0,-0.13,1
532.56,516.58,535.06,510.48,51860000.0,4.4,1
556.55,536.9,557.56,534.5,44490000.0,4.5,0
555.41,554.37,560.71,548.41,33420000.0,-0.2,0
551.43,554.57,559.48,549.49,17830000.0,-0.72,1
560.94,550.84,563.52,548.64,26560000.0,1.72,0
560.29,562.29,568.69,555.52,17260000.0,-0.12,0
552.89,562.31,564.76,549.67,17300000.0,-1.32,0
544.39,553.54,553.83,540.21,18830000.0,-1.54,0
537.67,546.35,550.84,535.6,15840000.0,-1.23,1
551.81,540.5,552.96,540.05,20560000.0,2.63,1
562.06,554.89,564.33,551.76,18630000.0,1.86,1
580.48,560.73,583.2,558.51,23560000.0,3.28,1
580.77,580.97,586.55,574.94,18900000.0,0.05,1
589.18,582.88,592.5,581.98,19000000.0,1.45,0
580.25,589.18,594.1,578.32,18600000.0,-1.52,0
574.54,577.73,584.79,572.09,13130000.0,-0.98,0
563.55,573.73,573.78,562.53,15190000.0,-1.91,1
564.96,562.76,572.13,562.76,12920000.0,0.25,0
560.26,567.03,572.85,555.68,14060000.0,-0.83,0
550.48,558.04,558.04,547.69,13380000.0,-1.75,1
559.59,552.98,562.04,545.9,19380000.0,1.65,0
548.64,562.08,563.21,546.35,19480000.0,-1.96,0
546.84,547.69,557.45,544.64,12610000.0,-0.33,1
555.05,550.33,557.59,548.14,12720000.0,1.5,1
560.69,555.79,565.59,552.8,21360000.0,1.02,0
554.15,559.66,559.97,551.29,17680000.0,-1.17,0
554.12,555.79,558.94,548.89,15850000.0,-0.01,0
548.71,543.87,555.25,542.3,20450000.0,-0.98,1
550.17,552.21,559.79,543.65,22440000.0,0.27,1
553.56,554.78,557.52,551.54,22790000.0,0.62,0
551.31,556.24,558.64,549.61,16000000.0,-0.41,1
556.53,550.12,557.5,547.96,14380000.0,0.95,1
568.74,557.5,572.47,555.38,24300000.0,2.19,1
571.19,568.38,575.48,565.75,16370000.000000002,0.43,0
569.77,569.3,573.08,567.48,12190000.0,-0.25,1
586.41,571.1,589.96,570.18,19620000.0,2.92,1
598.66,592.17,599.86,590.97,22670000.0,2.09,1
605.84,601.2,611.55,597.2,22690000.0,1.2,0
603.25,606.94,612.45,600.8,21000000.0,-0.43,0
594.3,604.8,611.01,589.6,32090000.000000004,-1.48,1
607.07,598.51,610.63,597.61,20400000.0,2.15,1
618.99,611.55,620.54,603.95,19800000.0,1.96,0
618.49,619.55,624.14,613.35,19970000.0,-0.08,0
603.34,617.17,620.95,601.07,23150000.0,-2.45,0
595.56,598.33,601.14,592.08,16050000.0,-1.29,1
614.81,598.19,616.76,598.06,19140000.0,3.23,0
606.71,619.62,619.62,604.47,20380000.0,-1.32,1
611.55,607.16,615.95,603.81,21160000.0,0.8,1
613.01,616.07,619.12,609.34,15540000.0,0.24,1
625.87,616.04,632.59,612.69,20390000.0,2.1,0
624.9,628.63,630.93,620.59,16180000.0,-0.15,0
618.38,626.27,630.88,616.94,15850000.0,-1.04,0
608.42,620.09,622.2,605.81,16910000.0,-1.61,1
608.8,611.97,613.3,603.9,13580000.0,0.06,0
597.72,609.75,610.42,595.22,17610000.0,-1.82,1
600.06,597.56,602.87,594.01,19180000.0,0.39,0
598.69,601.63,606.15,596.48,15370000.0,-0.23,1
605.61,599.38,608.4,597.61,11590000.0,1.16,0
603.95,607.05,610.15,601.05,11950000.0,-0.27,0
602.62,604.8,606.58,600.31,8570000.0,-0.22,1
604.24,604.8,611.55,602.55,16020000.0,0.27,1
623.22,618.29,624.92,613.8,36260000.0,3.14,0
604.96,611.55,614.69,603.14,21790000.0,-2.93,1
613.28,606.15,617.39,605.25,18280000.0,1.38,1
624.81,616.18,627.2,614.36,14860000.0,1.88,0
617.12,624.63,635.11,612.72,28120000.0,-1.23,1
626.3,618.29,627.71,616.36,13910000.0,1.49,0
626.3,627.92,627.92,614.6,20630000.0,0.0,1
631.8,625.94,635.78,621.48,17530000.0,0.88,1
633.51,633.11,637.4,630.73,13140000.0,0.27,0
622.74,628.63,630.79,619.69,14610000.0,-1.7,0
604.13,627.2,627.29,602.64,17920000.0,-2.99,0
584.32,602.55,602.55,581.06,29500000.0,-3.28,0
564.98,579.53,579.53,562.87,39380000.0,-3.31,0
562.6,568.83,574.54,559.84,22670000.0,-0.42,0
554.01,561.14,566.94,551.97,16250000.0,-1.53,1
566.78,556.01,570.78,553.77,26250000.0,2.31,0
565.19,572.43,574.67,562.35,22540000.0,-0.28,1
568.99,566.56,571.93,565.73,13340000.0,0.67,1
569.91,569.73,574.2,562.98,15950000.0,0.16,1
596.21,590.68,601.52,586.14,24900000.0,4.61,1
602.46,599.05,614.69,598.08,28010000.0,1.05,1
602.73,605.09,611.41,600.35,22790000.0,0.04,0
599.81,616.94,625.94,595.81,35780000.0,-0.48,1
601.14,606.15,608.76,591.99,20550000.0,0.22,0
589.36,601.25,601.43,587.71,14840000.0,-1.96,1
595.25,593.47,600.22,590.57,39310000.0,1.0,0
590.44,594.01,599.54,586.43,14360000.0,-0.81,1
597.94,591.87,603.45,591.87,21690000.0,1.27,1
598.12,601.61,603.41,593.65,23740000.0,0.03,1
611.64,600.31,614.81,594.1,17130000.0,2.26,0
607.79,610.4,617.96,606.2,14250000.0,-0.63,0
596.87,612.4,612.4,594.06,15470000.0,-1.8,0
591.27,596.24,596.82,587.09,13590000.0,-0.94,1
593.18,593.97,596.71,589.11,10860000.0,0.32,1
597.68,594.39,600.08,592.66,10610000.0,0.76,1
599.02,600.17,601.83,595.81,9500000.0,0.22,0
596.82,598.06,600.17,588.46,14480000.0,-0.37,0
592.46,594.41,595.81,588.79,13790000.0,-0.73,0
576.61,593.56,593.56,574.9,13760000.0,-2.68,0
576.02,575.08,579.15,570.67,15500000.0,-0.1,0
574.38,578.68,585.47,567.75,13380000.0,-0.28,1
583.11,575.57,584.57,574.67,9920000.0,1.52,0
575.35,582.75,582.77,573.57,21450000.0,-1.33,0
567.66,572.04,573.98,565.28,10400000.0,-1.34,1
582.7,566.09,583.67,563.99,13810000.0,2.65,0
581.94,580.52,586.64,578.43,10700000.0,-0.13,0
572.94,581.49,583.17,571.53,22990000.0,-1.55,0
563.48,574.27,576.86,561.48,17480000.0,-1.65,1
570.56,565.7,572.27,560.49,12440000.0,1.26,1
574.9,572.85,576.02,568.06,9370000.0,0.76,1
576.72,576.88,578.5,573.35,8130000.000000001,0.32,1
577.37,576.2,580.52,575.57,8630000.0,0.11,0
568.09,577.87,580.3,566.58,10090000.0,-1.61,0
563.01,565.68,570.22,561.27,12930000.0,-0.89,1
575.62,561.61,577.15,560.06,16190000.000000002,2.24,0
575.06,575.6,579.78,570.49,11090000.0,-0.1,1
576.27,578.72,579.98,575.26,7950000.0,0.21,0
575.8,576.92,584.57,574.7,14480000.0,-0.08,0
573.82,577.82,579.85,571.23,9840000.0,-0.34,1
581.42,575.55,582.27,574.25,9300000.0,1.32,0
576.41,582.0,583.22,575.57,8750000.0,-0.86,0
567.41,576.47,578.45,565.68,11020000.0,-1.56,0
561.63,570.27,572.4,558.8,15080000.0,-1.02,1
575.8,562.53,577.6,551.88,26850000.0,2.52,0
572.67,577.82,581.82,566.76,18750000.0,-0.54,0
566.18,572.65,575.03,563.68,14020000.0,-1.13,0
553.77,568.38,570.65,551.74,20130000.0,-2.19,0
545.81,553.77,558.71,544.1,18820000.0,-1.44,0
544.52,547.2,549.49,541.89,16270000.0,-0.24,0
531.01,545.87,548.59,528.79,19250000.0,-2.48,0
524.42,528.7,532.86,522.69,19600000.0,-1.24,1
530.72,523.14,534.29,517.27,20890000.0,1.2,1
532.56,528.67,538.81,522.56,21940000.0,0.35,0
514.13,524.76,524.76,507.22,28060000.0,-3.46,0
507.36,510.26,516.94,504.53,26830000.0,-1.32,0
498.86,506.55,511.97,496.03,23400000.0,-1.68,1
518.17,498.39,520.71,492.52,28800000.0,3.87,1
522.56,522.45,528.58,518.15,20280000.0,0.85,1
573.21,554.51,585.83,551.29,96760000.0,9.69,1
579.28,586.37,586.57,575.73,29250000.0,1.06,0
574.67,580.61,580.88,572.43,20290000.0,-0.8,1
581.24,576.05,583.13,575.57,15060000.0,1.14,0
573.75,579.98,581.24,572.25,13820000.0,-1.29,0
571.5,573.62,574.97,569.5,9860000.0,-0.39,0
560.62,571.5,571.53,557.09,12950000.0,-1.9,1
573.71,557.14,577.37,551.52,19670000.0,2.33,0
569.64,581.87,581.87,566.13,17720000.0,-0.71,1
573.26,577.82,577.82,567.12,26210000.0,0.64,0
568.06,572.76,576.02,564.8,10710000.0,-0.91,0
558.37,564.98,566.69,555.47,17440000.0,-1.71,1
561.43,560.06,564.06,549.04,22830000.0,0.55,0
542.48,558.6,558.94,539.6,17290000.0,-3.38,0
540.12,539.85,541.96,533.33,30410000.0,-0.44,0
538.97,542.66,545.54,536.59,21220000.0,-0.21,1
549.72,540.95,552.64,537.46,21400000.0,1.99,0
549.58,548.89,554.44,545.51,10840000.0,-0.03,1
555.07,549.72,557.59,549.72,11190000.0,1.0,0
544.25,555.34,557.79,542.16,10970000.0,-1.95,1
551.11,545.0,552.42,542.7,11950000.0,1.26,0
544.43,534.65,548.19,533.35,18970000.0,-1.21,0
538.45,544.55,544.55,536.68,14440000.0,-1.1,1
542.16,541.83,546.93,538.34,13780000.0,0.69,0
530.18,543.13,543.96,527.3,12710000.0,-2.21,1
564.04,534.18,571.03,528.04,44460000.0,6.39,0
557.23,572.94,576.02,555.34,19950000.0,-1.21,1
574.99,559.21,584.03,558.82,32270000.000000004,3.19,1
575.37,577.37,582.32,570.56,16790000.0,0.07,1
583.13,580.97,584.03,577.15,16940000.0,1.35,1
588.64,581.19,591.31,577.37,17590000.0,0.94,1
599.07,589.06,600.64,587.06,23320000.0,1.77,0
586.77,601.2,603.45,581.55,16540000.0,-2.05,1
589.54,578.27,591.18,576.16,12480000.0,0.47,0
588.21,593.52,597.43,586.3,13840000.0,-0.23,1
589.11,588.21,593.92,585.33,9290000.0,0.15,1
595.7,588.48,598.03,581.19,16230000.0,1.12,1
612.78,595.81,615.59,594.01,32310000.000000004,2.87,0
608.22,613.21,614.07,601.0,15320000.0,-0.74,1
610.65,613.77,613.77,607.43,12360000.0,0.4,1
613.41,612.67,616.04,608.98,8930000.0,0.45,1
617.1,616.0,620.38,613.21,17910000.0,0.6,1
627.96,618.29,629.08,616.94,14800000.0,1.76,1
636.89,631.33,642.08,628.95,25960000.0,1.42,0
635.9,640.78,646.1,631.04,25650000.0,-0.16,0
626.12,636.86,641.2,621.96,17030000.0,-1.54,1
645.92,629.98,648.15,623.49,20900000.0,3.16,0
643.56,648.02,648.17,634.59,12500000.0,-0.37,1
644.94,647.97,649.77,643.02,2780000.0,0.21,1
659.68,649.99,665.51,648.46,23780000.0,2.29,1
665.1,665.51,667.55,656.65,15080000.0,0.82,0
658.47,667.31,669.85,657.28,17970000.0,-1.0,0
655.12,654.27,657.32,647.97,12830000.0,-0.51,1
655.46,659.17,661.46,649.81,12980000.0,0.05,0
650.8,657.91,660.54,647.97,11710000.0,-0.71,0
645.23,648.73,650.42,642.35,13500000.0,-0.86,1
655.88,645.27,657.86,644.01,13000000.0,1.65,0
649.99,651.57,656.36,648.11,11090000.0,-0.9,0
642.03,647.12,649.43,639.67,10480000.0,-1.22,1
662.04,643.02,663.66,643.02,23280000.0,3.12,0
657.75,663.71,666.23,654.63,13160000.0,-0.65,1
661.39,659.05,668.57,657.93,14480000.0,0.55,0
656.15,662.2,668.21,654.45,12990000.0,-0.79,1
678.88,659.66,681.2,658.76,27850000.0,3.46,1
695.93,699.25,707.06,693.93,40190000.0,2.51,0
691.41,694.74,699.68,687.34,13750000.0,-0.65,1
695.41,693.43,705.75,691.41,20630000.0,0.58,1
702.18,697.5,703.64,697.43,13980000.0,0.97,0
701.59,705.12,708.83,699.68,32610000.0,-0.08,1
705.91,701.46,708.45,699.73,8900000.0,0.62,1
710.61,707.17,712.34,703.26,12690000.0,0.67,0
697.5,711.35,711.35,696.02,17130000.0,-1.84,1
713.4,719.47,725.97,709.13,28820000.0,2.28,0
709.98,716.21,716.77,707.15,11990000.0,-0.48,0
698.2,707.33,709.35,689.68,19370000.0,-1.66,0
697.37,707.78,710.36,694.29,18410000.0,-0.12,1
699.19,698.33,705.08,692.98,12080000.0,0.26,1
707.15,699.75,709.3,695.41,11670000.0,1.14,0
702.36,706.9,707.6,698.85,9390000.0,-0.68,1
702.56,699.5,708.0,697.25,11410000.0,0.03,1
705.17,706.09,707.71,699.97,9530000.0,0.37,1
711.78,710.47,714.97,707.06,11690000.0,0.94,0
704.45,715.87,716.72,703.44,10980000.0,-1.03,0
702.69,704.52,710.02,699.48,18760000.0,-0.25,1
708.61,702.83,710.47,702.38,13610000.0,0.84,1
723.94,707.64,726.17,706.79,18930000.0,2.16,0
719.06,726.21,727.36,717.71,19630000.0,-0.67,0
706.61,701.53,709.37,700.49,23170000.0,-1.73,0
695.39,705.48,706.9,693.61,16660000.0,-1.59,0
681.43,693.23,698.31,679.06,27470000.0,-2.01,1
693.54,686.64,695.28,684.08,16320000.0,1.78,1
694.38,695.16,695.93,687.11,15810000.0,0.12,0
680.82,693.39,694.15,678.12,20490000.0,-1.95,0
678.82,682.59,686.69,676.97,12930000.0,-0.29,1
690.37,679.9,692.91,679.9,16350000.000000002,1.7,1
691.21,689.34,693.23,684.84,19370000.0,0.12,0
675.18,683.49,687.05,673.6,22630000.0,-2.32,1
685.56,683.04,690.01,680.57,15400000.0,1.54,0
680.41,681.25,689.99,679.0,14810000.0,-0.75,1
696.08,691.86,696.98,688.55,13830000.0,2.3,0
695.93,697.84,700.56,692.33,11520000.0,-0.02,0
694.15,694.76,700.9,691.77,16870000.0,-0.26,0
687.72,692.49,696.98,684.33,14600000.0,-0.93,0
685.23,690.62,692.44,682.71,14600000.0,-0.36,1
691.54,687.54,693.99,687.09,11860000.0,0.92,1
710.92,698.56,712.7,698.42,27190000.0,2.8,0
689.05,723.51,723.51,686.37,30040000.0,-3.08,1
689.74,687.36,695.12,684.39,17470000.0,0.1,0
689.5,694.29,695.52,688.49,9530000.0,-0.03,0
686.57,690.91,693.36,683.81,10380000.0,-0.42,0
684.19,686.64,690.85,682.84,13500000.0,-0.35,0
677.45,681.2,685.5,676.75,12360000.0,-0.99,0
661.8,678.37,679.0,658.13,22640000.0,-2.31,1
665.44,662.83,671.98,658.34,22840000.0,0.55,0
649.21,665.06,665.37,647.52,20680000.0,-2.44,0
634.77,653.37,653.48,632.77,32070000.0,-2.22,0
622.05,631.92,641.65,616.54,22250000.0,-2.0,1
623.01,616.0,629.51,612.92,28350000.0,0.15,1
641.41,629.53,644.15,628.54,23430000.0,2.95,1
651.34,645.23,653.28,643.16,17050000.0,1.55,1
655.52,653.86,659.66,647.57,14340000.0,0.64,0
644.67,652.47,653.07,642.26,11270000.0,-1.66,1
645.54,642.12,649.99,634.23,13980000.0,0.13,1
653.25,650.85,659.3,649.79,12920000.0,1.19,1
661.15,654.78,663.19,654.27,12490000.0,1.21,1
662.88,664.5,664.5,657.68,12520000.0,0.26,1
668.92,664.27,675.15,653.41,19590000.0,0.91,0
664.72,669.55,677.27,662.94,12140000.0,-0.63,0
659.84,663.66,663.66,655.34,10270000.0,-0.73,1
676.21,665.22,677.4,663.3,13000000.0,2.48,0
668.18,673.15,678.1,667.22,15590000.0,-1.19,0
649.75,660.9,664.16,647.32,19720000.0,-2.76,0
636.91,652.65,652.65,634.03,25610000.0,-1.98,0
625.94,634.03,635.09,623.85,27100000.0,-1.72,0
623.35,624.14,626.75,615.59,23130000.0,-0.41,0
597.45,609.25,610.2,595.81,36290000.0,-4.15,0
591.83,609.34,615.59,585.06,27230000.0,-0.94,1
603.84,597.92,608.8,594.46,25290000.0,2.03,0
602.42,607.95,608.76,588.12,20400000.0,-0.24,0
589.58,608.04,610.63,587.27,28160000.0,-2.13,0
571.53,571.08,579.24,558.08,31140000.0,-3.06,0
501.0,557.61,558.04,492.39,81400000.0,-12.34,1
518.71,498.23,529.91,498.23,54990000.0,3.53,0
478.0,487.89,495.08,471.57,51660000.0,-7.85,1
497.02,448.77,512.62,423.77,67650000.0,3.98,0
456.73,476.89,485.51,451.92,35520000.0,-8.11,0
453.26,470.91,476.65,451.11,41950000.0,-0.76,0
435.5,461.04,465.81,432.13,41290000.0,-3.92,0
412.66,413.74,434.83,401.19,56680000.0,-5.24,1
457.74,422.46,465.36,418.19,58480000.0,10.92,0
397.53,411.98,427.18,393.75,37540000.0,-13.15,1
424.22,418.19,436.18,402.81,42240000.0,6.71,1
486.65,433.39,517.81,433.14,67500000.0,14.72,0
479.44,492.75,502.23,468.71,42220000.0,-1.48,0
479.17,492.39,497.92,470.44,38450000.0,-0.06,0
463.36,467.92,483.3,458.66,27900000.0,-3.3,1
500.82,482.92,508.03,471.25,40880000.0,8.08,0
485.84,504.64,505.7,469.99,38390000.0,-2.99,0
484.49,510.12,510.12,474.98,38180000.0,-0.28,1
542.34,495.58,545.9,494.63,50190000.0,11.94,0
536.07,530.61,552.64,521.61,46040000.0,-1.16,1
548.57,545.9,554.35,536.45,30490000.0,2.33,0
534.72,541.38,546.35,530.61,21850000.0,-2.52,0
517.05,538.27,555.79,513.97,32600000.0,-3.3,1
525.23,517.05,533.96,514.87,34570000.0,1.58,1
550.39,546.8,553.09,536.3,30710000.0,4.79,1
559.3,551.29,565.23,540.5,33259999.999999996,1.62,0
556.4,544.1,562.98,523.41,56650000.0,-0.52,1
613.17,593.56,622.74,584.57,131699999.99999999,10.2,1
616.45,614.85,623.17,608.53,60420000.0,0.53,1
637.18,607.12,672.23,605.79,124590000.0,3.36,1
642.91,644.82,663.26,639.88,53980000.0,0.9,0
642.19,652.02,654.47,626.0,72410000.0,-0.11,0
641.65,649.72,653.66,638.53,34610000.0,-0.08,1
659.21,653.79,672.23,646.64,65849999.99999999,2.74,0
645.36,647.52,658.76,637.38,49340000.0,-2.1,1
656.81,653.68,665.06,650.76,41450000.0,1.77,1
656.85,658.31,667.73,649.99,37370000.0,0.01,1
677.63,654.27,680.64,649.77,46180000.0,3.16,1
702.29,694.74,710.43,691.18,77780000.0,3.64,1
709.04,710.47,726.21,707.01,61920000.0,0.96,0
665.17,703.64,705.24,658.76,92930000.0,-6.19,1
679.28,693.15,693.15,660.01,61320000.0,2.12,0
651.82,666.82,679.4,649.14,45470000.0,-4.04,1
662.46,655.47,665.78,642.36,57370000.0,1.63,0
654.0,667.28,672.72,648.21,57960000.0,-1.28,0
639.54,661.38,663.51,636.98,39060000.0,-2.21,1
650.8,640.04,656.77,632.32,51060000.0,1.76,1
654.23,651.39,663.4,646.85,36150000.0,0.53,0
649.82,659.01,661.83,647.53,34920000.0,-0.67,0
646.42,657.36,658.06,642.9,30660000.0,-0.52,1
656.18,649.57,660.01,640.95,32920000.0,1.51,1
668.3,660.47,671.7,657.74,37040000.0,1.85,0
664.73,666.37,668.18,659.4,36940000.0,-0.53,1
690.13,671.82,698.3,669.98,36870000.0,3.82,1
697.1,692.7,699.05,690.34,20450000.0,1.01,1
699.8,701.32,708.13,696.03,23430000.0,0.39,1
717.12,700.87,721.52,699.51,31570000.0,2.47,1
717.98,724.02,734.46,714.35,30540000.0,0.12,0
712.44,734.64,734.64,710.4,29000000.0,-0.77,0
697.76,708.27,718.57,695.87,23870000.0,-2.06,1
713.65,700.46,717.0,699.07,20430000.0,2.28,0
698.01,710.85,711.74,694.97,18820000.0,-2.19,1
721.2,680.89,723.11,679.53,35580000.0,3.32,1
732.89,710.4,738.52,708.63,49020000.0,1.62,1
734.32,745.81,748.33,719.61,47250000.0,0.2,0
733.26,730.03,742.38,727.24,38570000.0,-0.14,1
751.66,729.46,755.79,728.83,37360000.0,2.51,1
798.64,758.06,811.99,754.43,97660000.0,6.25,0
792.63,805.0,818.98,787.57,55560000.0,-0.75,0
781.17,794.38,800.62,778.99,35040000.0,-1.45,1
784.32,787.98,804.68,776.99,47620000.0,0.4,0
779.81,783.94,793.92,777.6,36630000.0,-0.58,1
790.59,784.75,795.28,779.4,28540000.0,1.38,0
782.19,784.41,789.72,778.74,23650000.0,-1.06,0
773.54,788.48,790.29,769.66,27950000.0,-1.11,1
788.75,780.76,793.92,775.33,26270000.0,1.97,1
799.07,791.2,802.37,787.59,26570000.0,1.31,1
811.58,807.9,813.9,802.55,27170000.0,1.57,1
840.59,819.34,843.4,813.49,43400000.0,3.57,0
827.72,844.31,846.28,819.93,32479999.999999996,-1.53,0
816.17,827.99,832.94,812.53,24190000.0,-1.4,1
828.08,821.16,832.96,810.83,33610000.0,1.46,1
852.5,830.01,855.48,828.08,40390000.0,2.95,1
878.35,863.99,884.12,862.47,64250000.0,3.03,0
870.18,877.9,881.39,856.7,62150000.0,-0.93,0
837.05,879.69,898.24,816.17,128919999.99999999,-3.81,0
836.77,838.41,848.39,822.72,56270000.0,-0.03,1
867.78,837.5,871.54,834.32,45900000.0,3.71,1
871.5,870.55,876.99,862.31,33780000.0,0.43,1
894.94,880.17,897.42,879.03,38930000.0,2.69,1
909.67,900.14,912.4,890.02,55170000.0,1.65,1
934.1,909.65,944.04,903.93,53840000.0,2.69,1
974.2,934.19,981.85,934.1,111310000.0,4.29,1
978.76,989.02,998.1,965.92,74120000.0,0.47,1
988.52,978.76,995.92,976.24,50870000.0,1.0,0
951.73,988.61,990.84,939.84,67069999.99999999,-3.72,1
957.27,952.8,971.27,940.54,67250000.0,0.58,0
938.32,959.83,966.42,931.83,69190000.0,-1.98,0
911.94,931.15,933.73,909.27,43120000.0,-2.81,1
976.22,917.21,983.67,907.97,84950000.0,7.05,0
965.26,984.57,996.83,961.56,68810000.0,-1.12,1
968.73,979.13,983.98,956.79,45530000.0,0.36,1
974.34,966.78,979.49,962.42,30440000.0,0.58,0
962.26,980.08,982.76,956.93,24880000.0,-1.24,1
968.59,969.05,980.49,953.41,43220000.0,0.66,0
965.78,962.78,973.68,956.34,27940000.0,-0.29,0
963.26,965.96,970.91,957.79,22920000.0,-0.26,0
959.52,963.49,979.13,948.37,30670000.0,-0.39,0
949.33,955.52,955.52,939.68,28590000.0,-1.06,1
961.67,946.44,968.82,945.24,28200000.0,1.3,1
967.57,971.86,977.76,962.94,31460000.0,0.61,0
951.91,962.33,964.1,947.8,20800000.0,-1.62,0
945.01,961.42,963.24,942.81,23330000.0,-0.72,1
951.32,949.35,955.29,939.86,30200000.0,0.67,0
945.13,955.98,958.38,943.27,17900000.0,-0.65,1
970.18,946.44,975.02,929.19,55260000.0,2.65,0
958.06,975.04,975.95,954.73,25920000.0,-1.25,1
960.58,962.33,968.19,956.09,25080000.0,0.26,0
944.49,986.84,986.84,935.25,57300000.0,-1.68,1
947.46,953.25,963.42,936.18,35640000.0,0.31,1
966.05,949.62,970.5,946.44,24870000.0,1.96,0
958.74,965.96,970.84,954.61,17160000.0,-0.76,0
942.93,945.78,951.87,940.63,26280000.0,-1.65,1
945.38,945.99,955.86,927.95,20240000.0,0.26,1
956.47,949.62,962.78,944.4,25290000.0,1.17,1
981.1,946.44,984.03,944.83,51050000.0,2.58,1
1050.39,990.97,1064.44,987.46,129500000.0,7.06,1
1053.0,1049.49,1061.22,1038.18,54890000.0,0.25,0
1045.2,1055.39,1071.27,1035.87,40670000.0,-0.74,1
1052.59,1049.46,1055.73,1038.66,25090000.0,0.71,1
1055.18,1053.12,1075.52,1048.83,31340000.0,0.25,0
1043.47,1053.12,1059.34,1040.34,23840000.0,-1.11,1
1046.63,1050.51,1052.87,1033.39,30530000.0,0.3,0
1024.0,1044.04,1060.38,1020.14,31040000.0,-2.16,0
1003.71,1033.6,1033.6,999.35,32110000.0,-1.98,1
1012.63,1025.88,1033.48,1001.05,39680000.0,0.89,0
990.11,1002.23,1010.45,987.77,27530000.0,-2.22,1
999.42,993.65,1004.46,983.8,26190000.0,0.94,1
1006.02,1010.9,1015.89,1001.85,18150000.0,0.66,1
1019.09,1009.99,1027.7,1006.02,23850000.0,1.3,0
1014.24,1025.88,1029.06,1009.99,22580000.0,-0.48,0
1010.11,1027.61,1027.61,1005.0,19180000.0,-0.41,0
1004.18,1018.62,1020.96,1001.37,17470000.0,-0.59,0
1003.34,1010.11,1014.03,999.39,16990000.0,-0.08,1
1024.75,1014.53,1048.12,1007.72,49080000.0,2.13,0
1016.46,1025.43,1029.51,1008.68,19460000.0,-0.81,0
1013.83,1014.53,1022.7,1006.41,17120000.0,-0.26,1
1015.46,1014.53,1023.95,1010.56,13130000.0,0.16,1
1035.28,1012.54,1037.57,1010.38,21330000.0,1.95,1
1038.36,1034.46,1045.85,1029.74,24680000.0,0.3,0
1001.6,1039.5,1039.5,996.38,18490000.0,-3.54,0
987.66,1005.45,1013.4,986.23,19920000.0,-1.39,1
987.84,994.13,1011.67,978.29,28800000.0,0.02,0
978.63,989.11,995.47,976.97,17060000.0,-0.93,0
964.42,984.12,995.01,952.23,31460000.0,-1.45,0
956.41,965.69,968.0,949.17,28430000.0,-0.83,1
959.18,955.98,969.14,951.62,21620000.0,0.29,0
921.07,954.14,954.14,916.26,34450000.0,-3.97,1
923.52,923.7,935.03,910.13,33670000.0,0.27,0
913.06,926.83,934.05,911.22,27620000.0,-1.13,1
920.07,906.5,926.92,903.77,28300000.0,0.77,1
932.6,923.07,937.41,917.75,31400000.0,1.36,0
852.23,920.12,920.12,843.92,91720000.0,-8.62,0
839.95,857.93,866.55,833.01,81860000.0,-1.44,1
868.46,833.87,875.63,833.87,74010000.0,3.39,1
887.43,887.41,890.13,876.99,34340000.0,2.18,1
921.09,903.32,926.02,897.94,61540000.0,3.79,1
930.87,936.05,939.18,924.2,33080000.0,1.06,1
946.24,942.81,948.71,926.56,34090000.0,1.65,0
906.59,948.26,950.98,897.92,52360000.0,-4.19,0
898.78,899.23,911.69,891.97,36960000.0,-0.86,1
906.22,899.69,924.5,899.57,41890000.0,0.83,1
908.9,914.62,914.8,905.75,4820000.0,0.3,0
904.79,946.44,946.44,901.05,42960000.0,-0.45,0
902.05,904.79,910.81,889.75,28060000.0,-0.3,0
895.67,902.05,912.6,893.42,25660000.0,-0.71,0
862.24,896.51,900.51,860.2,53050000.0,-3.73,1
885.48,885.62,894.24,874.38,41840000.0,2.7,1
891.54,891.52,896.06,876.99,28550000.0,0.68,0
884.16,898.78,904.66,881.62,30120000.0,-0.83,1
886.34,886.55,891.97,876.11,23850000.0,0.25,0
875.99,880.85,887.93,872.18,43690000.0,-1.17,1
887.39,880.78,892.54,876.11,18230000.0,1.3,1
888.86,889.02,890.61,878.35,20480000.0,0.17,1
891.54,895.15,899.28,889.09,25650000.0,0.3,0
883.69,893.79,893.79,880.62,17040000.0,-0.88,1
888.88,880.9,891.97,880.9,16840000.0,0.59,1
905.02,890.22,914.33,885.16,40060000.0,1.82,1
920.09,912.38,923.2,907.52,26930000.0,1.67,0
911.04,917.66,920.8,908.31,14830000.0,-0.98,0
910.49,913.76,925.11,896.17,24870000.0,-0.06,0
903.91,911.47,914.67,901.66,15980000.0,-0.72,0
896.22,903.18,903.18,890.2,17120000.0,-0.85,1
897.21,902.41,905.57,892.29,17130000.0,0.11,1
901.32,900.82,910.13,897.49,18690000.0,0.46,1
904.02,898.83,910.08,891.97,17040000.0,0.3,0
880.49,912.4,917.85,842.15,40740000.0,-2.6,0
879.13,884.71,889.2,857.22,25970000.0,-0.15,1
882.37,876.08,885.82,871.84,18000000.0,0.37,1
905.2,883.8,907.31,883.3,19180000.0,2.59,1
909.36,910.9,916.03,905.73,15900000.0,0.46,0
903.34,911.94,913.44,899.94,17180000.0,-0.66,1
905.82,905.7,911.13,896.76,20350000.0,0.27,0
901.19,904.91,913.26,898.14,17340000.0,-0.51,1
902.18,902.41,906.5,899.69,9240000.0,0.11,1
903.71,905.63,907.36,893.33,22630000.0,0.17,0
892.47,893.79,900.41,887.89,22270000.0,-1.24,0
868.93,892.38,892.43,864.8,42830000.0,-2.64,0
867.53,871.77,882.89,864.8,29840000.0,-0.16,1
877.76,870.64,879.9,867.96,25420000.0,1.18,0
861.22,880.08,880.08,859.06,30740000.0,-1.88,1
888.36,863.83,889.7,862.42,37990000.0,3.15,0
880.08,891.31,896.49,870.84,24570000.0,-0.93,1
889.97,882.89,892.83,880.19,19890000.0,1.12,0
879.47,889.97,895.97,871.57,19010000.0,-1.18,1
900.57,884.75,906.5,873.07,32400000.0,2.4,1
915.3,905.43,921.93,905.43,29540000.0,1.64,1
932.69,917.57,934.19,908.49,28540000.0,1.9,1
952.98,945.08,962.33,941.9,36080000.0,2.18,0
930.37,958.25,960.22,923.81,28180000.0,-2.37,0
881.08,923.72,923.72,876.99,50030000.0,-5.3,0
860.2,873.81,873.81,857.02,39110000.0,-2.37,0
851.82,853.46,873.04,848.85,31440000.0,-0.97,0
836.12,859.88,868.41,830.69,40350000.0,-1.84,1
860.33,844.04,864.74,838.86,31550000.0,2.9,1
874.18,868.93,880.62,842.02,38280000.0,1.61,1
876.38,875.31,886.07,862.47,27970000.0,0.25,0
873.5,873.36,880.62,864.74,23650000.0,-0.33,0
873.25,876.11,882.73,871.54,18690000.0,-0.03,1
885.82,877.47,893.79,875.65,19550000.0,1.44,1
887.95,890.59,903.14,886.21,18090000.0,0.24,1
896.19,886.86,900.94,874.86,19600000.0,0.93,1
933.14,898.78,937.0,895.26,39260000.0,4.12,0
926.74,933.05,943.27,914.85,28150000.0,-0.69,0
922.66,929.67,935.68,919.21,14580000.0,-0.44,1
934.87,925.9,943.9,923.75,19770000.0,1.32,1
945.65,935.09,951.41,930.83,21910000.0,1.15,0
938.59,946.44,957.06,934.69,17210000.0,-0.75,1
944.31,933.73,955.5,932.05,21600000.0,0.61,0
911.54,944.17,948.67,905.57,21970000.0,-3.47,1
918.5,929.65,931.87,914.03,23670000.0,0.76,1
935.55,921.48,937.48,919.73,9980000.0,1.86,1
973.38,942.36,976.86,941.0,32170000.0,4.04,0
946.81,960.97,968.64,939.95,34600000.0,-2.73,1
954.02,957.88,958.7,936.23,16320000.0,0.76,1
955.98,963.24,966.87,948.3,15830000.0,0.21,1
999.6,962.81,1007.68,956.52,29470000.0,4.56,0
987.68,989.57,994.08,979.44,19790000.0,-1.19,1
988.98,978.67,1004.07,977.33,23550000.0,0.13,1
994.6,984.35,1013.13,984.12,18000000.0,0.57,0
994.58,998.64,1004.91,974.41,13990000.0,0.0,0
990.45,1001.82,1005.5,985.14,10630000.0,-0.42,0
970.32,996.38,1001.55,964.1,15570000.0,-2.03,0
957.29,971.43,975.45,944.4,15410000.0,-1.34,0
953.52,959.61,965.05,951.21,12810000.0,-0.39,0
932.98,952.37,954.61,923.79,17730000.0,-2.15,0
911.99,940.95,946.35,908.31,19060000.0,-2.25,1
945.08,903.77,951.37,900.05,38570000.0,3.63,0
936.18,940.09,941.45,922.93,17140000.0,-0.94,1
947.58,935.98,957.66,933.28,16079999.999999998,1.22,0
929.33,944.06,944.06,926.2,15530000.0,-1.93,0
903.98,932.37,932.37,901.05,20310000.0,-2.73,1
905.43,913.31,914.08,895.92,18630000.0,0.16,1
921.16,911.49,930.06,904.02,18870000.0,1.74,0
909.27,916.03,930.51,907.41,15000000.0,-1.29,1
917.78,916.03,921.48,909.29,10820000.0,0.94,0
904.5,919.18,919.21,890.66,13730000.0,-1.45,0
900.73,909.67,910.11,893.79,12930000.0,-0.42,1
909.15,907.86,929.15,904.82,22400000.0,0.93,1
910.29,912.85,917.85,904.68,14190000.0,0.13,0
899.71,907.16,910.74,898.78,12960000.0,-1.16,0
867.53,889.25,890.34,862.58,19290000.0,-3.58,1
876.9,873.36,880.9,870.57,17920000.0,1.08,1
882.58,874.4,890.16,868.37,18200000.0,0.65,0
877.04,879.08,885.12,874.47,14450000.0,-0.63,0
863.24,864.28,869.91,857.93,17060000.0,-1.57,0
862.99,867.23,871.09,858.13,15880000.0,-0.03,1
865.37,858.95,869.03,851.89,13380000.0,0.28,0
864.44,865.19,871.05,860.36,10920000.0,-0.11,1
879.65,871.54,890.61,867.69,19240000.0,1.76,1
902.71,880.62,906.59,879.83,18450000.0,2.62,1
906.63,906.88,911.49,898.85,15800000.0,0.43,1
918.78,918.25,928.06,911.17,16070000.0,1.34,0
905.36,911.72,924.2,902.21,18300000.0,-1.46,0
889.27,892.43,898.33,882.03,21820000.0,-1.78,0
870.0,885.16,893.24,867.46,20170000.0,-2.17,1
871.59,873.07,879.94,866.12,11440000.0,0.18,1
876.54,872.38,878.35,865.46,13500000.0,0.57,1
876.88,879.6,887.73,874.27,11340000.0,0.04,0
874.36,880.17,883.71,871.98,12870000.0,-0.29,1
877.51,869.27,879.97,867.01,12440000.0,0.36,0
868.44,876.13,877.4,865.64,12160000.0,-1.03,1
879.4,875.2,881.53,865.19,12270000.0,1.26,1
889.86,879.4,891.27,876.27,10960000.0,1.19,1
902.39,899.23,909.04,895.38,11140000.0,1.41,1
906.52,898.78,915.33,895.15,15060000.0,0.46,0
901.23,906.91,912.81,899.23,10540000.0,-0.58,1
909.02,904.23,912.22,901.5,9960000.0,0.86,0
901.35,911.49,912.31,899.69,7890000.0,-0.84,0
891.13,906.22,906.5,889.7,13640000.0,-1.13,1
894.26,896.51,898.55,892.11,6900000.0,0.35,1
897.01,894.38,904.68,890.72,24750000.0,0.31,1
950.89,903.32,955.52,903.32,52120000.0,6.01,1
980.62,954.16,994.88,946.47,54570000.0,3.13,1
984.53,983.21,999.55,974.36,25860000.0,0.4,1
999.21,979.13,1002.96,979.13,22730000.0,1.49,1
1003.03,1008.18,1021.34,996.87,22130000.0,0.38,0
994.33,1005.36,1006.11,991.5,13350000.0,-0.87,1
1011.08,999.55,1017.71,991.84,15080000.0,1.68,0
1005.27,1010.72,1010.97,997.81,8930000.0,-0.57,0
987.3,1007.27,1008.18,979.56,10530000.0,-1.79,1
990.93,995.65,1012.26,988.45,13070000.0,0.37,1
1004.61,990.88,1011.35,989.61,12700000.0,1.38,1
1019.03,1005.45,1025.09,996.4,18770000.0,1.44,1
1021.34,1026.33,1032.64,1016.94,14010000.0,0.23,0
1003.91,1019.03,1020.0,1001.3,9970000.0,-1.71,1
1005.75,998.64,1014.53,989.52,14530000.0,0.18,1
1010.29,1010.22,1014.53,991.54,27110000.0,0.45,1
1015.55,1000.23,1020.21,998.71,11250000.0,0.52,0
1010.33,1023.16,1026.33,1007.43,11880000.0,-0.51,0
1001.07,1021.34,1021.61,999.42,15370000.0,-0.92,0
977.54,1001.75,1005.27,971.41,84420000.0,-2.35,0
955.27,977.54,977.54,944.67,51090000.0,-2.28,0
946.9,963.24,965.28,944.63,18720000.0,-0.88,1
947.71,948.49,957.34,946.03,25050000.0,0.09,1
958.09,951.55,963.53,949.19,18240000.0,1.1,0
952.32,961.42,963.76,950.98,11570000.0,-0.6,1
966.44,951.89,968.19,950.05,13000000.0,1.48,1
976.04,969.8,977.56,967.55,10800000.0,0.99,0
964.51,973.66,975.45,962.42,9290000.0,-1.18,0
957.81,965.85,965.85,952.34,9650000.0,-0.69,0
949.89,960.95,960.95,944.63,10320000.0,-0.83,0
940.18,947.8,949.48,937.86,8340000.0,-1.02,1
946.03,944.06,953.93,941.68,7920000.0,0.62,1
953.12,953.25,954.64,947.83,6200000.0,0.75,0
946.9,953.41,956.36,944.74,7880000.0,-0.65,0
945.24,950.98,950.98,943.49,8720000.0,-0.18,1
958.88,947.69,959.95,947.62,8150000.0,1.44,0
952.78,953.25,964.15,949.73,7710000.0,-0.64,0
950.44,953.02,956.88,945.99,6220000.0,-0.25,1
962.65,961.88,964.1,952.41,7360000.0,1.28,0
955.84,968.89,968.89,954.18,9170000.0,-0.71,0
942.74,956.88,962.78,940.13,11440000.0,-1.37,0
932.83,942.72,945.85,926.92,9990000.0,-1.05,0
924.81,934.19,934.19,915.24,11900000.0,-0.86,1
932.03,932.37,941.63,927.56,12710000.0,0.78,0
923.88,934.19,938.7,921.98,10480000.0,-0.87,1
940.77,932.51,943.9,926.54,10080000.0,1.83,1
947.69,948.71,949.17,937.0,10910000.0,0.74,1
954.95,950.71,959.61,947.35,12160000.0,0.77,1
968.8,959.74,978.13,955.18,19620000.0,1.45,0
948.28,966.85,974.56,943.61,15340000.0,-2.12,0
942.88,944.63,948.62,938.05,6920000.0,-0.57,1
947.83,945.08,959.15,941.34,11000000.0,0.52,1
961.1,951.87,962.33,945.72,8480000.0,1.4,0
958.02,964.55,965.14,955.52,7510000.0,-0.32,1
973.97,961.1,975.9,957.31,11800000.0,1.66,1
986.62,975.65,1000.01,966.03,20250000.0,1.3,0
982.42,984.5,991.93,974.97,11680000.0,-0.43,1
986.23,986.84,992.65,977.13,9300000.0,0.39,0
975.15,972.77,985.93,970.05,8700000.0,-1.12,1
981.55,986.84,986.84,967.91,9100000.0,0.66,1
991.25,982.78,995.01,978.49,10950000.0,0.99,1
999.83,992.02,1007.72,989.61,12350000.0,0.87,1
1012.47,1002.28,1019.03,1000.91,17160000.0,1.26,0
1011.08,1015.44,1018.05,1005.93,9670000.0,-0.14,1
1030.53,1021.34,1033.08,1015.35,12950000.0,1.92,0
1025.04,1033.55,1036.66,1017.82,24450000.0,-0.53,1
1029.1,1031.78,1040.81,1027.24,10290000.0,0.4,1
1041.5,1023.61,1047.58,1023.61,9190000.0,1.2,1
1084.21,1048.58,1087.16,1045.17,28300000.0,4.1,1
1101.05,1095.33,1125.75,1094.88,31050000.0,1.55,1
1108.0,1103.05,1115.76,1094.88,16010000.000000002,0.63,0
1103.66,1113.04,1113.94,1092.45,13200000.0,-0.39,0
1101.05,1102.1,1106.61,1096.74,8270000.0,-0.24,0
1076.52,1104.41,1104.41,1074.93,15060000.0,-2.23,0
1075.11,1078.08,1086.71,1074.0,8220000.000000001,-0.13,1
1079.58,1075.13,1087.5,1075.13,8369999.999999999,0.42,1
1102.23,1081.06,1106.11,1074.45,12410000.0,2.1,0
1085.14,1110.31,1114.78,1078.35,32200000.000000004,-1.55,1
1086.87,1076.77,1097.76,1075.81,10870000.0,0.16,1
1091.56,1091.7,1096.97,1082.17,9150000.0,0.43,1
1103.28,1093.06,1108.5,1088.64,10150000.0,1.07,1
1130.24,1110.95,1133.46,1110.08,14540000.0,2.44,0
1126.97,1136.44,1137.3,1122.11,14020000.0,-0.29,1
1145.92,1128.92,1148.4,1123.61,14190000.0,1.68,1
1156.64,1150.26,1164.28,1140.63,16649999.999999998,0.94,0
1147.47,1166.6,1166.6,1143.93,8970000.0,-0.79,0
1143.56,1146.17,1150.53,1134.98,12540000.0,-0.34,1
1145.58,1135.71,1152.89,1132.55,8270000.0,0.18,1
1160.31,1158.88,1168.8,1151.64,10080000.0,1.29,1
1184.39,1159.84,1185.66,1156.32,12490000.0,2.08,0
1161.99,1189.27,1189.27,1158.02,9470000.0,-1.89,1
1167.69,1177.95,1179.65,1165.55,5850000.0,0.49,1
1212.56,1173.52,1218.53,1171.82,14560000.0,3.84,0
1204.12,1226.25,1234.69,1200.8,13630000.0,-0.7,1
1210.99,1200.64,1217.89,1198.94,6170000.0,0.57,1
1223.32,1216.08,1234.46,1211.67,9190000.0,1.02,1
1225.79,1225.77,1233.53,1219.8,7960000.0,0.2,1
1229.06,1211.36,1246.04,1208.5,12550000.0,0.27,1
1240.07,1236.41,1248.92,1229.24,8150000.0,0.9,0
1225.79,1245.02,1245.02,1221.75,11730000.0,-1.15,0
1190.43,1238.05,1238.32,1181.67,19230000.0,-2.88,1
1192.65,1189.3,1209.68,1185.44,10180000.0,0.19,0
1181.03,1216.53,1216.53,1166.6,15870000.0,-0.97,1
1207.93,1187.98,1211.49,1181.65,9000000.0,2.28,0
1192.65,1203.82,1215.08,1189.27,9130000.0,-1.26,0
1179.58,1189.3,1197.44,1175.9,9120000.0,-1.1,0
1151.28,1178.47,1178.47,1135.6,13140000.0,-2.4,1
1151.98,1151.28,1160.24,1132.15,14290000.0,0.06,0
1135.19,1155.25,1156.61,1132.67,9760000.0,-1.46,0
1127.38,1137.57,1143.9,1117.12,11070000.0,-0.69,1
1134.3,1131.62,1137.05,1130.28,1570000.0,0.61,1
1135.71,1143.63,1143.9,1115.03,18770000.0,0.12,1
1144.67,1137.09,1147.94,1128.95,14470000.0,0.79,1
1157.47,1142.4,1161.15,1136.48,9460000.0,1.12,1
1159.59,1153.0,1166.83,1150.96,9900000.0,0.18,1
1177.08,1163.38,1179.65,1160.7,8039999.999999999,1.51,0
1170.14,1180.22,1181.22,1166.6,4430000.0,-0.59,0
1142.95,1167.53,1168.87,1132.55,10460000.0,-2.32,0
1118.48,1134.35,1134.35,1117.12,9420000.0,-2.14,1
1122.7,1116.67,1129.83,1112.15,7850000.0,0.38,0
1072.98,1105.82,1111.67,1067.19,22270000.0,-4.43,1
1083.01,1059.04,1090.0,1048.12,23380000.0,0.93,0
1067.37,1080.35,1093.92,1063.81,15530000.0,-1.44,1
1131.62,1077.17,1135.73,1069.98,39140000.0,6.02,0
1095.15,1120.21,1124.66,1090.11,14550000.0,-3.22,1
1108.27,1107.18,1134.82,1089.02,22450000.0,1.2,0
1091.88,1120.3,1123.88,1084.37,29700000.0,-1.48,1
1119.84,1104.41,1123.02,1100.82,9330000.0,2.56,1
1127.04,1121.07,1133.1,1117.39,11740000.0,0.64,0
1093.18,1134.1,1134.14,1089.43,17740000.0,-3.0,0
1072.45,1096.69,1100.78,1069.98,9540000.0,-1.9,1
1081.19,1078.6,1091.25,1071.27,10370000.0,0.81,1
1097.65,1100.37,1103.87,1092.29,8070000.0,1.52,1
1115.06,1105.32,1123.43,1100.78,12200000.0,1.59,1
1116.19,1107.7,1119.39,1103.21,7720000.0,0.1,0
1093.81,1122.79,1123.07,1091.25,11910000.0,-2.01,0
1080.42,1080.35,1092.15,1077.36,11990000.0,-1.22,0
1077.27,1082.17,1091.7,1071.77,8650000.0,-0.29,1
1091.2,1092.02,1096.47,1075.2,9010000.0,1.29,0
1062.4,1088.55,1093.06,1053.12,19430000.0,-2.64,0
1033.76,1052.14,1052.14,1020.02,13220000.0,-2.7,1
1049.14,1049.19,1064.92,1040.5,11850000.0,1.49,1
1074.04,1055.34,1076.68,1054.02,16300000.0,2.37,0
1073.66,1077.63,1080.35,1070.39,8369999.999999999,-0.04,1
1077.08,1075.81,1085.8,1061.08,7280000.0,0.32,0
1075.93,1071.98,1079.44,1065.87,3710000.0,-0.11,1
1088.7,1078.35,1091.63,1077.2,5880000.0,1.19,1
1090.57,1085.35,1098.06,1081.31,14240000.0,0.17,0
1070.87,1089.43,1091.68,1064.74,27070000.0,-1.81,1
1074.97,1077.17,1082.12,1071.27,8750000.0,0.38,1
1091.18,1073.54,1093.04,1072.89,5000000.0,1.51,1
1115.8,1096.65,1117.12,1091.25,10010000.0,2.26,1
1121.02,1117.57,1124.38,1104.39,10750000.0,0.47,0
1096.92,1112.67,1113.94,1093.52,13330000.0,-2.15,1
1105.77,1103.48,1115.78,1094.67,12100000.0,0.81,1
1106.68,1113.04,1115.3,1096.72,8530000.0,0.08,1
1114.65,1105.77,1123.45,1105.32,14960000.0,0.72,1
1144.4,1121.8,1146.15,1118.94,13660000.0,2.67,1
1150.85,1144.47,1153.43,1138.64,10940000.0,0.56,1
1152.53,1150.71,1165.37,1146.56,18400000.0,0.15,1
1158.54,1152.07,1164.33,1151.62,7420000.0,0.52,0
1144.72,1159.68,1163.13,1141.97,5740000.0,-1.19,0
1144.63,1148.44,1153.89,1138.91,9000000.0,-0.01,0
1124.59,1134.85,1139.34,1114.4,15220000.0,-1.75,1
1124.77,1113.04,1135.85,1113.04,12310000.0,0.02,0
1079.4,1123.48,1136.98,1069.05,20190000.0,-4.03,0
1077.29,1066.53,1084.28,1046.31,22620000.0,-0.2,0
1061.33,1060.38,1069.5,1049.05,18480000.0,-1.48,0
1060.31,1073.54,1078.49,1056.93,13540000.0,-0.1,1
1083.35,1071.36,1092.34,1069.55,11210000.0,2.17,0
1079.76,1093.06,1098.78,1065.42,12180000.0,-0.33,1
1081.96,1092.61,1092.61,1078.13,9250000.0,0.2,0
1067.98,1085.8,1090.09,1065.46,8840000.0,-1.29,0
1058.25,1062.65,1066.03,1053.62,10210000.0,-0.91,0
1051.8,1063.1,1069.82,1046.31,9890000.0,-0.61,1
1069.48,1057.95,1071.27,1048.58,11130000.0,1.68,1
1081.94,1076.33,1083.62,1070.37,10600000.0,1.17,0
1080.83,1087.48,1087.48,1073.59,11500000.0,-0.1,0
1078.72,1077.29,1082.39,1064.06,14720000.0,-0.2,0
1061.54,1062.31,1068.98,1049.94,9890000.0,-1.59,1
1097.58,1067.28,1100.28,1060.24,10350000.0,3.4,0
1095.31,1103.05,1104.41,1087.59,9590000.0,-0.21,1
1109.18,1098.55,1114.35,1093.97,11860000.0,1.27,0
1100.51,1109.59,1115.03,1098.58,6250000.0,-0.78,0
1089.39,1094.88,1106.45,1082.44,10250000.0,-1.01,0
1084.44,1068.05,1087.57,1065.44,12460000.0,-0.45,0
1077.65,1089.93,1092.4,1074.91,6750000.0,-0.63,0
1023.95,1046.31,1062.15,1018.35,22930000.0,-4.98,1
1036.75,1035.0,1047.65,1033.26,13450000.0,1.25,1
1071.07,1018.16,1074.61,1018.16,19660000.0,3.31,1
1088.77,1059.68,1089.88,1057.29,19820000.0,1.65,0
1079.58,1089.43,1096.17,1075.84,9400000.0,-0.84,0
1055.64,1068.1,1073.23,1053.28,9970000.0,-2.22,0
1016.6,1034.37,1049.53,1008.63,16600000.000000002,-3.7,0
1014.76,1003.87,1019.53,989.57,19650000.0,-0.18,1
1068.6,1014.99,1074.45,1014.15,18840000.0,5.31,1
1085.91,1089.43,1091.7,1071.27,16600000.000000002,1.62,1
1089.04,1078.56,1094.42,1078.56,11310000.0,0.29,1
1097.99,1083.48,1100.51,1077.63,7700000.0,0.82,0
1072.84,1102.12,1102.12,1062.58,14700000.0,-2.29,1
1090.95,1081.26,1093.02,1079.04,10290000.0,1.69,1
1126.52,1104.3,1133.64,1096.29,19770000.0,3.26,0
1120.03,1109.4,1127.56,1107.13,11080000.0,-0.58,1
1148.96,1116.71,1150.69,1113.76,20820000.0,2.58,1
1152.62,1145.26,1164.26,1145.26,14270000.0,0.32,1
1170.53,1139.36,1173.02,1139.36,12150000.0,1.55,1
1178.33,1172.27,1187.48,1169.78,13130000.0,0.67,1
1190.18,1184.76,1193.72,1174.09,9130000.0,1.01,1
1190.45,1197.47,1197.47,1183.58,8020000.0,0.02,1
1213.33,1198.33,1220.16,1187.98,14590000.0,1.92,0
1195.99,1209.7,1211.86,1193.2,12210000.0,-1.43,1
1205.57,1196.56,1209.79,1190.2,7310000.0,0.8,1
1209.13,1205.39,1214.26,1199.12,7320000.0,0.3,0
1192.04,1203.41,1211.95,1189.61,12140000.0,-1.41,0
1188.86,1174.36,1195.88,1174.36,11310000.0,-0.27,0
1167.89,1177.99,1182.94,1165.24,14300000.0,-1.76,1
1187.32,1162.06,1191.56,1162.06,13990000.0,1.66,0
1184.85,1180.22,1197.72,1172.5,8540000.0,-0.21,0
1162.54,1174.32,1181.4,1159.97,12200000.0,-1.88,0
1158.27,1168.64,1176.86,1155.48,9560000.0,-0.37,0
1154.73,1149.8,1161.97,1144.72,9210000.0,-0.31,1
1198.74,1161.15,1211.08,1158.0,24130000.0,3.81,1
1233.98,1206.14,1241.04,1202.5,23140000.0,2.94,1
1262.88,1248.71,1266.01,1240.14,20040000.0,2.34,0
1252.3,1252.35,1271.91,1245.67,13890000.0,-0.84,0
1223.34,1244.86,1252.12,1209.11,15750000.0,-2.31,1
1259.95,1230.15,1268.73,1229.1,11290000.0,2.99,1
1261.18,1250.96,1283.71,1250.6,17850000.0,0.1,1
1280.01,1275.52,1294.15,1264.69,23640000.0,1.49,0
1266.58,1296.49,1296.49,1260.7,16810000.0,-1.05,0
1262.13,1253.75,1273.5,1251.96,8740000.0,-0.35,0
1222.73,1264.19,1266.46,1214.85,17770000.0,-3.12,0
1198.78,1236.28,1239.23,1194.74,15890000.0,-1.96,0
1189.59,1185.75,1207.0,1177.29,18140000.0,-0.77,0
1143.13,1168.85,1178.9,1138.0,16690000.000000002,-3.91,0
1123.32,1132.55,1146.9,1115.76,18010000.0,-1.73,0
1111.81,1122.41,1127.99,1099.39,15360000.0,-1.02,0
1089.16,1101.91,1105.25,1075.81,18910000.0,-2.04,1
1101.51,1101.23,1124.84,1096.4,17820000.0,1.13,1
1101.78,1105.07,1126.2,1096.99,12400000.0,0.02,1
1148.06,1105.36,1152.94,1103.96,15280000.0,4.2,1
1152.23,1152.82,1166.6,1138.57,15950000.0,0.36,0
1125.68,1127.56,1140.5,1119.41,13570000.0,-2.3,1
1191.32,1140.5,1200.37,1135.73,20120000.0,5.83,0
1183.35,1194.52,1204.52,1177.04,14080000.0,-0.67,1
1187.41,1183.39,1197.47,1179.17,12490000.0,0.34,0
1185.66,1196.1,1205.95,1180.9,11740000.0,-0.15,0
1174.36,1191.29,1196.06,1156.61,16510000.000000002,-0.95,0
1168.91,1177.06,1182.55,1153.03,15250000.0,-0.46,1
1209.63,1187.03,1213.81,1177.58,12790000.0,3.48,0
1195.04,1199.01,1215.99,1187.34,65180000.00000001,-1.21,1
1195.42,1195.79,1205.27,1187.57,9020000.0,0.03,1
1236.64,1195.65,1240.34,1195.65,20420000.0,3.45,1
1261.7,1245.58,1278.88,1244.67,22100000.0,2.03,0
1256.27,1261.92,1277.36,1249.12,10240000.0,-0.43,1
1258.63,1257.34,1266.96,1249.24,11410000.0,0.19,0
1236.53,1258.63,1262.38,1233.01,11520000.0,-1.76,1
1270.44,1230.15,1272.36,1230.15,15950000.0,2.74,0
1232.08,1258.25,1266.42,1226.29,16700000.0,-3.02,0
1208.77,1202.91,1213.26,1187.62,16260000.000000002,-1.89,0
1192.97,1202.94,1212.83,1186.32,13580000.0,-1.31,0
1178.54,1188.18,1197.15,1173.14,10330000.0,-1.21,0
1162.06,1190.66,1207.02,1159.34,15790000.0,-1.4,1
1175.68,1162.06,1191.5,1160.29,22570000.0,1.17,0
1154.37,1182.49,1187.98,1144.4,11140000.0,-1.81,1
1173.0,1162.06,1177.22,1147.67,10820000.0,1.61,0
1137.37,1161.2,1161.29,1135.28,9800000.0,-3.04,0
1118.91,1141.66,1146.17,1109.86,17950000.0,-1.62,1
1134.85,1125.75,1139.82,1120.3,13140000.0,1.42,0
1131.49,1155.23,1155.23,1126.45,14280000.0,-0.3,1
1147.4,1126.7,1150.23,1126.7,12530000.0,1.41,1
1171.21,1138.09,1178.85,1135.28,17730000.0,2.08,1
1178.24,1171.14,1187.43,1164.78,21330000.0,0.6,0
1093.38,1168.82,1176.59,1073.54,75680000.0,-7.2,1
1095.65,1079.88,1108.5,1074.04,38630000.0,0.21,1
1104.52,1099.87,1118.89,1097.19,16290000.0,0.81,0
1094.81,1098.55,1108.47,1083.98,22100000.0,-0.88,0
1084.03,1101.19,1104.52,1078.08,21510000.0,-0.98,1
1085.53,1097.6,1097.6,1081.51,17550000.0,0.14,1
1100.28,1078.76,1102.5,1075.81,12780000.0,1.36,0
1098.71,1091.25,1107.45,1091.25,9950000.0,-0.14,0
1079.24,1101.82,1104.86,1077.17,13130000.0,-1.77,1
1088.14,1083.98,1104.84,1078.97,15660000.0,0.82,1
1090.25,1096.24,1096.24,1081.76,8860000.0,0.19,1
1099.53,1098.96,1100.78,1085.94,13990000.0,0.85,1
1106.27,1089.57,1110.77,1089.57,15170000.0,0.61,1
1136.19,1152.98,1154.12,1128.58,22080000.0,2.7,0
1128.6,1132.1,1134.82,1119.98,15250000.0,-0.67,1
1136.23,1134.82,1142.22,1132.55,10130000.0,0.68,0
1098.69,1120.05,1120.05,1090.79,21330000.0,-3.3,1
1099.19,1099.01,1109.36,1094.58,10430000.0,0.05,0
1098.15,1098.49,1101.69,1090.34,7990000.0,-0.09,1
1115.35,1105.77,1120.28,1098.96,11530000.0,1.57,1
1139.11,1123.34,1142.59,1118.48,13970000.0,2.13,1
1168.8,1143.52,1174.66,1138.27,14490000.0,2.61,1
1173.25,1167.73,1183.76,1162.76,12850000.0,0.38,1
1183.1,1180.22,1184.76,1165.44,13150000.0,0.84,0
1167.46,1184.76,1188.27,1150.71,13350000.0,-1.32,0
1150.26,1169.32,1170.59,1147.06,12870000.0,-1.47,1
1165.31,1148.9,1172.75,1148.9,9380000.0,1.31,1
1172.27,1169.73,1175.63,1160.72,9900000.0,0.6,1
1176.18,1181.62,1184.71,1171.23,7570000.0,0.33,1
1195.2,1175.81,1198.99,1172.14,11680000.0,1.62,1
1203.5,1201.19,1206.23,1192.61,6100000.0,0.69,1
1209.79,1209.72,1215.12,1205.43,6090000.0,0.52,0
1208.04,1207.45,1211.54,1198.46,6840000.0,-0.14,0
1186.5,1202.91,1208.22,1182.46,8730000.0,-1.78,0
1183.21,1187.93,1194.42,1173.86,8740000.0,-0.28,1
1201.46,1177.49,1204.37,1176.29,8930000.0,1.54,0
1198.26,1198.42,1211.99,1196.26,9570000.0,-0.27,0
1194.77,1202.44,1208.77,1190.48,7270000.0,-0.29,0
1188.39,1195.2,1202.91,1183.39,9910000.0,-0.53,0
1179.15,1173.41,1205.18,1170.25,18310000.0,-0.78,1
1197.44,1186.57,1200.76,1169.59,21360000.0,1.55,0
1162.24,1172.34,1182.46,1157.84,18380000.0,-2.94,0
1148.67,1162.24,1169.03,1146.49,12000000.0,-1.17,1
1166.51,1148.9,1171.82,1148.9,10460000.0,1.55,1
1178.79,1167.96,1182.94,1167.51,10060000.0,1.05,0
1171.93,1168.87,1177.9,1166.6,6910000.0,-0.58,1
1173.59,1174.88,1179.31,1167.05,6510000.0,0.14,0
1166.28,1184.76,1184.76,1163.88,7670000.0,-0.62,1
1179.33,1166.85,1185.66,1166.85,6860000.0,1.12,1
1189.18,1188.39,1193.7,1180.67,8199999.999999999,0.84,0
1174.93,1168.87,1184.76,1167.85,8010000.0,-1.2,0
1163.29,1172.5,1181.83,1160.58,9570000.0,-0.99,0
1134.46,1154.68,1158.88,1130.74,18660000.0,-2.48,1
1135.94,1134.46,1145.13,1126.36,7000000.0,0.13,1
1136.12,1145.01,1151.94,1132.42,7760000.0,0.02,1
1139.25,1133.35,1149.8,1132.55,8500000.0,0.28,0
1128.51,1128.47,1136.19,1122.16,9510000.0,-0.94,0
1107.36,1128.01,1132.99,1105.82,8790000.0,-1.87,0
1079.15,1086.73,1097.51,1078.15,11520000.0,-2.55,1
1087.73,1086.71,1101.23,1071.32,14910000.0,0.8,0
1058.77,1071.43,1079.44,1056.34,15690000.0,-2.66,0
1055.52,1071.27,1074.68,1049.94,13540000.0,-0.31,1
1079.33,1049.03,1090.34,1049.03,17180000.0,2.26,0
1075.59,1085.57,1097.12,1072.64,10940000.0,-0.35,1
1095.42,1088.43,1097.6,1084.96,8260000.0,1.84,1
1099.46,1102.59,1112.13,1097.67,12320000.0,0.37,1
1104.12,1096.08,1109.36,1096.08,7120000.0,0.42,0
1092.06,1091.7,1097.42,1083.98,5840000.0,-1.09,0
1070.32,1095.79,1095.79,1067.23,8510000.0,-1.99,1
1078.2,1067.64,1081.12,1063.6,6850000.0,0.74,1
1081.62,1076.45,1086.71,1071.32,6760000.0,0.32,0
1076.13,1096.24,1096.85,1075.4,8400000.0,-0.51,1
1093.4,1069.0,1095.79,1063.83,15440000.0,1.61,1
1112.69,1099.42,1118.03,1098.58,11460000.0,1.76,1
1132.05,1114.17,1147.47,1108.36,17770000.0,1.74,1
1135.1,1128.01,1143.45,1128.01,8050000.000000001,0.27,0
1121.93,1138.32,1142.45,1119.84,7610000.0,-1.16,1
1125.68,1116.67,1135.96,1114.53,3110000.0,0.33,0
1108.29,1134.37,1134.37,1106.68,11290000.0,-1.54,1
1112.65,1115.76,1120.5,1104.32,11550000.0,0.39,1
1146.69,1118.94,1150.71,1116.42,16250000.0,3.06,1
1157.34,1153.43,1162.49,1149.44,11460000.0,0.93,0
1148.37,1180.22,1180.22,1138.46,12890000.0,-0.77,1
1155.55,1149.49,1157.61,1141.63,8289999.999999999,0.62,1
1159.86,1148.37,1161.86,1146.19,6180000.0,0.37,1
1176.93,1159.29,1180.22,1158.02,11610000.0,1.47,1
1183.21,1176.13,1184.89,1168.41,10880000.0,0.53,0
1182.03,1184.89,1190.18,1175.7,10390000.0,-0.1,0
1167.73,1175.68,1178.65,1163.42,5510000.0,-1.21,1
1194.65,1180.22,1196.56,1174.77,11360000.0,2.31,0
1188.86,1194.18,1199.28,1182.55,8350000.0,-0.48,0
1183.53,1190.34,1192.2,1175.68,6540000.0,-0.45,0
1176.74,1184.76,1187.46,1171.75,8970000.0,-0.57,1
1179.79,1173.39,1186.12,1171.14,6150000.0,0.26,0
1179.15,1183.28,1184.3,1167.1,4890000.0,-0.05,0
1157.93,1174.77,1174.77,1154.39,5900000.0,-1.8,1
1164.35,1155.25,1165.92,1151.39,6100000.0,0.55,0
1160.72,1168.87,1170.18,1158.54,5920000.0,-0.31,1
1170.73,1164.78,1177.49,1156.7,8670000.0,0.86,1
1188.21,1175.22,1191.52,1172.09,6780000.0,1.49,1
1229.04,1184.26,1235.16,1135.73,29100000.0,3.44,1
1231.15,1227.4,1239.98,1222.89,10210000.0,0.17,1
1239.84,1231.28,1246.24,1224.79,24150000.0,0.71,0
1236.19,1244.58,1250.58,1232.87,8760000.0,-0.29,0
1235.66,1239.23,1247.4,1225.88,10700000.0,-0.04,0
1217.64,1231.06,1233.21,1215.62,13690000.0,-1.46,1
1221.16,1209.77,1224.25,1207.91,7930000.0,0.29,0
1203.14,1218.8,1223.34,1199.35,7810000.0,-1.48,0
1202.57,1207.45,1209.72,1198.42,7160000.0,-0.05,0
1184.35,1201.1,1207.45,1181.06,11680000.0,-1.52,1
1186.16,1173.63,1190.66,1173.41,8750000.0,0.15,1
1191.56,1186.16,1195.2,1183.26,7690000.0,0.46,0
1187.25,1197.31,1197.9,1185.21,6710000.0,-0.36,0
1170.39,1181.35,1187.03,1167.05,8020000.0,-1.42,0
1164.6,1167.05,1188.75,1161.22,14620000.0,-0.49,1
1179.9,1171.59,1182.03,1165.1,7130000.0,1.31,1
1190.11,1172.91,1192.02,1164.78,6890000.0,0.87,0
1173.18,1189.75,1195.2,1169.37,7870000.0,-1.42,0
1170.14,1179.31,1182.33,1165.12,6880000.0,-0.26,0
1135.82,1163.56,1175.9,1131.31,9470000.0,-2.93,1
1145.74,1141.52,1153.89,1131.37,5530000.0,0.87,1
1155.11,1148.44,1156.98,1141.75,5320000.0,0.82,0
1155.0,1152.07,1157.43,1144.58,6890000.0,-0.01,0
1154.48,1147.08,1157.02,1146.4,6400000.0,-0.05,1
1156.25,1155.3,1169.78,1153.48,6730000.0,0.15,1
1169.28,1157.52,1170.68,1156.7,4910000.0,1.13,0
1160.72,1164.35,1167.96,1156.52,7070000.0,-0.73,0
1143.24,1160.7,1162.54,1141.18,8550000.0,-1.51,0
1141.2,1145.49,1151.35,1136.64,12590000.0,-0.18,1
1151.57,1146.92,1156.59,1143.13,5860000.0,0.91,1
1178.76,1155.39,1181.12,1154.5,9900000.0,2.36,0
1161.33,1182.94,1182.94,1155.7,7430000.0,-1.48,0
1146.69,1158.66,1161.15,1144.4,10620000.0,-1.26,0
1121.93,1146.1,1149.58,1118.94,16329999.999999998,-2.16,0
1120.12,1115.94,1122.52,1105.14,19030000.0,-0.16,0
1109.45,1122.43,1125.59,1101.69,12570000.0,-0.95,1
1125.2,1115.76,1127.11,1112.4,9920000.0,1.42,0
1123.34,1122.79,1130.78,1116.83,12410000.0,-0.17,0
1122.14,1122.52,1126.27,1115.15,11020000.0,-0.11,0
1108.79,1123.48,1123.48,1106.34,13780000.0,-1.19,0
1103.18,1111.67,1119.48,1100.78,10110000.0,-0.51,0
1096.67,1107.59,1109.24,1083.69,15220000.0,-0.59,0
1081.51,1095.08,1096.1,1080.35,11430000.0,-1.38,0
1060.99,1082.35,1083.69,1049.33,23840000.0,-1.9,1
1071.16,1058.43,1076.68,1044.49,20100000.0,0.96,0
1068.48,1081.26,1083.82,1062.65,20940000.0,-0.25,0
1062.15,1080.33,1080.33,1046.31,17860000.0,-0.59,0
1056.27,1052.21,1065.83,1049.03,12610000.0,-0.55,1
1057.2,1066.28,1066.28,1040.86,22800000.0,0.09,0
1049.24,1050.85,1053.57,1046.67,13700000.0,-0.75,0
1046.72,1049.48,1056.48,1040.86,13970000.0,-0.24,1
1067.62,1049.94,1071.23,1047.22,19530000.0,2.0,1
1069.48,1068.3,1076.2,1059.47,12160000.0,0.17,0
1060.67,1068.96,1068.96,1053.71,9960000.0,-0.82,0
1054.64,1062.29,1066.73,1050.19,9560000.0,-0.57,1
1079.49,1057.63,1081.21,1054.77,13220000.0,2.36,1
1103.93,1078.54,1106.32,1077.17,30920000.0,2.26,0
1103.07,1111.88,1118.39,1100.8,15940000.0,-0.08,1
1107.68,1098.51,1110.99,1094.24,10900000.0,0.42,0
1095.97,1109.86,1112.01,1094.02,8160000.0,-1.06,1
1104.91,1100.33,1110.67,1095.04,12290000.0,0.82,0
1079.85,1101.21,1103.05,1078.11,10180000.0,-2.27,0
1074.68,1079.44,1087.05,1071.89,9090000.0,-0.48,1
1082.03,1076.72,1087.68,1074.91,8710000.0,0.68,0
1074.84,1081.26,1084.73,1067.51,10340000.0,-0.66,0
1054.27,1069.5,1074.45,1050.23,20300000.0,-1.91,1
1063.97,1064.01,1064.69,1054.59,10660000.0,0.92,0
1055.86,1060.83,1067.48,1053.84,8610000.0,-0.76,1
1082.8,1066.35,1086.46,1062.9,13520000.0,2.55,1
1093.38,1089.43,1100.6,1089.43,9390000.0,0.98,1
1097.31,1093.38,1098.06,1082.62,14570000.0,0.36,0
1070.93,1096.69,1097.1,1069.05,14990000.0,-2.4,0
1054.34,1062.88,1064.01,1050.87,12310000.0,-1.55,0
1037.0,1057.2,1064.01,1032.69,11790000.0,-1.64,0
1033.12,1034.96,1046.28,1029.99,14790000.0,-0.37,0
1015.46,1036.82,1043.27,1011.08,20060000.0,-1.71,0
1010.4,1018.16,1023.16,999.64,16950000.0,-0.5,0
1009.13,1018.96,1022.23,1004.41,31400000.0,-0.13,0
999.21,1005.45,1007.72,989.57,18020000.0,-0.98,1
1030.28,1007.25,1032.24,1006.36,19750000.0,3.11,1
1033.42,1037.23,1040.16,1030.42,10080000.0,0.3,0
1020.34,1029.51,1030.37,1018.19,15000000.0,-1.27,0
1000.14,1019.19,1021.34,997.74,11420000.0,-1.98,1
1015.69,1006.59,1023.16,998.74,12970000.0,1.55,1
1020.43,1019.07,1024.29,1015.44,11610000.0,0.47,0
1014.4,1016.35,1018.98,1003.68,17360000.0,-0.59,1
1058.13,1023.61,1063.76,1023.47,26000000.0,4.31,1
1058.31,1064.46,1066.28,1050.85,9500000.0,0.02,0
1055.77,1065.83,1065.83,1047.92,15010000.0,-0.24,1
1062.85,1052.28,1068.55,1052.28,17020000.0,0.67,0
1055.32,1066.73,1066.92,1053.82,11960000.0,-0.71,1
1060.54,1059.47,1062.65,1054.95,9730000.0,0.49,1
1065.21,1060.54,1074.81,1057.68,16780000.0,0.44,1
1069.23,1068.1,1073.91,1063.1,11430000.0,0.38,1
1074.66,1100.76,1100.76,1066.3,16550000.0,0.51,0
1062.35,1078.99,1078.99,1055.84,9600000.0,-1.14,1
1067.64,1061.76,1070.32,1058.65,11330000.0,0.5,0
1064.94,1068.6,1070.82,1058.61,6470000.0,-0.25,1
1066.28,1067.03,1071.73,1060.56,7060000.0,0.13,1
1070.37,1078.08,1080.76,1065.83,11940000.0,0.38,1
1078.56,1074.0,1080.62,1066.96,8520000.0,0.77,0
1072.23,1079.9,1083.12,1068.57,7950000.0,-0.59,1
1079.01,1078.08,1082.17,1073.09,8460000.0,0.63,1
1098.74,1081.26,1100.28,1081.15,14370000.0,1.83,1
1108.06,1105.86,1110.22,1102.19,11980000.0,0.85,0
1098.55,1109.86,1109.86,1095.35,6520000.0,-0.86,1
1111.22,1099.03,1113.42,1096.06,7970000.0,1.15,0
1108.38,1108.04,1117.28,1105.77,8070000.0,-0.26,1
1122.07,1112.13,1127.4,1109.47,8450000.0,1.23,1
1125.54,1123.48,1128.83,1118.14,5970000.0,0.31,1
1133.28,1130.28,1134.76,1126.29,10040000.0,0.69,0
1125.88,1134.35,1139.14,1124.18,9740000.0,-0.65,1
1127.72,1121.12,1129.1,1115.08,6420000.0,0.16,1
1129.94,1130.24,1136.89,1122.64,6310000.0,0.2,0
1113.85,1132.1,1134.64,1112.2,8050000.000000001,-1.42,0
1107.27,1118.03,1118.94,1102.59,8119999.999999999,-0.59,0
1104.89,1111.92,1115.3,1101.76,9720000.0,-0.22,1
1108.47,1104.89,1110.29,1097.99,7430000.0,0.32,1
1114.4,1105.32,1119.39,1104.12,6860000.0,0.53,0
1114.19,1116.96,1120.3,1112.79,5620000.0,-0.02,0
1107.7,1110.27,1118.48,1104.61,7490000.0,-0.58,0
1107.57,1104.82,1111.67,1096.72,10600000.0,-0.01,1
1137.77,1115.76,1138.91,1112.47,11650000.0,2.73,1
1144.17,1144.36,1148.44,1138.09,9240000.0,0.56,0
1143.88,1144.17,1151.94,1141.34,10470000.0,-0.03,0
1121.16,1134.82,1139.3,1117.12,25020000.0,-1.99,0
1118.14,1125.81,1127.97,1115.76,13470000.0,-0.27,0
1114.49,1121.66,1127.04,1112.58,14580000.0,-0.33,1
1124.5,1119.93,1127.45,1115.96,10070000.0,0.9,1
1125.45,1127.31,1129.24,1117.57,6920000.0,0.08,1
1133.98,1128.92,1134.82,1122.39,9520000.0,0.76,1
1134.66,1137.55,1142.47,1130.74,11140000.0,0.06,0
1126.63,1138.0,1138.7,1124.84,5420000.0,-0.71,1
1127.63,1123.7,1129.92,1118.94,5900000.0,0.09,1
1144.29,1132.55,1145.47,1128.58,10380000.0,1.48,1
1158.36,1144.36,1159.79,1142.54,12260000.0,1.23,1
1158.68,1158.34,1163.22,1150.94,10900000.0,0.03,1
1169.96,1162.15,1172.23,1162.15,22310000.0,0.97,0
1158.34,1172.95,1172.95,1154.18,6280000.0,-0.99,1
1160.74,1156.41,1163.88,1150.71,6390000.0,0.21,1
1164.01,1160.7,1166.53,1156.61,6430000.0,0.28,0
1150.94,1160.24,1168.1,1149.35,7030000.0,-1.12,0
1141.52,1147.94,1149.98,1140.27,6120000.0,-0.82,0
1132.8,1138.0,1141.81,1129.69,11670000.0,-0.76,1
1133.21,1133.26,1139.14,1128.76,8940000.0,0.04,1
1148.21,1140.72,1152.01,1133.85,10480000.0,1.32,1
1157.63,1155.89,1160.54,1150.01,10290000.0,0.82,1
1187.34,1161.17,1190.2,1159.95,11220000.0,2.57,0
1175.11,1191.56,1191.56,1168.07,7440000.0,-1.03,0
1173.18,1184.3,1184.3,1169.23,9460000.0,-0.16,1
1197.81,1169.35,1200.39,1169.35,17650000.0,2.1,0
1195.47,1196.1,1209.7,1192.93,12350000.0,-0.2,1
1241.52,1220.57,1251.03,1214.26,30680000.0,3.85,1
1254.98,1249.62,1257.38,1242.68,18520000.0,1.08,1
1256.36,1255.71,1271.91,1253.59,17290000.0,0.11,0
1245.13,1263.69,1270.55,1242.52,13550000.0,-0.89,0
1244.08,1248.31,1253.25,1237.0,13960000.0,-0.08,1
1269.5,1246.94,1277.83,1238.32,20510000.0,2.04,1
1280.29,1278.72,1288.0,1267.83,23880000.0,0.85,1
1290.0,1284.62,1296.42,1269.64,36110000.0,0.76,1
1309.93,1290.0,1315.47,1290.0,38720000.0,1.54,0
1269.38,1304.5,1307.45,1261.8,30250000.0,-3.1,0
1243.7,1240.5,1257.47,1234.65,23730000.0,-2.02,0
1242.9,1247.0,1252.6,1240.0,12030000.0,-0.06,1
1263.1,1242.5,1273.5,1242.5,12910000.0,1.63,0
1251.35,1267.03,1268.82,1245.18,17230000.0,-0.93,1
1263.93,1256.03,1271.43,1250.28,20830000.0,1.0,1
1274.63,1263.93,1276.95,1258.97,8550000.0,0.85,0
1256.6,1277.5,1279.5,1252.65,9540000.0,-1.41,0
1243.18,1254.6,1256.0,1231.8,12750000.0,-1.07,0
1237.95,1237.65,1250.45,1229.03,10170000.0,-0.42,1
1254.78,1249.4,1258.0,1235.8,22890000.0,1.36,1
1261.93,1260.5,1264.2,1252.5,5980000.0,0.57,0
1254.32,1264.0,1267.22,1249.78,9840000.0,-0.6,1
1262.6,1252.43,1264.5,1240.55,11490000.0,0.66,1
1268.22,1262.47,1275.0,1254.22,15470000.0,0.45,1
1273.57,1266.22,1279.43,1256.18,22180000.0,0.42,1
1288.63,1269.5,1291.15,1262.5,9580000.0,1.18,0
1287.57,1275.5,1291.4,1275.5,10200000.0,-0.08,0
1269.0,1283.55,1289.05,1266.43,13670000.0,-1.44,1
1278.4,1265.63,1288.8,1254.28,18640000.0,0.74,0
1260.0,1269.97,1277.72,1257.82,9220000.0,-1.44,0
1259.7,1258.45,1268.97,1249.5,7710000.0,-0.02,1
1261.1,1262.1,1271.43,1258.47,9520000.0,0.11,0
1239.9,1269.95,1269.95,1235.5,14140000.0,-1.68,0
1234.18,1228.0,1252.5,1221.3,22220000.0,-0.46,0
1221.88,1236.0,1242.0,1215.55,12580000.0,-1.0,0
1210.18,1226.03,1226.72,1204.07,16880000.0,-0.96,0
1209.03,1216.0,1221.5,1207.5,12170000.0,-0.1,0
1203.5,1211.5,1212.5,1199.95,21640000.0,-0.46,1
1206.32,1203.28,1212.82,1200.82,18110000.0,0.23,0
1205.35,1206.32,1211.82,1202.65,9350000.0,-0.08,1
1211.8,1210.0,1216.97,1206.22,8680000.0,0.54,1
1214.35,1210.55,1218.07,1208.63,8199999.999999999,0.21,1
1216.0,1210.85,1219.13,1205.5,13650000.0,0.14,1
1224.1,1220.0,1228.0,1211.47,23110000.0,0.67,1
1237.3,1226.0,1238.43,1226.0,13270000.0,1.08,0
1219.43,1241.5,1241.5,1217.97,16260000.000000002,-1.44,1
1225.53,1220.0,1231.32,1213.13,12800000.0,0.5,1
1226.65,1230.0,1232.9,1222.5,9210000.0,0.09,1
1228.93,1234.0,1234.0,1224.75,25470000.0,0.19,0
1218.22,1220.03,1225.5,1216.03,7520000.0,-0.87,0
1191.07,1211.53,1213.8,1177.5,57080000.0,-2.23,0
1182.4,1187.47,1195.05,1180.0,12230000.0,-0.73,0
1177.47,1188.0,1191.22,1175.0,19180000.0,-0.42,0
1170.22,1175.2,1180.35,1167.55,14250000.0,-0.62,1
1171.25,1169.28,1175.1,1167.8,10090000.0,0.09,1
1184.45,1171.75,1185.9,1169.25,11720000.0,1.13,0
1167.05,1191.5,1191.5,1162.5,14520000.0,-1.47,1
1172.5,1170.9,1184.55,1167.05,12340000.0,0.47,0
1159.07,1164.97,1167.8,1158.0,8860000.0,-1.14,0
1157.07,1154.5,1159.5,1147.55,10290000.0,-0.17,0
1157.05,1159.63,1164.7,1154.5,10950000.0,0.0,1
1159.0,1158.53,1162.4,1156.03,5430000.0,0.17,0
1149.13,1154.05,1155.97,1147.5,7580000.0,-0.85,1
1154.2,1153.28,1158.95,1151.88,10240000.0,0.44,1
1172.53,1157.22,1174.85,1156.5,9810000.0,1.59,1
1174.7,1171.93,1179.68,1169.07,12550000.0,0.19,0
1174.65,1170.0,1178.75,1164.57,10150000.0,0.0,0
1172.03,1172.5,1177.28,1168.0,5930000.0,-0.22,1
1177.63,1178.0,1179.85,1170.65,7930000.0,0.48,0
1162.0,1177.63,1183.5,1160.5,8920000.0,-1.33,0
1153.07,1156.0,1160.9,1150.5,12030000.0,-0.77,0
1149.55,1150.0,1157.35,1148.15,8910000.0,-0.31,0
1131.6,1145.0,1153.13,1127.63,7850000.0,-1.56,0
1128.97,1125.03,1140.6,1121.5,11620000.0,-0.23,0
1113.25,1125.5,1129.0,1110.15,15220000.0,-1.39,1
1132.9,1120.0,1136.75,1117.97,11770000.0,1.77,1
1156.25,1137.0,1162.5,1134.97,16810000.0,2.06,0
1143.95,1164.0,1164.0,1141.45,12810000.0,-1.06,1
1148.7,1144.57,1158.75,1137.6,10310000.0,0.42,1
1160.1,1156.97,1162.15,1153.97,10560000.0,0.99,0
1159.85,1163.6,1167.47,1157.88,8850000.0,-0.02,1
1169.5,1166.15,1170.0,1162.8,10650000.0,0.83,0
1161.9,1167.03,1169.55,1159.78,6960000.0,-0.65,1
1167.95,1166.0,1170.5,1160.88,7880000.0,0.52,0
1155.28,1167.93,1167.95,1152.1,14510000.0,-1.09,1
1157.45,1152.78,1158.18,1149.03,7730000.0,0.19,1
1165.33,1163.03,1166.0,1161.25,1420000.0,0.68,0
1157.3,1161.45,1162.3,1155.85,3850000.0,-0.69,1
1178.22,1170.0,1180.97,1163.5,12220000.0,1.81,1
1180.35,1175.55,1187.07,1173.47,13130000.0,0.18,0
1177.78,1176.45,1186.63,1176.03,7760000.0,-0.22,0
1174.68,1174.28,1179.2,1168.2,4490000.0,-0.26,1
1189.45,1183.0,1194.0,1180.1,8210000.000000001,1.26,1
1194.1,1187.5,1197.22,1186.1,8530000.0,0.39,1
1197.75,1194.1,1200.0,1194.1,8530000.0,0.31,0
1196.95,1195.8,1201.3,1195.53,6750000.0,-0.07,1
1197.2,1196.95,1199.85,1187.63,13790000.0,0.02,1
1200.35,1204.0,1205.97,1199.03,12530000.0,0.26,0
1188.72,1197.35,1200.35,1184.95,28440000.0,-0.97,1
1197.15,1189.0,1198.2,1188.8,14340000.0,0.71,1
1210.1,1225.0,1225.0,1199.3,15590000.0,1.08,1
1218.88,1219.5,1220.43,1210.82,12690000.0,0.73,1
1230.55,1223.55,1236.47,1217.5,16420000.000000002,0.96,0
1228.53,1230.0,1230.47,1221.0,8140000.000000001,-0.16,0
1227.88,1231.93,1238.35,1222.5,10200000.0,-0.05,1
1229.68,1228.0,1233.8,1226.2,7070000.0,0.15,0
1212.03,1230.0,1232.47,1210.07,9200000.0,-1.44,1
1216.97,1211.0,1219.18,1203.15,10030000.0,0.41,1
1232.07,1227.0,1237.47,1221.32,16970000.0,1.24,1
1247.8,1239.0,1250.0,1235.03,15930000.0,1.28,1
1260.5,1247.8,1267.45,1245.47,14170000.0,1.02,1
1279.05,1277.5,1286.95,1262.6,16820000.0,1.47,0
1263.57,1285.53,1299.43,1260.0,17740000.0,-1.21,1
1281.28,1263.5,1286.75,1259.13,13770000.0,1.4,1
1282.53,1279.8,1290.45,1273.82,16540000.0,0.1,1
1289.03,1284.0,1295.97,1281.35,7470000.0,0.51,1
1293.43,1291.0,1299.95,1286.55,9200000.0,0.34,1
1302.78,1294.9,1306.0,1293.43,12300000.0,0.72,0
1292.47,1305.55,1307.0,1289.65,10860000.0,-0.79,1
1295.13,1290.28,1303.43,1286.57,4030000.0000000005,0.21,1
1305.85,1292.5,1307.5,1286.5,7450000.0,0.83,0
1291.65,1305.0,1317.0,1288.6,9040000.0,-1.09,1
1298.32,1294.0,1304.93,1289.55,9610000.0,0.52,1
1303.85,1301.45,1309.93,1299.0,8090000.0,0.43,0
1293.68,1305.0,1315.97,1284.47,7730000.0,-0.78,0
1290.25,1300.0,1303.4,1288.6,5400000.0,-0.26,1
1325.05,1288.5,1329.5,1287.53,11100000.0,2.7,1
1359.9,1329.5,1362.5,1328.5,23730000.0,2.63,1
1370.72,1359.9,1373.32,1345.75,15010000.0,0.8,1
1394.13,1375.0,1396.45,1366.0,8610000.0,1.71,0
1374.63,1389.97,1396.3,1370.5,9070000.0,-1.4,0
1361.57,1359.5,1386.28,1355.03,12200000.0,-0.95,1
1367.95,1351.4,1371.0,1351.25,10280000.0,0.47,0
1367.45,1376.0,1376.0,1359.0,10420000.0,-0.04,0
1356.65,1365.0,1383.47,1350.0,7280000.0,-0.79,0
1328.57,1371.75,1371.75,1322.55,20060000.0,-2.07,1
1343.88,1335.22,1349.5,1323.93,21920000.0,1.15,1
1353.07,1342.95,1364.15,1335.2,11810000.0,0.68,1
1448.05,1364.5,1452.5,1360.18,23890000.0,7.02,0
1407.63,1459.95,1459.97,1404.43,14090000.0,-2.79,1
1426.63,1404.0,1434.25,1402.5,15130000.0,1.35,1
1426.65,1435.0,1443.35,1418.05,13350000.0,0.0,1
1457.7,1433.18,1474.9,1433.18,19650000.0,2.18,0
1439.03,1460.75,1470.5,1431.53,8810000.0,-1.28,0
1427.8,1441.85,1441.85,1419.82,9050000.0,-0.78,1
1442.15,1435.93,1449.5,1429.25,9300000.0,1.01,1
1450.13,1450.0,1459.47,1427.53,14690000.0,0.55,1
1460.75,1454.0,1471.97,1450.95,12560000.0,0.73,0
1452.35,1460.75,1461.0,1442.35,6670000.0,-0.58,1
1465.1,1455.5,1479.0,1454.0,7720000.0,0.88,1
1481.38,1457.5,1483.65,1457.5,7120000.0,1.11,0
1470.6,1483.35,1484.72,1466.53,10010000.0,-0.73,0
1460.57,1476.47,1477.0,1458.55,9770000.0,-0.68,1
1474.0,1462.05,1479.5,1453.53,6730000.0,0.92,0
1471.03,1475.03,1475.5,1461.8,7120000.0,-0.2,0
1467.7,1474.0,1488.53,1457.55,12720000.0,-0.23,1
1481.75,1468.15,1484.95,1458.0,18490000.0,0.96,1
1493.63,1489.5,1497.55,1483.35,14440000.0,0.8,0
1487.32,1493.55,1494.53,1482.5,7510000.0,-0.42,0
1485.65,1483.03,1499.95,1478.05,10830000.0,-0.11,0
1455.63,1483.0,1491.28,1450.18,8650000.0,-2.02,1
1460.8,1465.0,1478.97,1454.53,23630000.0,0.36,1
1492.13,1463.5,1500.0,1462.5,12130000.0,2.14,0
1491.08,1492.0,1500.45,1488.0,716300.0,-0.07,1
1507.4,1490.47,1512.45,1487.22,10020000.0,1.09,0
1500.2,1505.78,1507.4,1486.05,7110000.0,-0.48,1
1503.0,1493.45,1509.0,1478.5,7810000.0,0.19,0
1478.93,1502.97,1503.1,1475.55,8320000.0,-1.6,0
1466.6,1489.0,1489.0,1463.5,11280000.0,-0.83,1
1475.43,1466.6,1488.0,1465.03,9430000.0,0.6,0
1432.18,1479.78,1483.1,1427.78,13520000.0,-2.93,0
1431.47,1439.7,1448.53,1425.5,18570000.0,-0.05,0
1418.22,1425.95,1433.22,1412.9,19220000.0,-0.93,1
1439.47,1420.0,1441.72,1416.53,9170000.0,1.5,0
1425.25,1428.75,1437.6,1417.25,8279999.999999999,-0.99,1
1443.75,1427.95,1445.0,1424.03,8490000.0,1.3,1
1450.97,1452.53,1457.9,1444.68,13010000.0,0.5,1
1455.03,1449.97,1460.0,1447.35,19530000.0,0.28,0
1441.57,1445.0,1452.4,1439.0,11420000.0,-0.92,1
1492.85,1448.0,1500.0,1447.0,16329999.999999998,3.56,0
1485.85,1492.88,1505.95,1478.65,21850000.0,-0.47,0
1484.78,1492.47,1493.97,1482.5,5010000.0,-0.07,1
1486.95,1484.0,1494.0,1475.0,8910000.0,0.15,0
1471.6,1482.07,1484.45,1468.9,7010000.0,-1.03,0
1462.93,1479.75,1479.75,1450.0,14490000.0,-0.59,0
1460.1,1460.88,1470.8,1456.0,7440000.0,-0.19,1
1485.97,1462.97,1490.97,1461.0,8359999.999999999,1.77,0
1463.65,1489.0,1489.8,1462.5,7070000.0,-1.5,1
1479.57,1466.35,1487.0,1466.35,9140000.0,1.09,0
1467.15,1475.88,1486.47,1463.07,15550000.0,-0.84,0
1464.82,1461.0,1482.13,1446.32,12900000.0,-0.16,1
1465.75,1453.35,1471.18,1450.93,9370000.0,0.06,0
1464.32,1463.5,1486.0,1459.35,19010000.0,-0.1,1
1470.13,1456.78,1474.0,1443.03,15740000.0,0.4,1
1479.85,1472.45,1482.82,1467.8,10350000.0,0.66,0
1459.32,1479.0,1493.5,1455.55,14610000.0,-1.39,0
1450.18,1463.5,1468.55,1449.5,10460000.0,-0.63,1
1459.97,1442.5,1467.97,1441.5,15940000.0,0.68,0
1452.55,1463.95,1465.0,1450.0,9410000.0,-0.51,1
1465.03,1450.0,1467.9,1450.0,7250000.0,0.86,1
1467.0,1468.0,1483.07,1462.88,11470000.0,0.13,0
1466.55,1472.0,1477.32,1464.13,14510000.0,-0.03,0
1434.0,1471.0,1474.95,1416.15,17230000.0,-2.22,0
1419.53,1435.5,1440.0,1418.0,7390000.0,-1.01,0
1401.47,1415.97,1420.75,1392.0,14520000.0,-1.27,1
1418.55,1397.5,1432.95,1397.5,9440000.0,1.22,0
1394.13,1413.0,1423.75,1390.0,11010000.0,-1.72,1
1407.43,1396.75,1410.0,1388.07,10510000.0,0.95,0
1402.7,1399.9,1406.97,1384.0,8460000.0,-0.34,1
1420.07,1400.97,1427.07,1400.03,7190000.0,1.24,0
1416.28,1420.5,1429.97,1413.03,5050000.0,-0.27,1
1425.35,1418.55,1427.5,1398.03,14710000.0,0.64,1
1435.7,1423.05,1437.2,1413.25,10920000.0,0.73,0
1434.83,1437.5,1439.5,1432.7,426040.0,-0.06,1
1436.13,1425.6,1441.82,1425.6,11180000.0,0.09,1
1460.65,1436.28,1468.78,1436.28,10280000.0,1.71,1
1486.05,1458.55,1492.22,1455.0,14610000.0,1.74,0
1480.25,1483.63,1488.5,1476.1,7090000.0,-0.39,0
1466.25,1480.22,1484.9,1461.55,6630000.0,-0.95,0
1456.2,1468.0,1478.5,1452.75,7820000.0,-0.69,0
1440.78,1446.5,1458.0,1438.45,7380000.0,-1.06,0
1424.85,1435.5,1440.4,1420.1,13210000.0,-1.11,1
1430.4,1431.3,1442.25,1422.25,31070000.0,0.39,1
1510.32,1483.0,1514.5,1459.0,21530000.0,5.59,0
1397.28,1498.05,1498.05,1359.3,36710000.0,-7.49,1
1420.75,1422.0,1431.15,1384.1,17460000.0,1.68,1
1431.6,1435.0,1443.7,1421.35,17860000.0,0.76,1
1469.95,1428.5,1472.0,1426.5,18560000.0,2.68,1
1471.4,1469.95,1493.35,1468.07,9250000.0,0.1,0
1456.68,1469.0,1473.68,1454.68,11770000.0,-1.0,1
1463.32,1457.5,1476.0,1455.18,10080000.0,0.46,1
1465.25,1472.0,1472.25,1460.1,9180000.0,0.13,1
1477.55,1470.0,1479.68,1457.22,8160000.0,0.84,1
1481.03,1487.35,1487.4,1471.35,7200000.0,0.24,0
1458.65,1487.5,1487.5,1456.0,8730000.0,-1.51,1
1473.7,1459.0,1482.85,1450.1,16110000.0,1.03,0
1454.2,1473.63,1474.7,1440.57,31170000.0,-1.32,0
1441.47,1445.53,1449.5,1437.5,8880000.0,-0.88,1
1454.15,1443.0,1455.93,1441.0,7050000.0,0.88,1
1514.03,1446.05,1518.97,1445.13,22010000.0,4.12,1
1530.55,1513.75,1537.5,1506.0,28380000.0,1.09,1
1565.4,1531.03,1581.0,1531.03,28960000.0,2.28,0
1560.15,1562.53,1579.4,1555.68,7720000.0,-0.34,1
1565.18,1569.5,1573.5,1557.0,7750000.0,0.32,0
1552.43,1566.32,1575.0,1542.78,9050000.0,-0.81,1
1554.03,1557.0,1567.5,1550.8,6840000.0,0.1,1
1588.63,1553.82,1598.5,1548.0,12270000.0,2.23,1
1600.9,1589.0,1608.8,1582.53,9500000.0,0.77,0
1590.28,1597.6,1600.5,1580.5,6960000.0,-0.66,0
1584.22,1595.0,1597.5,1563.15,7130000.0,-0.38,0
1580.65,1587.5,1604.25,1570.5,11940000.0,-0.23,1
1596.72,1584.5,1605.15,1574.5,12920000.0,1.02,1
1597.22,1604.45,1605.85,1585.5,5330000.0,0.03,0
1576.25,1593.5,1600.0,1569.13,9390000.0,-1.31,1
1586.68,1576.0,1593.9,1557.82,12300000.0,0.66,0
1555.15,1586.0,1589.97,1552.8,13140000.0,-1.99,0
1500.68,1537.25,1537.5,1499.28,19670000.0,-3.5,0
1487.9,1501.0,1505.75,1463.0,18050000.0,-0.85,1
1495.7,1485.0,1509.5,1476.4,11910000.0,0.52,0
1492.4,1481.0,1500.47,1477.07,12520000.0,-0.22,1
1509.03,1492.4,1512.43,1490.35,9860000.0,1.11,1
1520.1,1511.95,1527.5,1511.78,7540000.0,0.73,0
1513.15,1517.03,1525.0,1510.0,8230000.0,-0.46,0
1505.43,1504.0,1510.45,1501.15,10060000.0,-0.51,1
1515.3,1512.0,1518.0,1504.3,10760000.0,0.66,0
1499.32,1505.0,1509.32,1493.28,10270000.0,-1.05,0
1447.32,1480.0,1483.9,1433.25,17050000.0,-3.47,1
1456.05,1455.15,1477.5,1451.32,10240000.0,0.6,1
1464.82,1469.0,1472.5,1461.5,8170000.0,0.6,0
1449.13,1457.53,1465.0,1445.93,12390000.0,-1.07,1
1474.3,1460.0,1476.5,1456.0,6250000.0,1.74,0
1460.63,1470.0,1473.0,1457.75,8180000.0,-0.93,1
1463.63,1460.75,1470.07,1458.0,6270000.0,0.21,0
1461.85,1463.55,1472.0,1453.7,6270000.0,-0.12,1
1478.2,1468.65,1480.4,1458.05,9420000.0,1.12,1
1488.4,1482.5,1498.3,1480.5,13800000.0,0.69,1
1495.95,1497.22,1503.93,1490.03,8410000.0,0.51,1
1498.68,1493.25,1507.88,1490.0,7770000.0,0.18,0
1498.13,1503.0,1506.5,1490.65,10450000.0,-0.04,1
1499.97,1503.75,1511.32,1498.43,9250000.0,0.12,1
1512.6,1506.97,1523.0,1503.0,8820000.0,0.84,0
1500.45,1510.5,1513.47,1499.45,6250000.0,-0.8,0
1498.3,1505.0,1507.47,1493.0,9610000.0,-0.14,1
1520.93,1503.1,1537.0,1494.0,38340000.0,1.51,0
1509.63,1534.0,1539.72,1503.32,41620000.0,-0.74,1
1516.25,1510.88,1526.8,1506.63,11240000.0,0.44,0
1509.13,1521.25,1523.0,1507.5,10920000.0,-0.47,1
1514.55,1500.7,1517.5,1499.5,11980000.0,0.36,0
1492.97,1519.05,1525.78,1487.05,16260000.000000002,-1.42,0
1464.82,1492.5,1497.0,1461.63,19390000.0,-1.89,0
1462.45,1466.5,1469.93,1455.6,9010000.0,-0.16,0
1461.53,1460.5,1472.05,1457.57,10770000.0,-0.06,0
1451.5,1463.05,1468.75,1447.55,9760000.0,-0.69,1
1479.8,1457.0,1486.0,1445.88,22350000.0,1.95,0
1472.63,1476.4,1483.15,1469.5,8710000.0,-0.48,0
1471.35,1477.55,1480.9,1464.75,5480000.0,-0.09,1
1472.3,1474.0,1477.47,1466.63,5940000.0,0.06,0
1463.45,1470.0,1482.0,1460.55,8570000.0,-0.6,1
1469.68,1466.25,1476.5,1455.55,16960000.0,0.43,1
1485.93,1474.0,1495.0,1471.38,30900000.0,1.11,1
1493.38,1491.0,1501.5,1488.95,8830000.0,0.5,0
1489.38,1488.5,1500.5,1487.88,17140000.0,-0.27,1
1493.95,1483.9,1496.5,1480.2,7070000.0,0.31,1
1497.95,1490.65,1504.0,1488.05,18820000.0,0.27,1
1526.18,1499.0,1533.47,1492.0,20600000.0,1.88,0
1476.57,1519.4,1524.97,1474.4,27010000.0,-3.25,0
1464.82,1480.65,1487.95,1462.82,16430000.0,-0.8,0
1406.97,1436.57,1449.4,1402.07,37760000.0,-3.95,0
1386.53,1403.93,1417.35,1381.78,37070000.0,-1.45,0
1370.72,1393.5,1396.5,1361.38,22180000.0,-1.14,1
1397.35,1372.97,1401.0,1365.1,17020000.0,1.94,0
1374.6,1397.53,1400.97,1372.5,14310000.0,-1.63,0
1371.05,1380.03,1386.0,1369.43,22360000.0,-0.26,1
1372.1,1370.0,1383.28,1368.82,7980000.0,0.08,1
1372.53,1379.45,1380.07,1368.25,12220000.0,0.03,0
1344.03,1358.53,1371.7,1340.7,33760000.0,-2.08,1
1354.07,1340.0,1364.0,1337.63,20030000.0,0.75,1
1356.43,1365.7,1368.45,1352.05,15540000.0,0.17,1
1359.3,1352.18,1368.43,1341.32,12080000.0,0.21,1
1369.2,1367.13,1374.0,1357.72,14070000.0,0.73,0
1343.35,1369.2,1376.0,1340.22,15830000.0,-1.89,0
1338.53,1337.5,1357.47,1335.0,17210000.0,-0.36,1
1339.8,1335.28,1343.7,1323.13,22160000.0,0.1,0
1327.85,1343.5,1344.35,1322.0,18600000.0,-0.89,1
1334.35,1337.0,1353.0,1322.1,10820000.0,0.49,1
1340.0,1328.1,1343.2,1320.3,12010000.0,0.42,1
1343.9,1335.0,1350.0,1325.35,11980000.0,0.29,0
1332.05,1340.0,1343.0,1326.15,9330000.0,-0.88,1
1338.65,1333.05,1341.95,1333.0,2130000.0,0.5,0
1302.15,1337.85,1340.0,1285.1,19800000.0,-2.73,1
1305.3,1293.0,1309.55,1286.15,16270000.0,0.24,1
1325.35,1310.0,1328.3,1300.2,21630000.0,1.54,0
1305.65,1324.0,1324.0,1302.6,9610000.0,-1.49,0
1283.75,1297.65,1301.65,1275.0,19810000.0,-1.68,0
1272.7,1278.95,1286.0,1267.0,9060000.0,-0.86,1
1274.25,1275.55,1289.3,1267.5,10670000.0,0.12,0
1252.05,1270.25,1275.45,1249.5,14630000.0,-1.74,1
1267.6,1253.6,1272.6,1251.1,12610000.0,1.24,0
1260.75,1267.6,1272.9,1243.9,13620000.0,-0.54,0
1241.65,1260.75,1281.5,1235.15,14180000.0,-1.51,0
1223.0,1241.65,1243.95,1217.25,19430000.0,-1.5,1
1265.4,1229.4,1268.85,1222.45,20470000.0,3.47,1
1287.0,1290.0,1304.45,1282.45,28920000.0,1.71,1
1295.7,1294.95,1297.85,1284.2,9250000.0,0.68,0
1293.2,1293.5,1303.85,1286.0,9570000.0,-0.19,0
1270.8,1289.95,1296.6,1269.05,15030000.0,-1.73,1
1292.2,1280.0,1299.5,1275.25,13200000.0,1.68,1
1309.15,1288.0,1311.35,1277.05,11020000.0,1.31,1
1323.3,1317.0,1326.8,1307.0,16870000.0,1.08,0
1308.95,1326.0,1328.4,1304.05,19610000.0,-1.08,1
1322.05,1314.35,1329.95,1306.15,16860000.0,1.0,0
1311.55,1323.9,1323.9,1310.0,9040000.0,-0.79,0
1295.15,1303.0,1315.0,1293.1,14650000.0,-1.25,0
1284.85,1289.25,1294.9,1280.2,16040000.0,-0.8,0
1278.2,1285.0,1290.0,1276.05,11720000.0,-0.52,0
1262.9,1270.0,1278.2,1260.6,20910000.0,-1.2,1
1272.85,1260.0,1275.2,1239.6,28630000.0,0.79,0
1268.3,1275.0,1281.0,1266.55,9490000.0,-0.36,0
1245.3,1261.05,1263.9,1242.8,17460000.0,-1.81,1
1253.25,1240.65,1259.95,1240.65,12670000.0,0.64,0
1230.45,1239.0,1244.9,1229.0,14240000.0,-1.82,0
1205.3,1224.0,1239.5,1201.5,20310000.0,-2.04,1
1222.3,1215.0,1227.2,1213.2,10050000.0,1.41,1
1222.75,1222.3,1233.55,1221.0,6730000.0,0.04,0
1216.55,1224.25,1227.7,1214.25,10020000.0,-0.51,1
1221.05,1218.3,1227.9,1217.0,7000000.0,0.37,0
1210.7,1216.4,1223.2,1208.1,8820000.0,-0.85,1
1215.45,1208.0,1219.1,1206.15,6410000.0,0.39,1
1221.25,1214.85,1226.3,1211.6,5890000.0,0.48,1
1241.8,1221.25,1244.45,1220.0,15490000.0,1.68,1
1251.15,1243.9,1262.05,1235.5,15520000.0,0.75,0
1218.0,1253.95,1262.0,1215.0,14820000.0,-2.65,1
1240.85,1222.0,1244.5,1221.25,10070000.0,1.88,1
1265.5,1249.0,1271.05,1245.35,19350000.0,1.99,0
1254.75,1267.0,1269.75,1248.05,12790000.0,-0.85,0
1241.9,1253.85,1256.75,1236.0,8119999.999999999,-1.02,0
1239.85,1230.0,1245.25,1226.4,13760000.0,-0.17,0
1238.75,1244.1,1253.35,1227.25,13100000.0,-0.09,1
1252.2,1244.95,1257.0,1241.85,9580000.0,1.09,1
1266.45,1258.9,1275.0,1251.3,14120000.0,1.14,1
1302.35,1322.25,1326.0,1285.0,29370000.0,2.83,1
1305.45,1316.0,1316.0,1300.25,14040000.0,0.24,0
1273.7,1310.5,1313.0,1270.2,14560000.0,-2.43,1
1277.1,1278.3,1282.9,1268.7,10270000.0,0.27,0
1263.65,1270.0,1277.35,1261.6,8720000.0,-1.05,0
1246.3,1266.0,1273.0,1243.5,14240000.0,-1.37,0
1229.35,1239.1,1240.45,1220.0,9540000.0,-1.36,1
1234.4,1238.0,1244.75,1218.5,10570000.0,0.41,1
1235.5,1236.0,1242.75,1228.05,5930000.0,0.09,1
1253.05,1235.55,1257.0,1232.4,9270000.0,1.42,1
1265.1,1255.85,1267.0,1249.0,6580000.0,0.96,0
1264.6,1265.1,1270.55,1241.0,7120000.0,-0.04,0
1245.9,1251.0,1256.0,1237.55,9250000.0,-1.48,1
1285.2,1248.05,1288.8,1246.6,16690000.000000002,3.15,0
1278.2,1282.65,1290.5,1276.7,10110000.0,-0.54,1
1281.55,1273.7,1288.0,1270.35,9960000.0,0.26,0
1266.7,1276.15,1283.7,1262.0,8760000.0,-1.16,0
1253.65,1264.5,1266.5,1245.55,6970000.0,-1.03,0
1234.85,1264.55,1264.55,1230.1,8860000.0,-1.5,0
1216.55,1219.45,1226.9,1193.35,21130000.0,-1.48,0
1216.1,1217.05,1228.0,1212.0,8510000.0,-0.04,1
1217.25,1219.0,1224.0,1205.45,10300000.0,0.09,1
1224.9,1211.1,1227.5,1204.5,8170000.0,0.63,1
1225.4,1224.85,1229.9,1216.1,6670000.0,0.04,1
1227.45,1219.5,1232.75,1217.55,6220000.0,0.17,1
1233.0,1223.95,1239.35,1222.0,7800000.0,0.45,0
1228.15,1228.7,1240.0,1222.15,6900000.0,-0.39,0
1214.55,1216.55,1223.25,1210.5,7170000.0,-1.11,0
1204.0,1211.0,1221.0,1201.5,11550000.0,-0.87,1
1207.1,1212.8,1215.0,1200.65,11510000.0,0.26,0
1200.1,1202.0,1217.35,1193.3,23010000.0,-0.58,0
1171.25,1204.0,1206.45,1156.0,17940000.0,-2.4,0
1161.9,1162.2,1174.0,1159.55,11380000.0,-0.8,1
1175.6,1161.0,1183.0,1157.0,8660000.0,1.18,1
1209.6,1197.0,1213.95,1185.15,14470000.0,2.89,1
1249.8,1216.0,1254.8,1212.0,16469999.999999998,3.32,0
1238.4,1245.0,1258.0,1235.4,11930000.0,-0.91,1
1247.3,1240.0,1249.5,1229.75,10090000.0,0.72,1
1257.05,1258.0,1263.0,1244.0,11980000.0,0.78,0
1247.9,1260.05,1264.15,1243.85,9510000.0,-0.73,0
1238.85,1242.15,1257.4,1233.1,16640000.0,-0.73,0
1238.8,1244.7,1248.35,1235.0,15750000.0,0.0,1
1247.15,1241.05,1253.25,1238.8,16160000.0,0.67,1
1269.15,1251.85,1273.0,1250.05,15970000.0,1.76,1
1276.35,1275.0,1281.0,1270.1,21780000.0,0.57,1
1302.1,1291.0,1306.0,1284.25,20300000.0,2.02,0
1285.45,1307.7,1307.7,1282.6,13710000.0,-1.28,0
1273.05,1291.0,1293.8,1268.75,12070000.0,-0.96,1
1278.2,1278.15,1285.0,1271.3,15030000.0,0.4,0
1275.1,1280.0,1295.75,1269.0,18150000.0,-0.24,0
1252.6,1264.6,1277.9,1249.3,12100000.0,-1.76,0
1251.15,1247.55,1255.55,1243.9,10140000.0,-0.12,0
1248.7,1233.05,1251.8,1233.05,7430000.0,-0.2,0
1204.7,1241.1,1245.45,1193.15,17910000.0,-3.52,0
1165.7,1132.2,1171.25,1114.85,22160000.0,-3.24,1
1182.2,1172.0,1196.6,1163.3,19560000.0,1.42,1
1185.35,1169.5,1189.8,1168.0,10220000.0,0.27,1
1218.95,1195.15,1222.65,1195.15,11220000.0,2.83,1
1240.1,1251.0,1251.0,1237.1,13380000.0,1.74,0
1239.3,1234.1,1240.9,1229.0,8250000.0,-0.06,1
1274.5,1240.2,1280.2,1227.6,15400000.0,2.84,1
1295.5,1270.0,1300.9,1267.0,10430000.0,1.65,0
1291.2,1300.0,1303.9,1286.3,13050000.0,-0.33,1
1300.0,1297.0,1306.0,1285.4,10480000.0,0.68,1
1301.6,1292.4,1304.5,1290.3,10470000.0,0.12,0
1300.4,1303.5,1325.2,1288.1,14430000.0,-0.09,1
1368.8,1340.0,1374.6,1320.2,31100000.0,5.26,1
1399.7,1371.0,1410.9,1370.0,32540000.0,2.26,1
1405.0,1402.0,1412.4,1369.0,25480000.0,0.38,1
1422.4,1414.0,1426.7,1409.1,17540000.0,1.24,1
1431.3,1431.0,1439.5,1426.9,12690000.0,0.63,0
1420.9,1431.0,1432.0,1410.6,14080000.0,-0.73,0
1406.0,1420.9,1424.4,1402.7,13440000.0,-1.05,1
1407.0,1404.1,1420.8,1398.0,16110000.0,0.07,0
1377.2,1385.5,1394.8,1374.5,13670000.0,-2.12,1
1436.5,1400.0,1439.0,1400.0,10670000.0,4.31,0
1415.7,1433.5,1447.7,1412.4,11410000.0,-1.45,1
1424.4,1420.0,1429.9,1415.5,5570000.0,0.61,1
1454.2,1425.0,1461.4,1412.7,20180000.0,2.09,1
1456.4,1453.2,1461.0,1447.3,9040000.0,0.15,0
1440.8,1452.1,1454.6,1438.2,6200000.0,-1.07,0
1424.6,1438.2,1445.0,1421.8,11270000.0,-1.12,1
1429.2,1423.9,1436.2,1418.1,6140000.0,0.32,0
1409.4,1421.2,1423.8,1396.9,12130000.0,-1.39,1
1426.8,1406.6,1433.8,1406.6,6470000.0,1.23,1
1434.8,1432.0,1441.0,1425.1,4840000.0,0.56,0
1422.1,1426.1,1437.0,1413.9,12640000.0,-0.89,0
1412.9,1420.1,1422.6,1410.7,5940000.0,-0.65,1
1417.8,1412.1,1420.0,1408.6,13770000.0,0.35,1
1420.9,1418.0,1430.6,1409.7,13790000.0,0.22,0
1413.7,1412.1,1417.5,1395.6,8100000.0,-0.51,0
1405.5,1422.3,1426.5,1403.4,11250000.0,-0.58,1
1423.5,1414.7,1425.7,1406.1,8130000.000000001,1.28,1
1442.4,1428.0,1454.7,1423.6,13720000.0,1.33,1
1443.5,1441.0,1451.5,1437.0,8180000.0,0.08,1
1448.8,1457.0,1457.5,1445.3,7890000.0,0.37,0
1438.5,1450.0,1453.9,1436.0,7910000.0,-0.71,1
1448.9,1445.8,1468.6,1443.1,8199999.999999999,0.72,0
1441.6,1453.5,1457.0,1434.4,8830000.0,-0.5,0
1427.9,1424.0,1435.5,1414.3,9760000.0,-0.95,1
1437.8,1426.9,1442.4,1424.4,8460000.0,0.69,0
1431.2,1448.0,1448.0,1425.8,10370000.0,-0.46,0
1430.1,1430.0,1442.8,1425.7,6680000.0,-0.08,1
1433.3,1430.1,1439.9,1425.7,10010000.0,0.22,1
1466.2,1431.0,1471.0,1428.1,29010000.0,2.3,0
1456.8,1453.0,1463.8,1442.0,5990000.0,-0.64,0
1450.8,1465.0,1475.0,1443.1,16399999.999999998,-0.41,1
1467.3,1464.0,1472.4,1460.5,7530000.0,1.14,1
1495.3,1469.1,1498.8,1465.1,14660000.0,1.91,1
1515.4,1499.4,1522.0,1496.9,11120000.0,1.34,0
1500.6,1513.8,1524.8,1496.0,8410000.0,-0.98,1
1528.4,1500.6,1531.4,1500.1,10370000.0,1.85,0
1518.8,1528.4,1530.0,1508.7,6360000.0,-0.63,0
1517.8,1520.8,1531.9,1513.0,11280000.0,-0.07,1
1527.3,1524.0,1530.0,1517.2,6600000.0,0.63,1
1541.5,1526.6,1544.8,1525.0,7250000.0,0.93,0
1537.6,1536.0,1544.9,1530.2,7170000.0,-0.25,0
1519.0,1536.7,1551.0,1510.1,8870000.0,-1.21,0
1517.2,1519.7,1524.7,1507.5,10050000.0,-0.12,0
1495.2,1512.0,1515.0,1490.3,7230000.0,-1.45,0
1483.7,1492.2,1500.0,1479.1,10310000.0,-0.77,1
1485.4,1486.2,1496.5,1482.4,8130000.000000001,0.11,1
1485.6,1473.0,1491.0,1471.5,10410000.0,0.01,0
1476.4,1487.4,1489.6,1473.9,11850000.0,-0.62,0
1476.0,1484.8,1484.8,1469.1,10300000.0,-0.03,0
1428.6,1465.0,1476.0,1423.1,22440000.0,-3.21,0
1412.8,1427.4,1431.9,1410.7,20400000.0,-1.11,1
1424.6,1426.0,1426.0,1414.4,8350000.0,0.84,0
1402.9,1419.2,1423.0,1396.0,14740000.0,-1.52,0
1391.7,1398.9,1401.0,1384.1,11850000.0,-0.8,0
1387.6,1392.3,1407.8,1385.0,7750000.0,-0.29,1
1417.1,1383.0,1420.2,1383.0,10750000.0,2.13,0
1410.1,1418.1,1423.3,1401.3,7210000.0,-0.49,0
1390.2,1388.1,1402.6,1382.2,17070000.0,-1.41,1
1393.7,1386.9,1405.9,1384.3,10320000.0,0.25,1
1411.5,1395.1,1416.1,1391.7,6310000.0,1.28,0
1391.7,1411.0,1411.0,1388.1,9320000.0,-1.4,1
1392.8,1391.9,1395.9,1383.3,5830000.0,0.08,0
1389.4,1387.7,1393.7,1366.0,9980000.0,-0.24,0
1367.8,1385.0,1397.2,1365.0,8790000.0,-1.55,1
1386.2,1370.0,1388.0,1361.2,10000000.0,1.35,0
1380.4,1381.9,1401.9,1375.2,12240000.0,-0.42,1
1382.6,1388.0,1391.8,1377.5,7460000.0,0.16,0
1373.8,1377.3,1380.7,1370.1,7130000.0,-0.64,1
1381.7,1390.0,1394.9,1377.0,11790000.0,0.58,1
1420.1,1390.0,1421.0,1389.1,14380000.0,2.78,0
1413.0,1413.0,1424.9,1410.0,8730000.0,-0.5,1
1424.8,1425.0,1431.9,1420.3,11020000.0,0.84,0
1409.2,1420.0,1423.4,1407.9,5820000.0,-1.09,1
1412.6,1414.7,1419.5,1405.7,5980000.0,0.24,0
1384.9,1408.0,1410.0,1381.6,12150000.0,-1.96,1
1385.9,1389.9,1392.2,1366.5,13160000.0,0.07,0
1357.2,1381.1,1403.5,1350.0,18760000.0,-2.07,0
1353.9,1356.0,1363.2,1340.6,11230000.0,-0.24,1
1366.5,1354.8,1384.5,1354.5,11520000.0,0.93,1
1372.6,1369.7,1376.5,1360.5,7850000.0,0.45,0
1359.3,1371.8,1374.0,1357.1,13220000.0,-0.97,1
1375.0,1363.0,1381.0,1359.3,5780000.0,1.16,1
1378.5,1380.0,1386.0,1372.4,6990000.0,0.25,0
1376.2,1376.6,1381.2,1368.7,9750000.0,-0.17,1
1377.0,1383.9,1388.5,1374.1,7790000.0,0.06,1
1383.3,1376.0,1385.5,1375.0,9770000.0,0.46,1
1395.0,1383.3,1396.3,1380.5,7400000.0,0.85,1
1399.3,1393.0,1400.8,1388.6,5400000.0,0.31,1
1405.3,1404.7,1408.0,1398.2,8690000.0,0.43,1
1413.8,1407.0,1416.2,1406.9,7520000.0,0.6,1
1415.0,1420.4,1422.0,1410.7,9330000.0,0.08,0
1407.4,1414.9,1417.0,1403.6,13460000.0,-0.54,0
1390.6,1403.9,1410.7,1388.0,7760000.0,-1.19,0
1389.8,1391.0,1395.0,1376.8,14010000.0,-0.06,0
1383.0,1385.3,1396.0,1380.4,5920000.0,-0.49,0
1372.4,1381.3,1384.5,1369.0,11410000.0,-0.77,1
1377.6,1372.0,1382.7,1366.0,9880000.0,0.38,0
1372.8,1381.6,1389.0,1368.0,14230000.0,-0.35,0
1364.0,1377.1,1377.1,1362.8,14600000.0,-0.64,1
1368.7,1367.0,1378.6,1362.7,12050000.0,0.34,0
1363.4,1363.2,1371.6,1356.9,12840000.0,-0.39,1
1375.0,1360.0,1377.4,1359.0,12400000.0,0.85,1
1384.8,1376.0,1395.9,1375.9,11240000.0,0.71,0
1367.4,1384.8,1389.0,1364.5,8530000.0,-1.26,1
1377.8,1374.0,1380.0,1369.1,8830000.0,0.76,1
1381.7,1377.8,1388.0,1375.1,6370000.0,0.28,0
1375.0,1376.9,1377.7,1367.8,7600000.0,-0.48,1
1375.9,1380.0,1388.0,1370.1,9770000.0,0.07,0
1374.3,1383.0,1384.0,1372.7,10880000.0,-0.12,1
1398.3,1375.1,1400.5,1375.0,12320000.0,1.75,1
1416.8,1401.0,1423.3,1399.1,19340000.0,1.32,1
1466.8,1440.0,1473.8,1433.3,24720000.0,3.53,0
1465.2,1468.0,1474.0,1460.0,2069999.9999999998,-0.11,0
1448.4,1475.0,1482.9,1444.6,18710000.0,-1.15,1
1451.6,1450.0,1459.8,1441.0,9700000.0,0.22,1
1484.1,1463.0,1485.0,1458.0,14110000.0,2.24,1
1486.9,1484.1,1492.0,1477.6,17630000.0,0.19,1
1504.2,1490.0,1508.3,1488.1,11880000.0,1.16,0
1488.5,1500.0,1503.1,1484.0,9320000.0,-1.04,0
1486.4,1490.4,1497.5,1482.3,8760000.0,-0.14,0
1484.7,1486.0,1495.0,1479.3,8450000.0,-0.11,0
1473.1,1483.9,1492.8,1470.1,10010000.0,-0.78,1
1496.1,1484.0,1501.6,1476.2,16770000.0,1.56,0
1478.0,1494.6,1498.4,1475.9,7820000.0,-1.21,1
1489.3,1477.9,1501.0,1475.5,7070000.0,0.76,1
1493.4,1497.0,1498.8,1480.2,7130000.0,0.28,1
1511.5,1505.0,1524.7,1500.0,12380000.0,1.21,0
1510.9,1515.0,1522.1,1506.8,7200000.0,-0.04,1
1518.9,1505.5,1520.9,1505.5,7680000.0,0.53,0
1518.3,1520.9,1523.7,1511.5,5870000.0,-0.04,1
1519.4,1521.7,1527.8,1510.5,11050000.0,0.07,0
1518.9,1517.4,1522.3,1512.0,5690000.0,-0.03,1
1549.1,1530.0,1550.9,1526.7,18170000.0,1.99,0
1546.6,1541.0,1557.8,1540.1,9620000.0,-0.16,0
1535.9,1550.0,1550.0,1531.8,18430000.0,-0.69,1
1539.7,1535.9,1559.6,1525.1,15030000.0,0.25,1
1569.9,1542.3,1571.6,1540.5,14050000.0,1.96,0
1563.4,1575.0,1575.5,1556.0,9790000.0,-0.41,1
1567.5,1568.0,1581.3,1563.0,8960000.0,0.26,0
1566.1,1575.0,1577.5,1563.6,8920000.0,-0.09,0
1546.3,1561.1,1567.5,1542.0,11390000.0,-1.26,0
1538.8,1545.2,1552.4,1533.0,6090000.0,-0.49,0
1535.6,1536.0,1560.5,1517.6,11870000.0,-0.21,1
1540.6,1530.4,1545.8,1520.6,10180000.0,0.33,1
1543.0,1539.2,1551.0,1535.0,11300000.0,0.16,0
1529.4,1540.3,1542.5,1520.1,11500000.0,-0.88,1
1536.9,1534.0,1547.5,1531.4,7990000.0,0.49,1
1545.0,1536.9,1550.0,1524.0,4710000.0,0.53,1
1556.5,1550.8,1559.8,1546.1,5110000.0,0.74,0
1556.2,1551.2,1558.6,1546.5,5770000.0,-0.02,0
1542.3,1545.0,1551.7,1538.8,11730000.0,-0.89,1
1544.4,1550.0,1550.0,1539.3,7120000.0,0.14,0
1544.4,1535.2,1551.5,1535.2,6580000.0,0.0,1
1565.1,1554.4,1574.2,1551.0,13940000.0,1.34,1
1575.4,1573.5,1577.5,1565.3,10180000.0,0.66,0
1570.7,1580.9,1580.9,1568.1,7510000.0,-0.3,0
1558.2,1572.7,1575.7,1553.6,8820000.0,-0.8,1
1559.2,1554.7,1561.0,1554.3,2310000.0,0.06,0
1545.6,1554.9,1558.1,1543.6,5970000.0,-0.87,0
1539.8,1547.0,1553.6,1537.8,8820000.0,-0.38,1
1570.4,1541.0,1577.0,1541.0,5770000.0,1.99,1
1575.6,1573.7,1592.5,1571.1,6410000.0,0.33,1
1592.3,1580.0,1594.6,1578.2,6600000.0,1.06,0
1578.1,1593.0,1611.8,1575.3,8700000.0,-0.89,0
1507.6,1569.0,1569.0,1496.3,27420000.0,-4.47,0
1504.2,1510.0,1520.0,1498.0,11200000.0,-0.23,0
1470.6,1500.0,1503.9,1468.8,16520000.0,-2.23,1
1475.3,1465.0,1479.9,1465.0,8340000.0,0.32,1
1483.2,1475.3,1485.3,1451.0,8880000.0,0.54,0
1452.8,1485.0,1485.8,1444.7,13500000.0,-2.05,1
1458.8,1444.0,1467.0,1440.2,8320000.0,0.41,0
1457.9,1458.8,1480.0,1455.1,17170000.0,-0.06,0
1413.6,1450.6,1450.6,1403.3,20390000.0,-3.04,0
1394.0,1410.7,1416.0,1390.0,13190000.0,-1.39,1
1404.6,1389.5,1412.9,1373.0,17350000.0,0.76,0
1402.5,1410.1,1419.5,1395.0,15720000.0,-0.15,0
1386.1,1401.8,1407.0,1381.0,9840000.0,-1.17,0
1380.5,1380.0,1391.6,1368.0,26300000.0,-0.4,1
1396.7,1385.0,1409.9,1384.9,11120000.0,1.17,0
1391.0,1402.9,1402.9,1384.0,20850000.0,-0.41,1
1395.4,1382.6,1398.0,1378.5,11240000.0,0.32,0
1347.0,1396.0,1411.0,1335.0,9710000.0,-3.47,1
1390.4,1340.0,1392.9,1335.5,15710000.0,3.22,1
1437.1,1473.9,1489.5,1430.2,25460000.0,3.36,1
1456.8,1444.0,1464.0,1440.3,8330000.0,1.37,0
1443.4,1457.0,1461.5,1439.5,11760000.0,-0.92,1
1450.8,1441.5,1452.8,1433.5,8279999.999999999,0.51,1
1461.6,1458.0,1465.9,1453.0,5780000.0,0.74,0
1458.5,1471.0,1471.0,1452.2,10260000.0,-0.21,1
1468.7,1459.6,1470.0,1453.6,7110000.0,0.7,0
1448.9,1470.0,1473.0,1445.5,11140000.0,-1.35,0
1419.6,1445.5,1450.7,1416.3,10760000.0,-2.02,1
1437.1,1420.1,1439.6,1409.3,5900000.0,1.23,0
1423.0,1431.1,1431.8,1418.6,10730000.0,-0.98,1
232.24663156838562,232.14931474863334,232.9545790998215,230.0586944271066,9081409.242249748,-0.03382181399394303,0
469.63787584753663,469.04862834549647,473.39633870852253,464.80390408936137,10020000.0,-1.13208563668869,0
1091.8175744408243,1089.0707647493384,1093.876520518066,1086.1102765904886,10562236.519310392,0.8901021374691072,0
221.29708295663477,223.59151248300566,223.80328016824888,220.86014334629613,7930000.0,-0.6845265851886104,0
1438.3680339646444,1446.482278418718,1448.4698291496354,1434.7383680203557,8922277.552307034,-0.19932251073760443,0
523.9264911258914,550.7323100172641,555.6374366807073,513.6074037426414,41180706.37515621,-3.6576953003748924,0
1493.0798729343323,1490.832955957011,1501.3288143691684,1488.6329200347627,8829889.557657529,0.49017063151998774,0
1467.9406791203014,1474.5707039204972,1475.571077563955,1458.423073063261,7201845.385715452,0.10528684277202893,0
828.758534558217,820.8314917724889,836.2593698649628,818.0482581540631,11212931.426561523,1.554400422079996,0
962.6332870882281,941.6102318911037,969.3286291657944,936.3060722142484,23715038.279670164,1.1296220822288223,0
1232.9921412125532,1224.3996341031186,1250.3436884525386,1218.1167745467715,22095425.406933717,2.1832488677204163,0
1424.6547030650634,1442.4934834992978,1445.142855920786,1411.5637481296874,31182587.590794794,-1.2037498967774782,0
1344.7642151639723,1348.0106014555597,1355.0857353637616,1337.7081157541745,11853584.657285443,0.05750022694867529,0
827.8928627373418,889.0555051413128,889.3393843371493,818.6698145482837,89482568.46056974,-7.633954303441145,0
1118.7051019520975,1135.4072909923825,1138.7779394483427,1104.2411673230652,57119700.00649608,-1.7015792238797909,0
606.9562047311667,608.2909400640432,610.5443896058929,600.957732909895,15834931.925073102,0.03897124351241746,0
205.76368966696253,205.98218585427492,207.32650854622972,204.78449331876115,9470000.0,-0.11513546160903959,0
471.9878045121982,469.8254361008825,474.0320379133423,469.4409870163625,7420000.0,0.2952540040686457,0
223.8052454151728,223.88170789013262,224.89166094251834,222.86921064203602,6708658.93930294,-0.028231237479903647,0
532.5844054772283,528.994894264996,537.3543321484176,525.6471926107666,21356748.166779734,0.4444255200126578,0
1249.6676101638648,1238.2215236766099,1259.7038900122498,1233.3057639987958,12307296.06178338,0.193052045863639,0
791.5741023235132,787.4443845066818,795.4453169784322,783.4758356564251,19918995.402291585,0.6850689656262559,0
530.9705309567454,531.4231011363146,534.4970303710595,527.5946617879353,9052255.745148474,0.25021570119196745,0
1232.2345440189602,1224.4008886146933,1239.5364114794188,1218.1375754212463,8545277.85074838,0.3494521793283337,0
1356.942376261636,1350.529680061171,1368.62233339576,1346.1192796936466,12378804.057540618,1.4180939879326449,0
1080.0942971666573,1087.3926987378259,1088.7597454101806,1072.5729551784666,14088602.65638331,-0.48912562126731585,0
1320.8584955210456,1320.0876715947927,1324.4991213111716,1311.6981807520096,5832392.149513831,-0.19988149311823,0
827.6919979962476,832.6913155331287,838.0734379439554,823.456353914421,17470000.0,-0.20271873367704762,0
1153.1454608357294,1140.1804947010592,1166.943101034728,1134.1848391712208,22581451.64100227,0.8562250365377486,0
903.6309818337371,899.237762377534,908.5309306998473,895.2095033572033,11880000.0,-0.16831015422021123,0
662.346338570152,673.156179649827,675.4532451638959,659.3006443606301,15010909.31317528,-0.5965717386321203,0
640.8627477422212,644.5795933648021,647.6407017168649,638.7560001397267,19612898.35926566,-0.15695077796974044,0
215.75041906995162,220.0195753860215,220.27101399305633,215.32907786437053,10100508.382534882,-1.3275446278953935,0
300.1898849678259,303.8884350558043,305.0771213871253,298.5084486873983,15286473.485619599,-0.12167679646500199,0
596.2147014784316,611.2270627901711,611.3549795759161,593.3248713467872,15470942.875570603,-1.7465703843325517,0
869.9125358093909,869.0244592347344,878.661101181754,866.1726232784541,11997271.791774724,-0.6382566580220487,0
699.3444479749703,700.379025296437,702.567614291706,690.526851897028,30447722.71772916,-0.20737657400351828,0
397.9400615795114,398.8781141578209,403.65005512720256,396.0412034780255,15384914.293088352,-0.04657043307234876,0
1165.865825786002,1175.953858675277,1177.7540958431769,1155.0302592545772,12750924.33526074,-0.8657219073766658,0
457.35102433417524,455.8612193722225,460.448363115775,452.90413538812913,16457535.388542555,0.3369125501935662,0
842.0316394185863,846.2679067155561,851.5428868676611,836.0959427603941,10705896.170769643,-0.5529668569590022,0
568.6130308470248,566.8114586393322,573.7172596505957,562.4643094535732,19590000.0,0.6228905673536416,0
971.7015362719974,979.1578131487026,980.2786248926434,969.8262709511514,6703136.055035251,-0.12662587119854507,0
444.10773470300944,440.9813177205021,445.4547072245605,438.9950189504387,11651539.598196575,1.0938489954914397,0
565.9923718722147,561.9786299408277,573.1117522846648,559.9378604097134,22241307.456412587,0.7190125881631451,0
497.1387034001317,501.2616981239088,502.93457442593785,495.05274677052046,6986775.57425492,-0.7532030247938214,0
713.3325097462489,720.5364866139632,726.5795213541899,709.2192839815249,28832654.42257834,2.0655778396448476,0
360.3844716600506,356.36724789859977,362.05653470209097,353.14196965188296,19841512.777226135,2.3402617731422692,0
592.788546314514,586.1256918587849,598.7170500628213,582.1556533668579,20256334.037565105,1.2936659624348958,0
210.42337952925,206.75449981350505,212.2562476654394,205.38684049310237,15782570.788196245,2.3232308552534446,0
1439.5345627623692,1459.3266225575185,1467.849573038138,1432.0934611392995,8813926.558462018,-1.1268642199813093,0
700.4029578091295,700.66387770495,704.8149916948331,696.0355752204241,11693731.401177721,0.6321594028380408,0
1204.8890351062323,1202.7482291966214,1207.047561353239,1187.0420877636052,13151074.4100151,0.7572704288372829,0
1442.0317202798233,1425.4954401164216,1445.3288579935972,1419.2520906737898,10009213.155161686,1.2302289828980693,0
619.4968775048329,622.7978578814935,625.6331528999516,612.7940310529822,23133851.196896717,-0.8028220834653126,0
229.97643367463658,234.74158061434588,235.27783453446827,229.0864336746366,12090000.0,-1.740495295853107,0
802.2641260516068,804.2934506447173,815.0170140629539,793.2776289419811,18612720.138998874,-0.8013121465635877,0
551.5251189162045,551.1210733705556,557.1317483894153,547.0898860467806,13818899.480754724,0.30943656150778986,0
404.3136438320115,402.505332061657,405.75237645175775,397.4746606354616,14704558.703250838,1.3672916200398584,0
382.7560924042953,385.6337210133737,385.7191425710989,380.5710486422022,11800000.0,-0.7101024547961621,0
855.260106576569,862.029481801119,865.3747208491591,853.471136271723,12963639.70468155,-0.9397978667662166,0
1280.3803111804511,1263.7515899051673,1282.8159047963484,1255.9172749233117,8612785.388334874,1.4871689332101494,0
300.02257019873787,307.4858044961928,308.81583770008757,299.2708210981402,14400208.563915936,-2.173882125132552,0
1313.1073627889368,1316.10016595863,1318.6539024715178,1304.8692048561836,10294892.526974224,-0.1015046223608592,0
1331.5159378909948,1321.5843806078617,1342.1748459810524,1315.0536848161403,15944174.110031487,0.5464284789923908,0
503.3387551772408,510.8731664422773,512.598240324359,499.8209314617583,16981115.68758117,-1.449028471225709,0
585.9922179144683,599.6583114524295,600.1833217613511,583.2853021303752,15471198.653673336,-1.5267069624792033,0
629.1973676857621,646.8774449780639,648.2367858854186,627.2415677032826,13520000.0,-1.9629181502492967,0
287.7780440365408,288.42699575124107,289.5218392282237,284.1198484195153,10441141.80592175,0.27300168575942774,0
609.9475813990716,607.3231606520183,615.6569681889081,602.880203437438,8340303.912039378,-0.8759144291605651,0
779.9045571722814,779.5793127443559,783.0916495599171,772.403737762761,14015187.906217434,0.13714043626247913,0
540.132737737187,509.1313966045551,554.746760680719,483.8284759426282,69063629.75565895,2.7653475418812774,0
689.0713590891057,691.2995978370722,695.4423140889505,686.3141221964956,10560000.0,-0.4163785787417603,0
1113.5632238389987,1133.077489318822,1134.467118131965,1111.0141593842013,9759717.82082721,-1.4238810658828296,0
1280.3722242377578,1244.377720972389,1284.1239371661916,1242.6205398450154,16688497.891797686,3.0670085218220655,0
549.9813611415102,535.1387667450401,563.4851691483123,533.8949622036629,54735699.881216384,2.8678125619792922,0
851.7747928509579,846.3328735294073,855.6563182491064,844.0083963132878,9359944.970117848,0.03988994023569542,0
923.9860361663099,953.2428585849572,956.684906449261,916.803988302006,43038228.36055236,-0.11602507610338564,0
478.70125274764524,477.2065345840549,481.0508509584445,476.75598409551276,8647090.429662649,0.3976888993212423,0
1132.797019307122,1129.977607403847,1135.0974816796593,1126.8625201281009,10560000.0,0.9084798463464825,0
1267.282979133789,1265.46198294706,1272.3821993813963,1260.8629199455895,8162191.286679598,0.9279659594568866,0
733.7351659860244,739.7286146826332,743.9976893280227,730.7682200725052,10114973.209767712,-0.679089132102187,0
1060.4110618812126,1068.915728273925,1069.1798142678374,1053.6878641369626,9960514.7875125,-0.8920702517499851,0
1194.101820726894,1218.0528068066935,1222.6644057898095,1182.9993189098927,20390000.0,-1.607757173823817,0
1476.698847081972,1464.632572758684,1479.8914101958128,1459.985847254749,6250000.0,1.5069953503553004,0
378.10147975510847,386.1160733005705,387.5523015987857,372.1702007718496,34576680.38997314,-2.988672466931469,0
1241.6811554655155,1235.6300597174036,1256.8293465121717,1227.9177172573943,18144346.846162736,-0.3700901530282243,0
308.80559293156773,309.90120284635697,312.28280481005163,307.3279133243067,16485316.417191673,-0.09974625787509664,0
227.14182508126783,226.2439775131512,227.5055465141079,225.0283270590406,12100000.0,0.7565561089865442,0
1357.9598598365785,1356.7110178275623,1366.0644185239692,1350.1441482268935,8457261.658145346,0.2555034599823656,0
550.9134312199632,552.4631433458826,555.2586920811431,546.5724951319467,8513278.644525941,-0.6885341378707563,0
1338.9100471874826,1341.3166112186052,1358.6262433407699,1335.7930012758698,17167616.196153287,-0.22686626926989772,0
1193.7711398465726,1181.966961149733,1198.3053563409153,1181.966961149733,7120000.0,0.5839699053547558,0
733.3326474930129,747.0708963999743,749.8117049069597,719.8767910259776,75674121.65317157,-0.7187953791094346,0
553.6418237510798,561.9388288126768,563.1426343554336,552.2275333891896,11880000.0,-1.1548612046263618,0
208.9548366111065,208.54815119861323,211.2120943889055,207.3339538608644,14096323.058305936,0.8397878547671718,0
1331.9386857453806,1323.0131729002005,1336.7162753859568,1320.2453378572395,18131988.217354346,0.8749877090608253,0
224.81207883488074,223.61340835299816,226.79808442923928,223.33377455560935,9124642.253159253,0.627921165119244,0
306.4346742902876,307.03326282843034,309.38941232398946,305.2764628168103,13770902.897700544,0.37470159550641774,0
225.11305765061752,230.44770821780145,231.64344058482698,222.86963842954307,13631646.975044107,-2.503898941266691,0
887.3640134484245,884.4418145320122,890.8807787789048,881.4084654528597,11603584.398700565,0.6913382448304977,0
1042.4432743974776,1043.4816269144042,1050.9364225354775,1025.8307187018752,14282539.259584006,-0.2831940591357318,0
1367.6419445933223,1376.8863936362693,1384.2700835796475,1362.923494876432,14230407.751415547,-0.39159064438585917,0
554.8453428540051,555.2849265786491,561.2514365133636,553.033034117315,14778182.141136235,0.043625060231769264,0
621.9244657508452,624.6413108779499,625.7737914682785,620.0027166609117,9343551.287236845,0.03934613828946306,0
229.00300633403157,232.33618071573616,232.41049418933295,227.8544746302001,10020331.756578557,-1.6406868454409809,0
647.6352155758891,651.0737743777456,658.6300209219638,642.2436204397657,15704637.208251022,-0.9084140792944188,0
