Date,Close,High,Low,Open,Volume
2000-02-01,17.57763863,17.75654587,17.25928895,17.4066235,149956451
2000-02-02,17.89862823,18.25381316,17.81443762,18.0433331,139355731
2000-02-03,17.97756004,18.07490796,17.70130616,17.99597828,94831223
2000-02-04,18.10910416,18.27748676,17.98018638,18.10121203,99528064
2000-02-07,18.08016586,18.38799241,17.78812638,17.94861689,114747088
2000-02-08,18.01702118,18.25381015,17.94598364,18.18014144,90057597
2000-02-09,18.43798065,18.66161375,18.14330861,18.36431194,160165902
2000-02-10,18.71949768,19.14308757,18.14857316,18.35379086,151143675
2000-02-11,19.11677361,19.6798059,18.94575982,19.15360866,114214724
2000-02-14,18.5274334,18.99048806,18.41693103,18.89051039,71806185
2000-02-15,18.11963081,18.64845926,17.99860515,18.52217124,113776526
2000-02-16,18.3195858,18.61688763,18.05385668,18.41693229,110304203
2000-02-17,18.656353,18.77474749,18.28538246,18.29590576,107425289
2000-02-18,18.38798904,18.83525801,18.31169057,18.78000613,70451511
2000-02-21,18.18803596,18.52217144,17.97755593,18.33274081,41234633
2000-02-22,17.59343338,18.25907319,17.49608688,18.20645388,100723088
2000-02-23,17.35400963,18.13804519,17.22246068,18.13804519,67665446
2000-02-24,17.71971893,17.92756637,17.32770043,17.51713244,79319185
2000-02-25,17.29087067,18.04333374,17.15932168,17.96440407,54786600
2000-02-28,17.52765656,17.74602871,16.31213896,17.09354343,70386208
2000-02-29,16.35686493,18.04069941,16.12533832,17.78023127,139625441
2000-03-01,16.6699543,17.35664349,15.73332305,16.57523899,150769883
2000-03-02,15.35183239,16.94358185,15.33867651,16.77782896,175562684
2000-03-03,14.12578583,15.05452488,14.12578583,15.05452488,64935300
2000-03-06,13.36279678,14.93612881,12.99709007,14.12578432,146075956
2000-03-07,12.74977779,13.62852872,12.62875213,13.52328871,133888438
2000-03-08,12.25778389,13.18126066,12.10255574,12.99183003,101621246
2000-03-09,12.17095852,12.75503876,11.7947271,12.41300982,77665531
2000-03-10,11.41060734,12.35513302,11.29221282,12.313037,92389443
2000-03-13,10.69234371,12.07624459,10.53974675,11.57109465,150763063
2000-03-14,11.5342598,11.55004544,10.37399283,10.81336825,141532996
2000-03-15,12.45773888,12.45773888,11.3658774,11.78683606,79982280
2000-03-16,12.35776138,13.03918821,12.10781652,12.60244249,147946692
2000-03-17,12.35776138,12.35776138,12.35776138,12.35776138,0
2000-03-20,12.35776138,12.35776138,12.35776138,12.35776138,0
2000-03-21,12.51825333,12.77609034,11.97626893,12.56561029,95762643
2000-03-22,12.8076601,13.07602179,12.69189679,12.89185212,69064318
2000-03-23,12.67874146,12.93394725,12.55245344,12.90500572,60024739
2000-03-24,12.660326,12.78398145,12.50509785,12.58665729,36941526
2000-03-27,13.67325687,13.67325687,12.78661376,12.78661376,58001578
2000-03-28,14.76774883,14.76774883,13.84427066,13.84427066,98405624
2000-03-29,14.27575397,15.25448122,14.15472831,14.98612093,143934962
2000-03-30,15.41760159,15.41760159,13.59169481,14.1547271,240432206
2000-03-31,16.65153503,16.65153503,14.73880658,15.62807934,275945423
2000-04-03,17.29087067,17.5592324,16.73836295,17.24088253,299036394
2000-04-04,15.9095974,17.15405654,15.9095974,17.15405654,189486468
2000-04-05,15.90433598,16.41737875,14.64146004,15.9648474,352720260
2000-04-06,17.56505585,17.58121228,16.29405939,16.31829476,227418526
2000-04-07,18.97068787,18.97068787,17.7616258,17.7616258,163657523
2000-04-10,19.63311958,20.46519096,19.36114745,19.92124814,309647520
2000-04-11,19.05147743,19.33422003,18.66102289,19.28036334,136676715
2000-04-12,18.20055008,19.3880698,18.00936305,19.22650265,241770257
2000-04-13,16.74645042,17.83164305,16.74645042,17.83164305,3153974
2000-04-14,16.74645042,16.74645042,16.74645042,16.74645042,0
2000-04-17,16.07056236,16.19981671,15.40813562,15.40813562,223113571
2000-04-18,16.15942001,16.63604259,15.83359126,16.00054438,122899571
2000-04-19,16.95648193,17.4519553,16.32367822,16.5714149,228183965
2000-04-20,18.189785,18.31365338,16.65489516,16.85685416,271517327
2000-04-21,18.189785,18.189785,18.189785,18.189785,0
2000-04-24,18.14669991,19.42038951,17.39541215,18.63409448,246733265
2000-04-25,17.88280869,18.28403374,16.78415105,17.35771524,221403241
2000-04-26,19.27767181,19.31537064,18.31096016,18.31096016,238053151
2000-04-27,18.61524391,19.71120838,18.21940344,19.43115878,413796521
2000-04-28,18.58293152,18.95184366,18.32711584,18.71487739,188028343
2000-05-01,18.58293152,18.58293152,18.58293152,18.58293152,0
2000-05-02,17.72662163,19.09994406,17.51658516,18.74180387,230017702
2000-05-03,17.66469193,17.9797474,16.65220249,17.61083523,192704191
2000-05-04,18.16016579,18.46983677,17.82626087,17.82626087,158631859
2000-05-05,18.06053162,18.39443795,17.67007705,18.23017776,156073814
2000-05-08,17.44926262,18.14938791,17.35770857,17.8262536,82504670
2000-05-09,17.68353844,17.87203396,17.1476732,17.31462633,85940035
2000-05-10,17.51658058,18.03628781,17.41156166,17.77239473,93165917
2000-05-11,17.05881119,17.4519572,16.91070747,17.4519572,90033846
2000-05-12,17.01303291,17.3684801,16.87300813,17.21229889,57913070
2000-05-15,17.20691681,17.48696643,16.50679132,16.80569179,81188494
2000-05-16,17.09381676,17.33616751,16.96456245,17.23384154,43882418
2000-05-17,17.17191124,17.68623417,17.03188643,17.28231473,109270328
2000-05-18,16.70066833,17.22037564,16.53910118,17.12612861,75382294
2000-05-19,16.99687958,17.1826807,16.54718384,16.5875742,111574963
2000-05-22,16.82723427,17.06689209,16.6414317,16.85685415,43662227
2000-05-23,16.9510994,17.01841809,16.61450017,16.81915211,58389850
2000-05-24,16.84338951,17.12074757,16.69528578,16.89186024,56605367
2000-05-25,16.84608459,17.11536376,16.75452908,16.81915625,36653287
2000-05-26,17.04265404,17.1261306,16.74914101,16.95379295,49082689
2000-05-29,18.28134155,18.71218796,17.12613563,17.15306398,165326988
2000-05-30,18.51561356,18.62601705,18.15478031,18.35135337,79692753
2000-05-31,18.52099609,19.21573555,18.42405463,18.90337166,118366163
2000-06-01,18.26787567,18.62870889,18.10361549,18.42405692,75363108
2000-06-02,18.17362976,18.63409602,17.9932117,18.47252881,81875438
2000-06-05,18.26787567,18.94915176,18.11707895,18.18709207,151857297
2000-06-06,18.24633408,18.46445096,18.1009233,18.2032493,54887782
2000-06-07,18.20055008,18.54791974,18.10899603,18.30556902,52545769
2000-06-08,18.35673904,18.58024044,18.21671423,18.30557533,64426688
2000-06-09,18.37558174,18.99492344,18.25979233,18.41328055,172161391
2000-06-12,18.27864647,18.61793728,18.23286871,18.44021366,57726882
2000-06-13,18.23017693,18.6583303,18.1520863,18.25710383,95747252
2000-06-14,18.16824341,18.66102397,18.10092326,18.66102397,62793550
2000-06-15,17.85049057,18.36481343,17.63776112,18.36481343,85105386
2000-06-16,17.89357567,18.08745715,17.71854503,17.74816635,63843153
2000-06-19,17.84511185,18.09554163,17.78317764,17.97436477,43452959
2000-06-20,17.78856277,17.98783028,17.6943157,17.96090193,58093559
2000-06-21,17.72662163,17.98782324,17.67815234,17.98782324,29007035
2000-06-22,18.58023834,18.83874556,17.40887478,17.7912518,268082760
2000-06-23,18.189785,19.09994699,18.04168126,18.63948076,224036672
2000-06-26,17.83433723,18.07399505,17.67815456,18.04168075,48525944
2000-06-27,18.01475525,18.30557536,17.77778896,17.8451091,106940541
2000-06-28,17.97436142,18.14670054,17.90704271,18.04168157,24433854
2000-06-29,18.43213463,18.61793718,18.03629415,18.06052952,106685828
2000-06-30,18.35404396,18.56408188,18.09553674,18.52638306,88865990
2000-07-03,18.74988365,18.95453562,18.20324788,18.20324788,137988774
2000-07-04,18.60177612,18.82797042,18.52907004,18.77411374,75354482
2000-07-05,19.07301903,19.40692389,18.66640807,18.79566096,189904178
2000-07-06,19.51463699,19.65196883,18.84951734,18.90337403,200669996
2000-07-07,19.45270157,19.70582283,19.3880744,19.62503923,111604092
2000-07-10,19.84584808,19.98048692,19.31536878,19.54964062,131908677
2000-07-11,20.24707603,20.34132309,19.74083203,19.92124864,170025705
2000-07-12,19.9293251,20.23630307,19.81892162,20.14744197,70757129
2000-07-13,19.69774055,20.13127831,19.54963685,19.9697126,83264045
2000-07-14,19.45270157,19.95086803,19.36653202,19.72467224,89678274
2000-07-17,19.56579781,19.65196736,19.25343534,19.54425686,86145914
2000-07-18,19.28844261,19.54964282,19.1888096,19.46885922,52104364
2000-07-19,19.07032776,19.52271507,18.9841582,19.30729261,58511199
2000-07-20,19.25882339,19.43116108,18.68795078,19.00570067,124658147
2000-07-21,18.52099609,19.22650602,18.43213357,19.22650602,143754403
2000-07-24,17.58390999,18.36751071,17.45734862,18.36751071,84256775
2000-07-25,17.98244095,18.11977279,17.2446166,17.37117796,92498453
2000-07-26,17.53543282,18.25709908,17.44926328,18.25709908,54349425
2000-07-27,18.52907562,18.89260182,17.34694152,17.55697945,120640983
2000-07-28,18.33519554,18.84951702,18.2678754,18.74180652,83819180
2000-07-31,18.13862038,18.35943022,18.06860869,18.20324754,28100305
2000-08-01,18.23017693,18.41328652,18.07399568,18.09553807,52276716
2000-08-02,18.25710297,18.29480322,18.09553721,18.17093485,20395290
2000-08-03,18.18439865,18.512919,18.11169399,18.30018809,46686143
2000-08-04,17.77779007,18.24364231,17.72662635,18.23017886,45818822
2000-08-07,17.78586578,17.88011283,17.45734545,17.71854564,34608868
2000-08-08,17.81817627,17.95281654,17.74547018,17.86126104,31546244
2000-08-09,17.97167206,18.20325098,17.83434021,17.93397323,33540780
2000-08-10,17.74817085,18.08207578,17.67277176,17.88011675,23807997
2000-08-11,17.73200989,17.88011363,17.64853331,17.74547334,27325498
2000-08-14,17.73739815,17.87203845,17.35771547,17.71854873,37143638
2000-08-15,17.73739815,17.73739815,17.73739815,17.73739815,0
2000-08-16,18.17093468,18.35404426,17.78586611,17.8747272,67496889
2000-08-17,18.189785,18.60178194,18.0686096,18.25710371,86149527
2000-08-18,18.14669991,18.30288115,18.07668822,18.15208586,25684195
2000-08-21,18.12246513,18.25171947,18.04706749,18.1063087,20282583
2000-08-22,18.21940613,18.43213706,18.133238,18.23017804,39891989
2000-08-23,18.28672409,18.63409384,18.23286884,18.40251497,75956629
2000-08-24,18.07399559,18.35135223,17.98782603,18.25710374,46216771
2000-08-25,17.96627998,18.22478716,17.83971865,18.1224612,23180851
2000-08-28,17.89088631,18.0416816,17.858572,17.96089799,16676686
2000-08-29,17.7939415,18.01475131,17.7347003,17.84241223,30320186
2000-08-30,18.14400482,18.2463308,17.85856928,18.02821539,42939124
2000-08-31,18.1251564,18.35404373,18.04437281,18.23017536,38384652
2000-09-01,18.1251564,18.1251564,18.1251564,18.1251564,0
2000-09-04,19.05955315,19.21304139,18.21671139,18.25171723,110294526
2000-09-05,19.15918922,19.36653419,18.97069511,19.22650937,50895798
2000-09-06,19.58195686,19.7058238,18.95722902,19.17265291,136969141
2000-09-07,19.48770332,19.97509777,19.39345629,19.45000451,105721037
2000-09-08,19.97510147,20.1959113,19.4446236,19.49578587,83416875
2000-09-11,20.6348381,20.84218307,20.14744349,20.18514232,98805506
2000-09-12,20.65099144,20.99297522,20.52981605,20.73446801,60658354
2000-09-13,20.22283936,20.78563156,20.03434381,20.78563156,82885772
2000-09-14,20.23361206,20.50019823,20.07204486,20.25246147,58814450
2000-09-15,19.70851517,20.31170057,19.55771989,20.24976639,53200335
2000-09-18,18.64486313,19.5496405,18.48060441,19.5496405,73399060
2000-09-19,18.18170547,18.95453561,17.98782542,18.53715417,68148598
2000-09-20,18.71487808,18.88991017,18.18170575,18.37828023,53619277
2000-09-21,18.73641777,18.84951422,18.43751879,18.73641777,48372162
2000-09-22,18.2220974,18.68794958,18.0928445,18.68794958,58990275
2000-09-25,18.41597748,18.63409289,18.20324659,18.42136343,48547973
2000-09-26,18.38096809,18.52638027,18.20593748,18.52638027,40011530
2000-09-27,18.95184135,19.10263661,18.00936523,18.36750541,92628316
2000-09-28,18.61254883,19.11879272,18.49945239,19.11879272,68963290
2000-09-29,18.44560051,18.84413255,18.36750845,18.73103465,37998621
2000-10-02,18.44560051,18.44560051,18.44560051,18.44560051,0
2000-10-03,18.48060799,18.60716792,18.21671478,18.31365482,41961280
2000-10-04,18.66909981,18.76873281,18.52099751,18.63409397,25417691
2000-10-05,18.31903839,18.70410843,18.24094777,18.58831755,24047388
2000-10-06,18.33250427,18.40790192,18.1251593,18.20594291,29197467
2000-10-09,18.33519554,18.66102292,18.2597979,18.36481543,34534659
2000-10-10,18.05245209,18.3917429,17.95551062,18.36750753,30007286
2000-10-11,17.78856277,18.00937268,17.64315341,17.93397502,27186770
2000-10-12,17.62968636,18.01475643,17.37117909,17.63776529,69082160
2000-10-13,17.14228821,17.51658629,16.4313923,17.51658629,53499189
2000-10-16,16.71144295,18.00936636,16.43947085,17.28769856,68052387
2000-10-17,16.26174736,16.78684071,16.00862467,16.43408502,82261245
2000-10-18,16.06786156,16.29136286,15.84705323,16.12979572,37969127
2000-10-19,16.32637405,16.60911808,15.4566039,15.98439026,70267297
2000-10-20,16.0544014,16.88377965,15.94938245,16.65489234,88156261
2000-10-23,15.39467049,16.04901823,15.26003163,16.04901823,49541306
2000-10-24,15.76358032,15.87129081,15.32196212,15.40274571,69908756
2000-10-25,16.42870331,16.64681876,15.79589648,15.8335953,76804722
2000-10-26,16.45562935,16.69528717,16.37484575,16.58488369,18928903
2000-10-27,16.31559944,16.61449838,16.16210978,16.53102183,48728952
2000-10-30,16.21058464,16.66297336,16.16211391,16.39908018,40934463
2000-10-31,16.27252007,16.35868963,15.84975264,16.1594236,42509931
2000-11-01,16.61719704,16.84608439,16.40177313,16.71952303,72480301
2000-11-02,17.00226593,17.12613432,16.63604673,16.63604673,74858151
2000-11-03,16.99956703,17.27423206,16.95379073,17.14767074,58610896
2000-11-06,16.84069252,17.22845397,16.80299371,17.0695798,55849367
2000-11-07,16.86762428,16.9780292,16.70336412,16.70336412,36376364
2000-11-08,17.15036964,17.36309913,16.96456707,17.05612115,78714125
2000-11-09,17.18806648,17.379255,17.01842036,17.09920395,53307147
2000-11-10,16.75722122,17.22038044,16.70875192,17.15036875,49235533
2000-11-13,16.28597832,16.69797514,16.21865963,16.69797514,32680643
2000-11-14,16.75183105,16.7976088,16.26712957,16.26712957,51493926
2000-11-15,16.86223602,17.09381629,16.70066886,17.01572569,42863682
2000-11-16,16.78414726,16.98610624,16.6602789,16.96456385,45646036
2000-11-17,16.74106216,16.77337646,16.56064558,16.7491411,47502852
2000-11-20,16.7060585,16.83531284,16.64412431,16.72490791,23524883
2000-11-21,16.64681435,16.84338735,16.56603076,16.84338735,52537002
2000-11-22,16.59565353,16.77607014,16.56603365,16.69528654,16058756
2000-11-23,16.75722122,16.82992733,16.43947278,16.53371983,35718227
2000-11-24,16.8757,17.06688848,16.80299535,16.82992369,47203872
2000-11-27,17.16383171,17.22845888,16.8837821,16.91071044,43128757
2000-11-28,17.74547386,17.7858671,17.0857416,17.23115237,94755530
2000-11-29,17.62160301,17.90165257,17.44926394,17.66468778,72628314
2000-11-30,17.67276573,17.78586361,17.53004797,17.61083155,43866453
2000-12-01,17.67007446,17.78586533,17.47619442,17.61083326,50742057
2000-12-04,17.91242981,18.06322656,17.71316376,17.71316376,68788347
2000-12-05,18.24094772,18.30018894,18.00398287,18.01475479,52905486
2000-12-06,18.16285324,18.56407963,18.1278474,18.56407963,43719127
2000-12-07,18.1790123,18.32980902,18.08207227,18.11707811,30523740
2000-12-08,18.27864647,18.41328532,18.15746964,18.20324739,59695425
2000-12-11,18.63139915,18.68525584,18.31095778,18.35942851,84918820
2000-12-12,18.5425396,18.69872083,18.49945482,18.68794892,33331820
2000-12-13,18.70948982,18.82528069,18.54792264,18.63409219,57066266
2000-12-14,18.65025139,19.00031414,18.5802397,18.73642095,88461585
2000-12-15,18.20055008,18.58023404,18.11168901,18.58023404,56209434
2000-12-18,18.38096809,18.46713763,17.77509122,18.04167733,53342732
2000-12-19,18.27864647,18.55869607,18.20863335,18.48598998,49308314
2000-12-20,18.41059303,18.58023917,18.17093522,18.58023917,29325971
2000-12-21,18.43482971,18.57754751,18.12515875,18.31634728,59473245
2000-12-22,18.21401787,18.68794749,18.16285416,18.55330865,49839151
2000-12-25,18.21401787,18.21401787,18.21401787,18.21401787,0
2000-12-26,17.66469193,18.41328673,17.58659986,18.15208651,53423649
2000-12-27,17.93666077,18.04167973,17.44926623,17.55697817,56125604
2000-12-28,18.24633408,18.32173316,17.92319966,18.08476687,56613447
2000-12-29,18.25441551,18.34866258,18.1520895,18.22748716,37622350
2001-01-01,18.40520477,18.50753219,18.25710105,18.31095773,42128577
2001-01-02,19.08109856,19.33422128,18.32442479,18.32981075,92764775
2001-01-03,19.39076614,19.47962867,19.01108356,19.11879405,123856212
2001-01-04,19.26959229,19.75967982,19.18342273,19.33960541,83784183
2001-01-05,19.61965561,19.75429446,19.19957974,19.19957974,104474953
2001-01-08,19.39884567,19.78930165,19.23997145,19.52271405,95828393
2001-01-09,19.27767181,19.48501533,19.23189406,19.35576243,63211442
2001-01-10,18.94106865,19.46616194,18.80373685,19.30998073,66251757
2001-01-11,19.16188049,19.24266409,18.90337327,18.98415687,57008778
2001-01-12,19.09456253,19.30190605,19.06494121,19.22381543,33646611
2001-01-15,19.14841843,19.1995807,18.95722989,19.06763482,27697623
2001-01-16,19.84046173,19.94817366,19.14841526,19.14841526,145605043
2001-01-17,19.49847603,20.0047199,19.45539126,19.9858705,58317336
2001-01-18,19.64389038,19.73813888,19.46078079,19.54964332,38235547
2001-01-19,19.87816238,20.13128365,19.6627385,19.6627385,91923124
2001-01-22,20.16898537,20.24438301,19.82430856,19.87277786,106260122
2001-01-23,20.55405045,20.69407524,20.18244536,20.18244536,115872538
2001-01-24,20.4840374,20.70753876,20.3844044,20.70215424,76479540
2001-01-25,20.55674171,20.65368173,20.28476965,20.5459698,62876484
2001-01-26,20.55674171,20.55674171,20.55674171,20.55674171,0
2001-01-29,20.33862877,20.46518868,19.44192888,20.46518868,71061907
2001-01-30,20.98489761,21.05760227,20.38709817,20.38709817,147232440
2001-01-31,20.71292686,21.81158437,20.51904681,21.81158437,82628245
2001-02-01,20.79640198,20.92834784,20.07204263,20.6536842,178438559
2001-02-02,21.24609756,21.3214952,20.67791944,20.70753933,141852072
2001-02-05,21.49652672,21.56923137,21.0172097,21.17069938,149430501
2001-02-06,21.42651367,21.67694338,21.34034413,21.5423031,84708376
2001-02-07,21.1895504,21.43190119,21.11145834,21.30803282,50935108
2001-02-08,21.32418442,21.404968,21.03066999,21.0683688,66988585
2001-02-09,21.48306084,21.65001396,21.23263258,21.3807363,97611280
2001-02-12,21.57192421,21.88698107,21.28648867,21.34034392,92278010
2001-02-13,22.08356094,22.18319397,21.4076707,21.65002154,119497901
2001-02-14,22.37975883,22.47939183,22.0566245,22.34206002,125432815
2001-02-15,22.76483345,22.91024423,22.24243299,22.35014494,205960791
2001-02-16,22.75136948,23.12297463,22.61942359,22.8294601,177636541
2001-02-19,22.90755081,22.99910633,22.53864007,22.78099089,89147661
2001-02-20,22.77021408,22.97217305,22.67327406,22.83484124,100213930
2001-02-21,22.30167198,22.88062206,22.19396148,22.78368059,110495812
2001-02-22,22.33129501,22.56556689,22.00546762,22.24243247,109056397
2001-02-23,22.15087509,22.65173308,22.05931959,22.35283407,108219311
2001-02-26,21.87890053,22.2370407,21.71733336,22.09162996,87129836
2001-02-27,21.65540314,22.04047172,21.39689447,21.94622467,78573731
2001-02-28,22.30167198,22.61942186,21.57731258,21.65001724,154742009
2001-03-01,23.59959602,24.01967043,22.40399709,22.40399709,223194307
2001-03-02,22.57094765,24.28894677,22.35821677,23.69653189,187886955
2001-03-05,22.00815964,22.88870031,21.6769463,22.64634951,132200024
2001-03-06,22.00815964,22.00815964,22.00815964,22.00815964,0
2001-03-07,22.18857193,22.87253942,21.46690418,22.18857193,105663297
2001-03-08,22.26397324,22.62749943,22.02969994,22.26666621,62047073
2001-03-09,22.0539341,22.14010365,21.46959953,22.14010365,54988278
2001-03-12,21.97314835,22.1885722,21.650014,22.03238955,51412616
2001-03-13,20.9014225,22.53863829,20.21745346,21.59885356,73733177
2001-03-14,21.50998688,21.80619429,20.74254146,20.94988779,47229178
2001-03-15,21.39420319,21.62039755,20.90142266,21.16531584,34790561
2001-03-16,20.68061066,21.50191145,20.41671894,21.21916889,44860430
2001-03-19,20.59983063,20.89603814,20.22822691,20.51904846,31633267
2001-03-20,20.10704803,20.7210039,19.95355835,20.68061066,25515540
2001-03-21,21.61231422,21.71733317,19.67081383,20.27669214,46522683
2001-03-22,21.18685532,22.01623358,21.057601,21.83043104,40167819
2001-03-23,20.44095039,21.57730792,20.15820786,21.21916632,49623609
2001-03-26,20.69138718,20.82064153,20.25515483,20.46519279,24811230
2001-03-27,21.04144287,21.24070885,20.55674138,20.62675305,41114839
2001-03-28,21.65001297,21.81158013,21.19762433,21.27302196,37356183
2001-03-29,21.35111618,21.85736011,21.21916888,21.60962338,53399898
2001-03-30,20.97951126,21.36457981,20.82333004,21.22455501,34400048
2001-04-02,21.06029701,21.20840076,20.17167742,20.81525324,39069902
2001-04-03,21.0495224,21.27302376,20.78832366,21.00374609,21535935
2001-04-04,20.63213921,20.87987591,20.37093905,20.47326502,20329316
2001-04-05,20.63213921,20.63213921,20.63213921,20.63213921,0
2001-04-06,20.6132946,21.16262337,20.51904755,20.62675806,16347064
2001-04-09,19.23996925,20.66445542,18.94376324,20.4759599,68517838
2001-04-10,17.69700623,19.12957022,17.57313783,19.12957022,51180311
2001-04-11,17.46273041,18.1790123,16.51486964,17.77240134,79577889
2001-04-12,16.0140152,17.12613639,15.73127255,17.12613639,91028313
2001-04-13,16.0140152,16.0140152,16.0140152,16.0140152,0
2001-04-16,16.59565353,16.85685374,15.61817142,15.75819623,63144487
2001-04-17,16.97533417,17.33078282,16.47986216,16.53371741,55346202
2001-04-18,17.62160301,17.76701375,16.31829378,16.9107072,92069344
2001-04-19,19.91316605,20.38978861,17.76970525,17.76970525,148974490
2001-04-20,19.32613945,20.19052504,19.01646853,19.92124592,80686282
2001-04-23,19.07032776,19.57118581,18.88991114,19.11879706,45602314
2001-04-24,18.81989479,19.01108329,18.55330866,18.91414327,37334378
2001-04-25,19.31536865,19.54964049,18.74180458,18.84951508,69473779
2001-04-26,19.51166534,20.11925585,19.34395896,19.81958481,71457307
2001-04-27,18.98929977,19.29996869,18.28823149,19.29996869,72373573
2001-04-30,18.83259583,19.43193946,18.36521686,19.17350614,46574990
2001-05-01,18.83259583,18.83259583,18.83259583,18.83259583,0
2001-05-02,18.82159996,19.05253999,18.48618709,18.80510456,31688179
2001-05-03,18.912323,19.17900474,18.67588551,18.75011554,32772960
2001-05-04,18.89857864,19.02504583,18.7501171,18.86833732,17594955
2001-05-07,18.74462128,19.10202705,18.67038976,18.86009056,15749006
2001-05-08,19.03054237,19.14601163,18.69787904,18.72262141,30808142
2001-05-09,19.34121132,19.67387465,19.05528618,19.08002854,62306141
2001-05-10,19.5281601,19.61338803,19.27797526,19.34945727,30532185
2001-05-11,19.53915596,19.86632175,19.47317438,19.59964153,31238931
2001-05-14,19.7838459,19.90756359,19.50066878,19.51991365,24879040
2001-05-15,20.38869095,20.47666691,19.14326398,19.62988784,65107625
2001-05-16,20.17699242,20.60862958,20.07801856,20.48766137,46455448
2001-05-17,21.03477478,21.17223842,20.28421857,20.28421857,81220452
2001-05-18,20.61138153,21.16123896,20.50965819,21.15299052,42258187
2001-05-21,20.71035385,20.97703411,20.43267715,20.45467004,40671474
2001-05-22,20.75434685,20.97703844,20.65812245,20.77634121,29510899
2001-05-23,20.95228958,21.07325926,20.72135107,20.73234752,26407985
2001-05-24,21.60387039,21.68634885,20.94954168,20.94954168,94556989
2001-05-25,21.63961411,21.86780463,21.50214902,21.66160699,59731991
2001-05-28,21.92828941,22.09874384,21.66435714,21.66435714,36493007
2001-05-29,22.18122101,22.37641924,21.82931282,21.93928312,42811487
2001-05-30,21.52964401,22.36267717,21.44166658,22.32418595,54700207
2001-05-31,21.5708847,21.65336318,21.05951697,21.42242315,42893875
2001-06-01,20.90830421,21.67810372,20.790084,21.62311709,43078103
2001-06-04,20.60587883,21.05676084,20.41343009,21.00452517,31130355
2001-06-05,20.50690651,20.77358676,20.37219091,20.4959086,28362650
2001-06-06,20.10001183,20.67461303,20.00653692,20.61412892,39624813
2001-06-07,20.02577972,20.20448401,19.6381313,20.17974018,52703851
2001-06-08,20.3666954,20.53440035,20.03403206,20.06977234,50362650
2001-06-11,20.38319397,20.47941837,20.13025958,20.34470421,37387314
2001-06-12,20.34744453,20.41617706,20.20723147,20.33919757,19314752
2001-06-13,20.64162636,20.72410484,20.34745272,20.39968987,32180868
2001-06-14,20.00928688,20.80108069,19.91031302,20.55639479,65138602
2001-06-15,19.66288185,19.91031729,19.41544495,19.91031729,47495514
2001-06-18,18.72811699,19.62988243,18.64563854,19.52540963,55464526
2001-06-19,19.07178116,19.13501474,18.67588425,18.69512913,36523999
2001-06-20,18.96181297,19.29997532,18.42020392,18.42020392,26094230
2001-06-21,18.75561905,19.26973485,18.69513492,18.95631631,47233211
2001-06-22,18.82709503,18.90407454,18.48618328,18.80510068,31187017
2001-06-25,18.77486229,18.8655892,18.45044733,18.73362305,24725145
2001-06-26,19.06903458,19.18175437,18.64014534,18.72262381,28403417
2001-06-27,19.69036865,19.78934398,18.84908721,19.02504204,44329523
2001-06-28,19.92131233,20.14950287,19.60239489,19.68487336,38544176
2001-06-29,20.26222229,20.53440005,19.8003423,19.93230696,26944326
2001-07-02,19.72061348,21.71934153,19.37145327,20.38868964,14112521
2001-07-03,18.11228371,19.35495977,17.81536061,19.22299509,65799036
2001-07-04,17.93632317,18.22774868,17.70538469,17.76036983,39504767
2001-07-05,18.24150085,18.49718325,18.03805414,18.25524678,28086259
2001-07-06,17.90883446,18.10678218,17.65040116,17.81535808,17151702
2001-07-09,17.99131584,18.14527488,17.38097424,17.81536098,35909821
2001-07-10,18.34871864,18.41470023,17.9803136,18.22775044,24974270
2001-07-11,18.5081768,18.7363673,18.09578452,18.25524248,16015356
2001-07-12,18.70612335,18.84358694,18.54116499,18.612647,17476842
2001-07-13,18.91507339,19.28622648,18.27174108,18.79135423,28580447
2001-07-16,18.2552433,18.80510068,18.14527153,18.63464481,21472159
2001-07-17,18.31023216,18.49718199,17.87584545,18.0902886,16188394
2001-07-18,17.96656799,18.44494334,17.87034362,18.36796384,20781490
2001-07-19,17.820858,17.95007466,17.65040211,17.87034567,16907479
2001-07-20,17.26000595,17.93083167,17.07305464,17.92533271,25611498
2001-07-23,17.21051407,17.37547098,16.49570128,17.04555716,1948391
2001-07-24,17.28474617,17.4029649,16.56168492,16.56168492,13896909
2001-07-25,17.08404732,17.34523008,16.97407702,17.29299294,17154376
2001-07-26,16.76238251,17.17752428,16.64966126,16.93558639,30470005
2001-07-27,16.82836723,16.93284006,16.49570388,16.68815266,17946522
2001-07-30,17.20227051,17.2655041,16.67715689,16.79537564,21004692
2001-07-31,17.5321846,17.63665743,16.69640196,17.30674354,55492156
2001-08-01,17.34798241,17.71913552,17.16927807,17.6476535,26261387
2001-08-02,17.47444534,17.64489973,17.02081387,17.26549974,22788924
2001-08-03,17.44145393,17.6558985,17.06205392,17.45794933,48046979
2001-08-06,17.77136993,17.85110039,17.33423525,17.43045963,25558407
2001-08-07,18.09853363,18.14527182,17.65315053,17.65315053,32886578
2001-08-08,18.06003952,18.20025405,17.73562471,17.86484133,24997699
2001-08-09,18.46419144,18.68138553,17.87034674,17.92533189,32633546
2001-08-10,18.68413162,18.77485852,18.37071317,18.58515776,35529952
2001-08-13,17.95557022,18.74461599,17.8483494,18.66763502,27804630
2001-08-14,17.65315247,18.12877841,17.57617295,18.12877841,41322595
2001-08-15,17.65315247,17.65315247,17.65315247,17.65315247,0
2001-08-16,17.97481346,18.2249968,17.65039717,17.76036892,40314418
2001-08-17,17.46070099,18.07928947,17.38922044,17.98031561,37882790
2001-08-20,17.47719574,17.69988876,17.29574342,17.32048725,27714988
2001-08-21,17.53493309,17.74387874,17.48544542,17.48544542,25945335
2001-08-22,17.53493309,17.53493309,17.53493309,17.53493309,0
2001-08-23,17.43046379,18.58516257,17.38097611,17.5899218,24387653
2001-08-24,17.32873535,17.49919123,17.27649821,17.48544384,20928018
2001-08-27,17.33698654,17.58992094,17.2160183,17.4854481,18360044
2001-08-28,17.20227051,17.4689508,17.16652876,17.26000514,14452184
2001-08-29,17.50744057,17.60916392,17.15003337,17.15553232,48566417
2001-08-30,17.54593277,17.67239997,17.32049168,17.44420941,27727662
2001-08-31,17.10879517,17.54043243,17.0208192,17.50744162,39395546
2001-09-03,17.19402122,17.3204884,17.10054631,17.10054631,16171687
2001-09-04,17.28474617,17.39746741,16.97132774,17.20501572,22366089
2001-09-05,17.10879517,17.37547547,17.03456512,17.21051852,11804371
2001-09-06,17.13353539,17.48544357,17.01806613,17.48544357,16967446
2001-09-07,16.91909218,17.24900454,16.82836529,17.24900454,20467497
2001-09-10,16.72389603,17.01257069,16.67440835,16.88060454,12647198
2001-09-11,16.77338028,16.8806011,16.66065903,16.79812264,14673580
2001-09-12,16.38023186,16.57818105,15.17879521,16.22077389,34785814
2001-09-13,15.96234226,16.66065972,15.8386231,16.49570279,20201511
2001-09-14,14.3677597,16.03932513,14.3677597,16.03932513,31589350
2001-09-17,14.44198608,14.59869604,13.25154592,13.87013583,100059643
2001-09-18,13.91962242,15.31351077,13.74641853,14.29627445,87037267
2001-09-19,13.57596207,14.37875229,13.36976592,14.29627383,54005126
2001-09-20,13.19106388,13.49898338,12.7456793,13.30103419,61146786
2001-09-21,11.91264534,12.86664654,11.87415559,12.84740167,73484375
2001-09-24,12.16008091,12.47349859,11.79992431,11.95938226,101903813
2001-09-25,11.36004066,12.59171944,11.19508373,12.37727631,99719112
2001-09-26,12.489995,12.49824344,11.54149272,11.54149272,91794116
2001-09-27,13.29004002,13.46049593,11.81917262,11.81917262,134391056
2001-09-28,14.54920769,14.6206897,13.11408169,13.41650367,145786541
2001-10-01,14.27153111,14.92861081,13.92787133,14.51621849,204260754
2001-10-02,14.27153111,14.27153111,14.27153111,14.27153111,0
2001-10-03,13.55946636,14.40074779,13.31203099,14.35126013,99945731
2001-10-04,13.71617413,14.06533427,13.39175927,13.69417977,149091469
2001-10-05,13.78216362,14.13132246,13.39451501,13.69143669,71438233
2001-10-08,13.87563515,14.07358287,13.22405442,13.30653288,103922801
2001-10-09,13.91687679,14.17530866,13.70243217,14.02134963,103584608
2001-10-10,14.19455051,14.50521947,13.85638825,13.85638825,90542542
2001-10-11,14.59319878,14.77465111,14.2962757,14.2962757,79497826
2001-10-12,14.68392754,15.00009553,14.57670522,14.68942649,87830406
2001-10-15,15.04407978,15.21453418,14.46123018,14.6041942,66342603
2001-10-16,15.04407978,15.22553209,14.9368575,15.11556032,45376787
2001-10-17,15.64617634,15.76439509,15.01109092,15.12106271,59714247
2001-10-18,15.17329502,15.42347986,15.07157169,15.37949116,42306432
2001-10-19,15.20353699,15.31350874,15.03858009,15.14855184,38912730
2001-10-22,15.00009441,15.58294268,14.84613391,15.21728704,42206273
2001-10-23,15.11556339,15.26677441,15.02483796,15.21453726,26546026
2001-10-24,14.62343693,15.28601394,14.54920545,15.28601394,47907075
2001-10-25,14.51072311,14.81864269,14.39250434,14.79115084,27738810
2001-10-26,14.51072311,14.51072311,14.51072311,14.51072311,0
2001-10-29,14.32102013,14.86812811,14.1368183,14.62619165,30511794
2001-10-30,13.88663197,14.16980763,13.80965246,14.07633272,34700611
2001-10-31,13.98835754,14.21105061,13.65019667,13.96636465,107369902
2001-11-01,14.33476353,14.4557332,14.03509248,14.13131686,54707587
2001-11-02,14.45848465,14.791148,14.2990252,14.32376903,44285269
2001-11-05,14.37875462,14.48322891,14.14506659,14.48322891,34339311
2001-11-06,14.43374348,14.68117893,14.22754727,14.57120713,33712838
2001-11-07,14.24678707,14.65368039,14.0928266,14.59869524,22285087
2001-11-08,14.33476353,14.43098937,13.84814122,14.24128863,41576201
2001-11-09,14.51896954,14.65093421,14.31277335,14.48872674,34613167
2001-11-12,14.63718605,14.81313941,14.47772809,14.5657055,27757758
2001-11-13,14.76090527,14.8186399,14.47772958,14.62619112,32125312
2001-11-14,15.02209091,15.10731741,14.90936963,14.95060887,12335502
2001-11-15,15.28877163,15.37949708,14.9561082,15.01109337,31320535
2001-11-16,15.28877163,15.28877163,15.28877163,15.28877163,0
2001-11-19,16.78437614,16.82011642,15.62142932,15.62142932,71040018
2001-11-20,16.00358391,17.10054949,15.83587893,17.04556285,44342547
2001-11-21,16.18778229,16.61941945,15.8083808,16.05581617,40602096
2001-11-22,16.05031967,16.40772686,15.9513458,16.22077557,31503531
2001-11-23,16.05031967,16.30325404,15.6571722,16.05581863,36048423
2001-11-26,16.41872406,16.58917996,16.17953707,16.25926607,36689979
2001-11-27,16.12179756,16.76512976,15.98983146,16.60567035,27767645
2001-11-28,15.97608662,16.17953328,15.68741056,16.12179865,32388329
2001-11-29,15.94309616,16.04481802,15.72590064,15.94584417,24401629
2001-11-30,15.94309616,15.94309616,15.94309616,15.94309616,0
2001-12-03,15.97059727,16.1493002,15.72590977,16.00633756,26789941
2001-12-04,16.41322517,16.5506888,16.00083284,16.05581799,34449596
2001-12-05,17.22701073,17.36447433,16.71564314,16.77887672,45707249
2001-12-06,17.04280663,17.84284876,16.83111301,17.59541341,48654406
2001-12-07,17.15553093,17.36447657,17.04555915,17.04555915,30398723
2001-12-10,17.32323837,17.59266814,17.1005468,17.1005468,20566620
2001-12-11,17.07030487,17.47719828,16.99332535,17.32048977,23066337
2001-12-12,17.10054779,17.58991968,16.99607496,17.21051811,25557637
2001-12-13,17.10054779,17.54043201,16.2565167,17.19677219,57676438
2001-12-14,17.0620575,17.15553241,16.78437929,17.10054725,18745655
2001-12-17,17.0620575,17.0620575,17.0620575,17.0620575,0
2001-12-18,16.99881744,17.29573895,16.6386609,17.04555415,21648727
2001-12-19,16.97407913,17.26000429,16.88060275,17.26000429,35696394
2001-12-20,17.0620575,17.15553241,16.63866722,16.96308215,24662041
2001-12-21,17.06480408,17.12803766,16.77063049,16.77063049,14107101
2001-12-24,17.08404732,17.17752369,16.77062889,16.8256155,13869867
2001-12-25,17.08404732,17.08404732,17.08404732,17.08404732,0
2001-12-26,16.86960411,17.21051438,16.68265138,17.04005998,9321039
2001-12-27,16.61942101,16.850361,16.39672944,16.77063055,35795461
2001-12-28,16.60017586,16.76513279,15.90185692,16.49570304,29663225
2001-12-31,16.83661461,16.98232519,16.41872187,16.71564492,16250994
2002-01-01,16.7706337,16.98507833,16.63866901,16.76513621,9645367
2002-01-02,16.69365501,16.82562118,16.5506924,16.71839885,9579602
2002-01-03,16.30050278,16.877852,16.23451971,16.77062971,22102484
2002-01-04,17.65315247,17.91158579,16.38573262,16.55068956,62707885
2002-01-07,17.59541321,18.17551183,17.44695171,17.5404266,42526568
2002-01-08,17.47719574,17.87034464,17.35347952,17.65315057,23035569
2002-01-09,18.05454636,18.44769379,17.38097128,17.59541586,87376887
2002-01-10,17.85110283,18.40095885,17.68339493,18.15077394,34331917
2002-01-11,17.9693222,18.42020436,17.48819726,17.98031865,42278396
2002-01-14,17.90883446,18.91507287,17.7191337,18.20025855,65636529
2002-01-15,17.74662399,18.08478625,17.61465935,17.86484419,23187797
2002-01-16,17.60916328,17.95282455,17.38097276,17.87584504,18179387
2002-01-17,17.52393532,17.7576248,17.35072995,17.43046041,27352232
2002-01-18,17.13353539,18.13977376,16.96307951,18.13977376,32497955
2002-01-21,17.17752647,17.35897882,17.10054696,17.21051727,14862513
2002-01-22,17.18852425,17.52943457,16.99332452,17.15553198,27447966
2002-01-23,17.30124283,17.42496052,17.08679823,17.15553078,16462461
2002-01-24,17.2407589,17.43045966,17.12803764,17.34798119,11791529
2002-01-25,17.3094883,17.32048474,17.15552784,17.31773526,8558065
2002-01-28,17.29024887,17.81536105,17.19127352,17.37547536,32907556
2002-01-29,17.40846443,17.51018777,17.26000291,17.37547217,21020125
2002-01-30,17.26825142,17.4854455,17.00157114,17.31499108,19921605
2002-01-31,16.50119972,17.65040067,16.36373611,17.65040067,94887745
2002-02-01,16.53144073,16.79262348,16.39122766,16.53144073,62540337
2002-02-04,16.64966202,16.8531087,16.31149973,16.8531087,26850286
2002-02-05,16.16028976,16.60567287,16.0613159,16.38573079,45867165
2002-02-06,16.03931999,16.35823736,15.9650885,16.2207723,61498409
2002-02-07,16.93283653,17.47994437,16.05306541,16.05581489,113657573
2002-02-08,17.11154366,17.292996,16.8366164,16.9355888,59848718
2002-02-11,16.96858025,17.43046025,16.88610178,17.26550332,34021971
2002-02-12,17.00156784,17.2929919,16.91909086,17.04555654,40477289
2002-02-13,17.04556084,17.21051778,17.0043216,17.04556084,47407776
2002-02-14,17.1307888,17.39747057,17.05105981,17.177527,28104451
2002-02-15,17.35347939,17.5844179,17.10879201,17.21051535,69678425
2002-02-18,17.5266819,17.69438829,17.39196778,17.48544267,49775515
2002-02-19,17.64215469,17.76037343,17.51293804,17.60641295,40018084
2002-02-20,17.43321037,17.51018989,17.21876576,17.45795274,25876728
2002-02-21,17.28749275,17.65039882,17.18302142,17.50743627,19779727
2002-02-22,17.31498909,17.33973145,17.18852192,17.21051481,11669172
2002-02-25,17.30399323,17.41671448,17.21051684,17.33148507,12099948
2002-02-26,17.6696434,17.81535543,17.35347699,17.45245084,40451157
2002-02-27,17.91157913,18.15901445,17.49918693,17.81535331,101030821
2002-02-28,16.92734528,18.10953743,16.77338621,17.9693243,83680802
2002-03-01,17.72188377,17.85384844,16.78437787,16.93558741,63239227
2002-03-04,17.24625587,18.6951278,17.15552899,18.36521398,158828803
2002-03-05,17.25175476,17.56242224,17.1610264,17.54042788,61248668
2002-03-06,16.91634178,17.67789428,16.84761071,16.93558666,46666285
2002-03-07,17.11704063,17.17752474,16.86135681,17.04555861,30686653
2002-03-08,16.8778553,17.29299716,16.80637474,17.15003457,25543031
2002-03-11,16.41047287,17.01531535,16.33349337,17.01531535,55717669
2002-03-12,16.06956291,16.46545982,16.02832368,16.4352185,36594497
2002-03-13,16.14654541,16.41872468,16.05581997,16.11080513,38789212
2002-03-14,16.35824013,16.40772633,16.18228528,16.33349629,22150267
2002-03-15,16.93833542,17.01531491,16.39947454,16.39947454,58963177
2002-03-18,16.86410713,17.19951995,16.77612971,17.08404922,28846110
2002-03-19,16.47370911,16.9190937,16.39947761,16.88060248,22878230
2002-03-20,16.70190048,16.7623846,16.41322584,16.55068946,33074349
2002-03-21,16.69090271,16.75138682,16.55618856,16.60567476,16132181
2002-03-22,16.70465088,16.74863959,16.33624575,16.49020626,26800906
2002-03-25,16.70465088,16.70465088,16.70465088,16.70465088,0
2002-03-26,16.49569893,16.63316251,16.42971588,16.62766356,17638257
2002-03-27,16.50119972,16.68265204,16.21252511,16.6551602,32848472
2002-03-28,16.5121994,16.67440686,16.36098839,16.55068916,42148435
2002-03-29,16.5121994,16.5121994,16.5121994,16.5121994,0
2002-04-01,16.61392403,16.95208636,16.45721551,16.58643071,35258574
2002-04-02,16.69090271,16.72939394,16.52319629,16.52319629,21033737
2002-04-03,16.43796539,16.68540223,16.36098589,16.68540223,14761709
2002-04-04,16.78987312,17.5899153,16.52319289,16.52319289,138320973
2002-04-05,16.80912399,17.10054963,16.77063423,16.83936679,46535736
2002-04-08,16.66065788,16.94658299,16.60842075,16.89434732,24111052
2002-04-09,16.50395012,16.72389367,16.45171444,16.68815192,19790832
2002-04-10,16.28950691,16.61667129,16.18778357,16.49570307,37386600
2002-04-11,16.30600166,16.52044625,16.23726912,16.39397908,11311359
2002-04-12,16.39947319,16.48470111,16.25101317,16.3224937,14316453
2002-04-15,16.19053268,16.48745576,16.13004857,16.38573241,9075948
2002-04-16,15.89360905,16.24001828,15.80013268,16.16578679,21118198
2002-04-17,15.94859886,16.07781554,15.87161934,16.04757275,13138234
2002-04-18,16.07506561,16.26201693,16.00083557,16.05582073,27042174
2002-04-19,15.6544199,16.44071617,15.51970577,16.08605705,26920238
2002-04-22,15.79463577,15.91560547,15.40973674,15.67091807,24606472
2002-04-23,16.01182556,16.19877681,15.73414744,15.84686867,51300609
2002-04-24,15.92660141,17.58441919,15.89086113,16.11080322,16814924
2002-04-25,15.78088474,15.99532928,15.6819109,15.97333493,23665824
2002-04-26,15.8633709,15.99533706,15.70391289,15.80838573,15820877
2002-04-29,15.13755703,15.89086115,14.99184497,15.89086115,66095201
2002-04-30,15.30526161,15.37949164,15.04133084,15.12105982,23646232
2002-05-01,15.30526161,15.30526161,15.30526161,15.30526161,0
2002-05-02,15.63518047,15.72590592,15.47847194,15.61318611,18346250
2002-05-03,15.82762623,15.94309695,15.65442087,15.67091627,24265829
2002-05-06,15.9293499,16.00083192,15.81663012,15.838623,19012565
2002-05-07,16.11905098,16.18228457,15.78913712,15.89086047,16862118
2002-05-08,15.94309616,16.2427672,15.86886467,16.16578623,24711295
2002-05-09,16.02557564,16.20702944,15.90460741,16.08331027,16979041
2002-05-10,15.83862305,16.07231251,15.6764156,16.03382276,18418596
2002-05-13,15.72590637,15.94584998,15.68741661,15.94584998,11945493
2002-05-14,15.59943581,15.88536094,15.56094605,15.82487683,12623769
2002-05-15,15.55545235,15.78089345,15.40699077,15.65442624,15197303
2002-05-16,15.28051567,15.6324238,15.1293047,15.61592841,18686347
2002-05-17,15.43997478,15.80562883,15.15404824,15.34099948,40395769
2002-05-20,15.1870451,15.93485028,14.98359693,15.92935132,34081238
2002-05-21,14.41999626,15.0303364,13.66944154,14.98909716,79381407
2002-05-22,14.22754478,14.43374096,14.02134861,14.37600632,29677090
2002-05-23,13.9691124,14.28528037,13.78491057,14.1863065,28533504
2002-05-24,14.87912846,15.06607832,14.3127755,14.3127755,44689282
2002-05-27,14.81039524,15.10456888,14.57670572,15.10456888,25100939
2002-05-28,14.29627323,14.72516237,14.19180189,14.72516237,33161820
2002-05-29,14.58770084,15.12106292,14.14506715,15.12106292,24699489
2002-05-30,14.37600422,14.82688626,14.31551865,14.31551865,30406943
2002-05-31,14.48872471,14.62618979,14.059837,14.45573391,30189483
2002-06-03,14.86538029,14.95335773,14.4172476,14.71141977,37182360
2002-06-04,15.01108742,15.11556022,14.7416577,14.87362382,29704678
2002-06-05,15.08807087,15.25852678,14.95610619,15.01109135,26497907
2002-06-06,15.13480473,15.23103057,14.8681245,15.12105881,25395900
2002-06-07,15.10731506,15.17329813,14.91486628,15.06607583,22927609
2002-06-10,15.61043358,15.67091769,15.236531,15.236531,26647796
2002-06-11,15.90185642,16.02282464,15.76164333,15.83587483,31196526
2002-06-12,15.74239922,15.86061796,15.6379264,15.86061796,15428095
2002-06-13,15.64617634,15.8881128,15.61593355,15.78089049,11627649
2002-06-14,15.4977169,15.61593567,15.36300126,15.61043672,18098386
2002-06-17,15.66542244,15.7204076,15.53345628,15.7204076,11055527
2002-06-18,15.58019257,15.89086157,15.52245793,15.72590316,11623742
2002-06-19,15.76164532,15.87986554,15.33825652,15.56094809,34474440
2002-06-20,15.75614548,15.85237133,15.58294158,15.77539035,17168227
2002-06-21,15.61043358,15.78088947,15.50321275,15.78088947,11569671
2002-06-24,15.60493374,15.6709168,15.45922316,15.6709168,10577837
2002-06-25,15.00009441,15.48396881,14.73616213,15.23103443,142002298
2002-06-26,14.68392754,14.92311601,14.57120626,14.84613502,43979035
2002-06-27,14.94235516,15.02758161,14.62893529,14.81863602,40186683
2002-06-28,14.81314278,14.95610684,14.71141942,14.95610684,25290083
2002-07-01,14.93960857,15.06607576,14.76640467,14.84888314,12190220
2002-07-02,14.68667316,14.95335491,14.6454354,14.90661672,13464775
2002-07-03,14.74441051,15.01109081,14.63168925,14.68117692,33192882
2002-07-04,14.68117332,14.89836737,14.65368002,14.79114508,14491018
2002-07-05,14.47772694,14.78014744,14.41999231,14.73615874,29980061
2002-07-08,14.947855,15.05507729,14.29627428,14.29627428,64437136
2002-07-09,15.22553253,15.31900743,14.85163,14.95885229,51260501
2002-07-10,15.25027657,15.33825398,15.06607331,15.06607331,38031783
2002-07-11,14.60694695,15.20903862,14.5547098,15.17604782,35976076
2002-07-12,14.58770084,14.8103939,14.53546516,14.76365571,21813909
2002-07-15,14.61793995,14.68117353,14.2962731,14.68117353,14793471
2002-07-16,14.18080807,14.69767329,14.08183419,14.62619273,31603760
2002-07-17,13.96086502,14.21379793,13.84539428,14.14506684,52119237
2002-07-18,14.26053429,14.31827038,13.97460915,14.02134733,24984143
2002-07-19,14.28528023,14.42549334,14.07633456,14.07633456,31751913
2002-07-22,14.12032413,14.18080825,13.96636509,14.13132058,19612164
2002-07-23,14.11757278,14.2852792,13.89488121,13.99935404,32536594
2002-07-24,13.83164692,14.1258205,13.75191793,14.10382614,30787149
2002-07-25,13.84539127,14.27702842,13.7491669,14.02134609,84576776
2002-07-26,13.4934864,13.85089362,13.41100793,13.85089362,40847663
2002-07-29,13.62269974,13.7766602,13.13057702,13.44674492,60666477
2002-07-30,13.57046413,13.90037799,13.48798714,13.82339848,43537882
2002-07-31,13.43575001,13.62270129,13.25429768,13.46874081,47786651
2002-08-01,13.47424126,13.69143388,13.34777407,13.55397025,27319742
2002-08-02,13.35326862,13.4439955,13.14432303,13.3120294,27827682
2002-08-05,13.41375637,13.5044818,13.29553616,13.471491,30377086
2002-08-06,13.28178883,13.41375495,13.22955315,13.36151928,23542179
2002-08-07,13.26529598,13.57321553,13.18006803,13.41650701,34574487
2002-08-08,12.81991005,13.34502211,12.72093473,13.29278644,51285484
2002-08-09,12.90238857,12.95737372,12.62471041,12.87214579,47182515
2002-08-12,13.24879932,13.37801451,12.88314518,13.07284448,62182944
2002-08-13,13.33677673,13.41650572,13.26804419,13.33402726,21763829
2002-08-14,13.11683369,13.38901293,13.09483933,13.31203342,33857699
2002-08-15,13.11683369,13.11683369,13.11683369,13.11683369,0
2002-08-16,13.35052204,13.41100615,13.21305696,13.25154671,27666323
2002-08-19,13.48523808,13.56496854,13.42200448,13.42200448,28777811
2002-08-20,13.68593311,13.77390905,13.4934829,13.553967,45786682
2002-08-21,13.48248863,13.80415406,13.46049428,13.69418229,27886990
2002-08-22,13.6171999,13.71342573,13.52647448,13.58145963,25102704
2002-08-23,13.7326746,13.77116436,13.55946922,13.74092156,19770288
2002-08-26,13.79865646,13.90037982,13.70243207,13.74917026,23081504
2002-08-27,13.55946636,14.29627351,13.52647557,14.29627351,18730054
2002-08-28,13.5099802,13.58146222,13.42750174,13.49898376,13400495
2002-08-29,13.72442341,13.74641776,13.44949473,13.47148908,28821799
2002-08-30,14.04883957,14.09832724,13.6914324,13.78490878,47353033
2002-09-02,14.5849514,14.73616094,14.2962753,14.2962753,57789944
2002-09-03,14.53271484,14.67567743,14.35676146,14.64818411,30057968
2002-09-04,14.80764389,14.8983708,14.35126282,14.40624798,69110182
2002-09-05,14.62343693,14.8928666,14.5711998,14.84612843,29739969
2002-09-06,14.60694695,14.7581565,14.4749808,14.62619182,35214586
2002-09-09,14.34850883,14.62618695,14.17255403,14.56570286,34598449
2002-09-10,14.34850883,14.34850883,14.34850883,14.34850883,0
2002-09-11,14.15331364,14.41174696,14.10382744,14.35126285,28936173
2002-09-12,14.32376766,14.49697302,14.15881074,14.17530614,39028575
2002-09-13,14.241292,14.56845643,14.16980997,14.35951076,51848098
2002-09-16,14.18905067,14.36225601,14.13131605,14.29627296,29624055
2002-09-17,14.38425159,14.45848309,14.2000498,14.2000498,18710406
2002-09-18,14.22204399,14.39524934,14.18630372,14.29627402,17194639
2002-09-19,14.19180107,14.26603109,14.04883705,14.26603109,21151150
2002-09-20,14.04883957,14.15331239,13.91412543,14.02134773,24616387
2002-09-23,14.29627323,14.40349552,14.02134603,14.13131632,25511899
2002-09-24,14.04883957,14.36775698,13.9828565,14.24128981,33851622
2002-09-25,14.04059315,14.07358395,13.85638987,13.9718606,16970345
2002-09-26,14.05983829,14.13681781,14.00760115,14.13131885,8181500
2002-09-27,14.18355656,14.26878451,13.95536602,14.06258833,26125096
2002-09-30,14.18905067,14.29627296,14.13681501,14.14506344,31576774
2002-10-01,13.74641705,14.15880931,13.69417991,14.08182981,29068668
2002-10-02,13.74641705,13.74641705,13.74641705,13.74641705,0
2002-10-03,13.31203175,13.71892509,13.22405433,13.69143178,68501677
2002-10-04,12.984869,13.29828749,12.92438342,13.25704678,55472424
2002-10-07,13.20480919,13.28728765,12.89963772,12.92163354,28380996
2002-10-08,13.32577801,13.40550699,13.18556491,13.23230163,18650971
2002-10-09,13.10858345,13.38351064,13.07009223,13.34777037,20233315
2002-10-10,13.02610683,13.16357193,12.9353814,13.03160579,20938059
2002-10-11,13.17456722,13.80140414,13.09208876,13.80140414,18031444
2002-10-14,13.31753254,13.38351414,13.19656284,13.251548,14663623
2002-10-15,13.31753254,13.31753254,13.31753254,13.31753254,0
2002-10-16,13.42750168,13.59520809,13.35052217,13.38901192,27546599
2002-10-17,13.39726067,13.46049425,13.28728889,13.38901223,16907675
2002-10-18,13.35602093,13.60070684,13.28178943,13.45499479,19903470
2002-10-21,13.31478024,13.42750149,13.26254456,13.41650504,11103912
2002-10-22,13.19381237,13.37801418,13.14432617,13.36701774,15611777
2002-10-23,13.43507004,13.54040948,13.40375217,13.54040948,19106437
2002-10-24,13.09058285,13.49485888,13.0450304,13.38097929,40213040
2002-10-25,12.70054436,13.14752572,12.61513389,13.06780969,66184858
2002-10-28,12.51548481,12.7887987,12.41583979,12.68630647,40337021
2002-10-29,13.12759495,13.23862885,12.76032967,12.84004721,79943964
2002-10-30,13.34681416,13.43222461,13.24432192,13.24432192,53997354
2002-10-31,15.11766052,15.33972681,13.49770748,13.49770748,509674504
2002-11-01,14.67636967,15.24292643,14.33472788,15.13473977,317726453
2002-11-04,14.98954487,15.04933189,14.82157117,14.97815752,72357384
2002-11-05,14.87281418,15.08918751,14.78740373,15.08918751,71797712
2002-11-06,14.87281418,14.87281418,14.87281418,14.87281418,0
2002-11-07,14.78455544,15.45075717,14.66782864,15.00377597,125825680
2002-11-08,14.69060421,14.92690652,14.46284355,14.46284355,95745571
2002-11-11,14.57672787,14.7133837,14.49416462,14.69060899,40732533
2002-11-12,14.85003757,14.90128445,14.44291436,14.46284488,78121220
2002-11-13,14.9667635,15.35965209,14.8272605,15.35965209,114265630
2002-11-14,15.08349323,15.12904415,14.93260136,15.00377571,70839937
2002-11-15,15.27139854,15.34542013,15.151823,15.20876279,68736475
2002-11-18,15.47922993,15.76108472,15.20876248,15.26000936,92854473
2002-11-19,15.47922993,15.47922993,15.47922993,15.47922993,0
2002-11-20,15.57033443,15.82371857,15.43082989,15.51624034,104343003
2002-11-21,15.64150906,15.77247194,15.56179153,15.67282541,60963594
2002-11-22,16.24792671,16.42159333,15.7440041,15.7440041,189851549
2002-11-25,16.31624985,16.60949346,16.04293675,16.19952154,132548622
2002-11-26,16.64935303,16.84295014,16.48707227,16.49561392,193997106
2002-11-27,16.3589592,16.68067203,16.29347774,16.59810879,98332241
2002-11-28,16.55824852,16.68066976,16.46429794,16.51269608,99033736
2002-11-29,16.39312172,16.78316316,16.15681939,16.65504597,111038342
2002-12-02,16.77177429,16.91981896,16.39881616,16.5070013,82730519
2002-12-03,16.58956718,17.18174591,16.48422773,16.96537256,109562264
2002-12-04,16.65504837,16.76038783,16.33048833,16.68351903,128405068
2002-12-05,16.763237,16.96252706,16.65504879,16.78031727,91548576
2002-12-06,16.86288071,17.02516148,16.68636536,16.80309369,51392478
2002-12-09,16.68066788,17.3240949,16.58387009,17.02515837,114266106
2002-12-10,16.70344353,16.7546904,16.40450701,16.56394053,64414715
2002-12-11,16.66358757,16.90558434,16.54686077,16.79170324,58044992
2002-12-12,16.73191643,16.77177443,16.52123753,16.68351677,56106320
2002-12-13,16.90843391,17.00807894,16.39881839,16.39881839,53087418
2002-12-16,16.83725548,17.19597904,16.79739747,17.19597904,93511658
2002-12-17,16.74615097,16.95682987,16.62942417,16.87141942,69258811
2002-12-18,16.50700569,16.84864908,16.43583132,16.77177875,49761007
2002-12-19,16.46144676,16.53546985,16.27639133,16.4842245,54218315
2002-12-20,16.55824852,16.67497532,16.45575629,16.45575629,51132080
2002-12-23,16.49276733,16.62657744,16.43013311,16.62373022,35336537
2002-12-24,16.60095024,16.64080824,16.06855867,16.46998738,51955287
2002-12-25,16.60095024,16.60095024,16.60095024,16.60095024,0
2002-12-26,17.110569,17.23583745,16.65504611,16.6692822,153328642
2002-12-27,17.01946449,17.44651669,16.92266518,17.22444894,144942117
2002-12-30,16.93975258,17.03370317,16.74615391,16.9112804,58407328
2002-12-31,16.96537399,17.07640789,16.91412863,17.07640789,53121742
2003-01-01,16.95682907,17.16750948,16.91697107,17.12765148,47412411
2003-01-02,16.71198845,17.01661946,16.66074157,17.01661946,40149278
2003-01-03,16.39596558,16.81732484,16.34756744,16.80309028,72746595
2003-01-06,16.21660614,16.42443781,16.17959383,16.3788869,48579301
2003-01-07,16.23084068,16.37603813,16.18813546,16.28778199,37957980
2003-01-08,16.45290565,16.56393952,16.23653236,16.24792123,35951905
2003-01-09,16.87427139,16.96252755,16.52693359,16.54116968,79905158
2003-01-10,16.91412735,17.02516124,16.62657812,17.01377237,61297754
2003-01-13,16.81163406,16.92836239,16.76892884,16.91127909,36967854
2003-01-14,16.76892662,16.79739728,16.59810573,16.67782326,40219496
2003-01-15,16.55824852,16.71198763,16.3646514,16.62657718,55546606
2003-01-16,16.59525681,16.68066724,16.41874302,16.55824602,34454833
2003-01-17,16.64651108,16.72622711,16.54686603,16.65505121,26453471
2003-01-20,16.50415421,16.7376093,16.44151846,16.65789178,20736760
2003-01-21,16.63227463,16.68351999,16.39881946,16.51269907,26085071
2003-01-22,16.85718155,16.93974628,16.5867157,16.65504282,54271252
2003-01-23,16.66643524,17.08210013,16.60380101,16.91127771,45986007
2003-01-24,16.09418869,16.70629651,16.01447266,16.70629651,57131232
2003-01-27,15.56464005,16.22230173,15.39666636,16.07140983,68346732
2003-01-28,15.86642265,15.92620966,15.33403099,15.393818,73657273
2003-01-29,15.55325127,17.65150154,15.45075752,17.65150154,43454178
2003-01-30,15.28278637,15.70983865,15.18314134,15.55325383,72634279
2003-01-31,15.66143894,15.91482307,14.99238993,15.20306883,172248779
2003-02-03,16.02016068,16.08564211,15.74684758,16.05717146,57143318
2003-02-04,16.02301025,16.30486504,15.95752881,16.1824438,62720447
2003-02-05,16.08849335,16.17105659,15.80948575,15.92621256,47109930
2003-02-06,16.23084068,16.27639312,16.06286701,16.11411389,41533991
2003-02-07,15.98600101,16.33048855,15.79524957,16.25646696,55241688
2003-02-10,16.0372448,16.10842068,15.8863529,15.98315222,40877745
2003-02-11,16.08279419,16.16251019,15.96037297,16.06855962,34483696
2003-02-12,16.01162148,16.1084208,15.86072958,16.03155048,36870328
2003-02-13,16.01162148,16.01162148,16.01162148,16.01162148,0
2003-02-14,16.17674828,16.22230072,15.95468051,16.04009096,51934645
2003-02-17,16.61519051,16.65504852,16.350419,16.36465357,44307312
2003-02-18,16.49276733,16.72906968,16.4443692,16.68351723,32597597
2003-02-19,16.5326252,16.67497544,16.47283819,16.5724832,26041994
2003-02-20,16.4500618,16.5639429,16.34472235,16.51269602,21668977
2003-02-21,16.79170609,16.84864741,16.45575868,16.46430034,63267726
2003-02-24,17.23583794,17.29562647,16.91981958,16.91981958,133025346
2003-02-25,16.82871246,17.17035418,16.78316003,17.08209653,69502586
2003-02-26,16.66074181,16.96252561,16.59810758,16.89134972,55005461
2003-02-27,16.82017708,16.91128045,16.52978212,16.58672192,59556978
2003-02-28,16.78316116,17.24152969,16.65789121,16.9112753,103736766
2003-03-03,16.84295082,17.15042904,16.69775336,16.79739838,91988609
2003-03-04,16.63796425,16.8970428,16.56963711,16.74615091,37515217
2003-03-05,16.45290565,16.56393952,16.12265128,16.54401052,80031001
2003-03-06,16.24792671,16.4329822,16.18529096,16.40166432,34455800
2003-03-07,16.0002346,16.10842128,15.8294137,15.8294137,47100939
2003-03-10,15.7696228,16.0343973,15.63296701,15.99453777,55878146
2003-03-11,16.23653221,16.36464785,15.60734134,15.65858821,57681003
2003-03-12,15.84649086,16.27639022,15.74684587,16.22799057,35543046
2003-03-13,15.82657051,15.99454424,15.68137301,15.82941773,50097000
2003-03-14,15.82657051,15.82657051,15.82657051,15.82657051,0
2003-03-17,15.9176712,15.99454,15.6728272,15.82941353,56266796
2003-03-18,15.9176712,15.9176712,15.9176712,15.9176712,0
2003-03-19,16.23084068,16.26785299,16.03154914,16.05717258,49358268
2003-03-20,16.70344353,16.84864248,15.94329127,15.94329127,71416106
2003-03-21,16.71198845,16.79455168,16.24507666,16.60380178,57333596
2003-03-24,16.10557175,16.67782292,16.03154865,16.67782292,55710051
2003-03-25,16.26785278,16.32479257,15.78101204,15.88635149,49120571
2003-03-26,16.19952202,16.4073552,16.09133688,16.31340463,39091133
2003-03-27,15.97176075,16.15112327,15.89773918,16.10841806,35038397
2003-03-28,16.25362015,16.30771425,15.95183632,15.99454155,42733749
2003-03-31,15.83510494,16.10272515,15.69275471,16.00592735,47005639
2003-04-01,16.00308037,16.09987816,15.71553116,15.71553116,37292645
2003-04-02,16.07425499,16.28493235,16.0002319,16.08848956,35008078
2003-04-03,16.256464,16.34187445,16.06001968,16.11411377,31214340
2003-04-04,16.70914268,16.74615348,16.29347774,16.29347774,68828778
2003-04-07,17.09063911,17.19597856,16.797397,16.81163157,69034657
2003-04-08,16.86288071,17.01377261,16.7689286,16.96822016,42376062
2003-04-09,16.41874504,16.79170317,16.37034538,16.69205816,44544841
2003-04-10,16.24222565,16.42728106,16.06286315,16.3931175,40775373
2003-04-11,16.67497253,16.74045397,16.08564116,16.30770889,48412956
2003-04-15,16.07425499,16.69490428,15.61019049,16.68351541,81870746
2003-04-16,16.15966415,16.24792333,15.96606705,16.2222999,42340057
2003-04-17,15.83795261,16.15966385,15.72407152,16.15966385,43485772
2003-04-18,15.83795261,15.83795261,15.83795261,15.83795261,0
2003-04-21,15.90343475,16.05717233,15.77247187,15.94329276,30275806
2003-04-22,15.79525375,15.87497132,15.58742199,15.86642966,54292231
2003-04-23,15.44221687,16.19667626,15.35965365,16.0287026,221434793
2003-04-24,15.59026051,15.77247024,15.47068499,15.54470807,91042471
2003-04-25,15.27139854,15.63581658,15.20306988,15.4877719,77478908
2003-04-28,15.49915981,15.58457027,15.07495475,15.26001023,68354743
2003-04-29,15.5361681,15.59310941,15.41659409,15.54470975,44208217
2003-04-30,15.62726784,15.68705634,15.4336708,15.53047008,34076588
2003-05-01,15.62726784,15.62726784,15.62726784,15.62726784,0
2003-05-02,15.57033443,15.65289767,15.4479132,15.63581588,32469961
2003-05-05,15.40520573,15.71553116,15.34541872,15.65859137,38689864
2003-05-06,15.36819172,15.52477801,15.25431064,15.37388615,43159791
2003-05-07,15.12050343,15.30271164,15.08918556,15.16890156,41165255
2003-05-08,14.77886295,15.1432825,14.6906068,15.08918841,73358559
2003-05-09,14.86427212,15.00377512,14.64220438,14.64220438,42949991
2003-05-12,14.85003757,14.97530602,14.70484012,14.91836623,29654949
2003-05-13,14.90413189,14.96676611,14.79025079,14.91267354,23843344
2003-05-14,15.17460442,15.21446244,14.90413839,14.90413839,39668478
2003-05-15,15.22300053,15.28278755,15.09488483,15.18314251,27808776
2003-05-16,15.29702091,15.36250236,15.19737438,15.31694992,30535756
2003-05-19,15.32264423,15.43937103,15.23153935,15.3197955,35908071
2003-05-20,15.49346733,15.53332534,15.0607206,15.0607206,41338854
2003-05-21,15.4763813,15.5902624,15.33403107,15.52762818,36113543
2003-05-22,15.63582039,15.66998397,15.34542386,15.40805963,42077642
2003-05-23,15.88985443,15.98686826,15.82223797,15.93395048,21376271
2003-05-26,16.43078232,16.52191761,15.81635571,15.87515201,42413692
2003-05-27,16.48957825,16.72182494,16.36316394,16.4102016,54396662
2003-05-28,16.93349266,17.00992768,16.52191393,16.52191393,71745714
2003-05-29,17.26275444,17.33918946,16.84529719,17.02168762,60641367
2003-05-30,17.55674171,17.75665102,17.2274796,17.2862759,88124611
2003-06-02,17.31861115,17.66257344,17.24805466,17.58025832,36886055
2003-06-03,17.17750168,17.34507357,17.12458548,17.19220193,18522495
2003-06-04,17.67727089,17.79780351,17.1686784,17.2010158,64238469
2003-06-05,18.37401962,18.50925253,17.90952459,17.93304186,140731145
2003-06-06,18.43281746,18.62978674,18.2681856,18.52101271,77948350
2003-06-09,18.0859127,18.78265437,17.97419707,18.78265437,60458441
2003-06-10,17.84778404,18.44751346,17.74195009,18.00359728,70590574
2003-06-11,18.09473228,18.15646863,17.81838639,17.81838639,49155694
2003-06-12,18.10943031,18.27994224,18.05651412,18.1476494,37202694
2003-06-13,18.40047646,18.48573006,18.2064457,18.2123258,72191082
2003-06-16,18.06533241,18.63860134,18.0094746,18.52982734,108127036
2003-06-17,18.879673,18.98550698,18.15059223,18.21232858,128219790
2003-06-18,18.69739914,18.9766835,18.62096254,18.9766835,73870841
2003-06-19,19.10309792,19.16777431,17.70667296,17.70667296,100688903
2003-06-20,19.72340584,19.85863874,18.93258879,18.93258879,196668208
2003-06-23,19.12367821,19.66460982,19.05606176,19.66460982,62150902
2003-06-24,18.8355751,19.30007015,18.75619844,19.12367966,91338804
2003-06-25,19.10015488,19.34416174,18.9325846,18.9325846,81563686
2003-06-26,19.11779976,19.51467835,19.00608568,19.16777748,103622672
2003-06-27,19.09428024,19.28536939,18.90612958,19.20599274,65064967
2003-06-30,19.10309792,19.41472126,18.96786502,19.10897802,78672602
2003-07-01,19.1560154,19.30888702,19.00608226,19.17071408,82959281
2003-07-02,19.31476593,19.63814948,19.16777441,19.27654842,106131604
2003-07-03,19.44705963,19.72340553,19.24421185,19.38826333,115325848
2003-07-04,19.5764122,19.83217931,19.46175966,19.5822923,83165944
2003-07-07,19.32946777,19.84393893,19.26185132,19.6381511,57341354
2003-07-08,19.18247986,19.4617643,19.0884045,19.35005021,49463749
2003-07-09,19.20599556,19.40296483,19.00608623,19.40296483,42943059
2003-07-10,19.64403152,19.73222834,19.20599536,19.33828822,59663355
2003-07-11,19.44412041,19.84393742,19.38238249,19.6381496,57970502
2003-07-14,19.97623253,20.02032857,19.57935399,19.57935399,91666830
2003-07-15,19.85276031,20.27903784,19.67930988,20.04972958,84122767
2003-07-16,20.21142197,20.36723367,19.69694919,19.79984469,78125562
2003-07-17,19.92037582,20.39663104,19.75574555,20.28491697,80737902
2003-07-18,19.94683456,20.5788999,19.63815124,19.8997969,78313837
2003-07-21,19.73810577,20.0791281,19.64403043,20.06148936,65664832
2003-07-22,19.64109039,19.74692436,19.3647445,19.74692436,73585039
2003-07-23,19.39120293,19.78514141,19.25008993,19.75574405,62402827
2003-07-24,20.09676933,20.34371635,19.35004976,19.46764238,78868454
2003-07-25,20.55538177,20.63769691,20.12616425,20.28491598,113136735
2003-07-28,20.29667473,20.83466628,20.19672086,20.61123814,67780254
2003-07-29,20.44072914,20.52010423,20.10264687,20.17026332,71057439
2003-07-30,20.49658394,20.78762852,19.40296211,20.22611971,68998595
2003-07-31,21.04339027,21.27563852,20.40250493,20.63769322,224892341
2003-08-01,20.87582397,21.14922983,20.79056879,21.14922983,74671095
2003-08-04,20.86700821,21.0316385,20.72589519,20.7846915,51695702
2003-08-05,20.45836639,21.40205664,20.2643372,20.90816271,113417159
2003-08-06,20.6141758,20.95519649,20.20259704,20.20259704,121809328
2003-08-07,20.90522385,20.99047903,20.49952513,20.76411084,78509311
2003-08-08,21.36089706,21.42851351,20.99047741,21.16098934,100474328
2003-08-11,21.24330711,21.46085517,21.07867526,21.07867526,65362813
2003-08-12,20.97871971,22.86021857,20.90522316,22.86021857,53918173
2003-08-13,21.22272491,21.74895623,20.9169801,21.74895623,63463283
2003-08-14,21.08455658,21.48731372,20.99930138,21.28446591,67262847
2003-08-15,21.08455658,21.08455658,21.08455658,21.08455658,0
2003-08-18,21.24036407,21.42851316,20.87288291,21.10807123,78071589
2003-08-19,21.70191765,21.84009058,21.20508372,21.32267787,82301606
2003-08-20,21.69016075,22.03118307,21.61078567,21.87243133,49097940
2003-08-21,21.81951332,22.04882155,21.70485921,22.04882155,59203324
2003-08-22,22.44276047,22.62209098,21.87242994,21.94298644,116788342
2003-08-25,22.26049042,24.97102539,21.58432591,22.69558805,132404097
2003-08-26,22.96899414,23.04836923,22.23109323,22.34280731,112114301
2003-08-27,23.15420151,23.34529064,22.93077339,22.93077339,73505914
2003-08-28,23.14831734,23.37174542,22.84257414,23.16889612,70642923
2003-08-29,23.55990028,23.79802867,23.1512631,23.45994642,92274019
2003-09-01,24.11847115,24.36541969,23.41584931,23.41584931,84452781
2003-09-02,24.61236572,24.7887562,24.20372852,24.40069778,135259343
2003-09-03,23.98617554,24.630001,23.87446305,24.4683108,77420832
2003-09-04,24.06555367,24.28310169,23.8186067,23.92444067,88695220
2003-09-05,24.68586349,24.77111869,24.17139072,24.17139072,81359053
2003-09-08,25.61191177,25.72068579,24.81815464,24.81815464,109846273
2003-09-09,25.65307236,26.01173345,25.40612535,25.70305008,123502517
2003-09-10,25.55605316,25.60309083,25.31792479,25.57663194,71159685
2003-09-11,25.206213,25.82357961,24.9886634,24.9886634,96604041
2003-09-12,24.64470482,25.49431979,24.45949419,25.1650561,85145047
2003-09-15,23.78627205,24.68292315,23.6157601,24.63588548,121887277
2003-09-16,24.11553383,24.20666755,23.14244456,23.87152532,136987095
2003-09-17,23.92443848,24.57708407,23.64515413,24.57708407,100901406
2003-09-18,23.24533463,24.04791175,23.08658292,24.04791175,122191943
2003-09-19,23.75687218,23.98030032,23.04836865,23.22770075,153707700
2003-09-22,23.69807243,24.21842524,23.52462202,24.21842524,74664260
2003-09-23,24.2566433,24.45361254,23.3864496,23.5275626,70971760
2003-09-24,25.22385025,25.35320462,24.23900403,24.50064967,118908427
2003-09-25,24.58884811,25.42964454,24.4594953,25.16505724,140227855
2003-09-26,25.0650959,25.13271234,24.5182843,24.74171396,101622465
2003-09-29,25.5354805,29.98640369,25.15036051,29.98640369,68963038
2003-09-30,26.09404564,26.18517935,25.57663288,25.65012943,109159721
2003-10-01,25.6177845,26.18517327,25.46197286,25.92940779,64365531
2003-10-02,25.6177845,25.6177845,25.6177845,25.6177845,0
2003-10-03,26.37332916,26.45858434,25.75302251,25.81181881,92937113
2003-10-06,26.89956093,27.03479382,24.8416717,26.37038955,68364182
2003-10-07,26.5644207,27.10534915,26.46740532,26.92895869,75842045
2003-10-08,26.76727104,27.3405401,26.37921261,27.3405401,64480381
2003-10-09,26.76138496,27.22294142,26.58205447,26.98775311,76156360
2003-10-10,27.6874485,27.75212335,26.94072575,26.94072575,107329947
2003-10-13,28.28422928,28.4576797,27.3699395,27.68449979,77883650
2003-10-14,27.53163147,28.68698977,27.34936088,28.51647939,85021682
2003-10-15,28.14311218,28.39300074,27.41991009,27.58454348,89588449
2003-10-16,28.72519875,29.27495039,28.25776536,29.27495039,230880962
2003-10-17,28.7840004,29.22203648,28.55469218,28.63406725,94173184
2003-10-20,28.32832336,29.10444009,28.22248784,28.9868475,62736510
2003-10-21,27.52869034,28.51647827,27.31114229,28.51647827,96531807
2003-10-22,27.56985092,27.89323455,27.06125979,27.06125979,77285479
2003-10-23,26.97599602,27.63452334,26.81724586,27.62276313,82339194
2003-10-24,27.67273712,27.86970477,21.75483419,21.75483419,88147102
2003-10-27,26.98775482,27.98730281,26.87898239,27.92850494,69776288
2003-10-28,27.29937935,27.63452311,26.92895813,27.04655386,104009852
2003-10-29,27.77564049,27.92557052,27.19355125,27.4728341,56545862
2003-10-30,28.04904366,28.22249409,27.55221275,27.66686531,65836288
2003-10-31,28.60172462,28.67815964,28.11077086,28.22248333,66083410
2003-11-03,29.28671455,29.45134797,28.63113038,28.63113038,122814579
2003-11-04,28.89865875,29.75121384,28.64289317,29.52190557,110392949
2003-11-05,28.72814369,29.05152725,28.25189007,28.63406836,91124985
2003-11-06,28.97803497,29.48662925,28.75754999,28.92806039,134300335
2003-11-07,28.34889984,29.21615173,28.20484682,29.01918409,73031669
2003-11-10,28.39593887,29.98639284,27.69919414,29.98639284,55228187
2003-11-11,28.26070976,28.5164753,27.96378352,28.23130926,64012424
2003-11-12,28.46062088,28.89571698,28.34596832,28.81046179,79398058
2003-11-13,28.09608269,29.39255411,27.99025027,29.39255411,64241396
2003-11-14,27.33465385,27.92850314,27.17590371,27.70801509,81935027
2003-11-17,27.92556572,28.06961876,27.34053653,27.46694928,74009302
2003-11-18,27.39933395,28.03140079,27.34053609,27.79033237,51950120
2003-11-19,27.14063072,27.44343394,26.96424025,27.29056388,74266857
2003-11-20,26.50562477,27.39345725,26.39978923,27.17002911,63214173
2003-11-21,27.01421356,27.15826345,26.23515369,26.23515369,84509135
2003-11-24,26.80548668,27.22294558,26.69965428,27.1553307,43968181
2003-11-25,27.46107292,27.56984852,26.81136882,26.81136882,69262438
2003-11-26,27.46107292,27.46107292,27.46107292,27.46107292,0
2003-11-27,27.99906158,28.24013002,27.46695015,27.46695015,101487224
2003-11-28,28.63700867,28.80457898,28.04609936,28.04609936,75895178
2003-12-01,28.94274902,29.09268216,28.69874371,28.81633629,57749723
2003-12-02,29.37490082,29.69240103,28.56350371,28.99565957,87905736
2003-12-03,29.27495766,29.69241344,28.97803139,29.69241344,117920738
2003-12-04,29.90996361,30.07459387,28.83692054,28.83692054,180083321
2003-12-05,28.98979378,30.10399454,28.88102132,29.98640192,82536782
2003-12-08,28.21661568,29.06035056,28.06668251,28.76048423,113699628
2003-12-09,28.61055374,28.71344609,28.30187041,28.30187041,79302128
2003-12-10,29.2573185,29.54248458,28.58115393,28.66347221,143958545
2003-12-11,28.99272919,29.6336162,28.76342096,29.46310584,104076611
2003-12-12,28.88689804,29.16618085,28.66640681,29.16618085,69546938
2003-12-15,29.33962631,29.53365705,28.92805072,28.92805072,83497793
2003-12-16,29.68065071,29.8364608,28.96626879,29.32786983,126819545
2003-12-17,29.56011391,29.83351971,29.40430382,29.75120459,87187086
2003-12-18,29.80706978,30.06283535,29.38667079,29.38667079,95790063
2003-12-19,30.61552238,30.74781522,29.86880302,29.86880302,149458524
2003-12-22,31.01827812,31.16232801,30.64197685,30.64197685,60150274
2003-12-23,30.71547699,31.15057619,25.57663311,25.57663311,64460943
2003-12-24,31.03886032,31.22113089,30.58318391,30.58318391,60846840
2003-12-25,31.03886032,31.03886032,31.03886032,31.03886032,0
2003-12-26,31.17410278,31.32109593,31.00065232,31.22996062,48164588
2003-12-29,31.58860779,31.68856007,31.29168158,31.33871924,46395159
2003-12-30,33.08498764,34.10217275,31.47101632,31.57390865,172494262
2003-12-31,33.68178558,34.26681488,33.04383851,33.04383851,160650273
2004-01-01,33.55242157,34.10217007,33.34663064,34.10217007,57015472
2004-01-02,34.40792465,34.62547271,33.55243266,33.77880087,113656354
2004-01-05,34.10511398,34.68426305,33.63180044,34.39616011,85438299
2004-01-06,33.65531158,34.60194164,33.16435783,34.16096559,81160289
2004-01-07,34.11099625,34.24916919,33.33781637,33.52596704,83254466
2004-01-08,34.69602966,35.15464618,34.28739087,34.39616647,74777472
2004-01-09,34.02279663,35.61031059,33.81700883,35.27811006,122696325
2004-01-12,33.58770752,34.33148694,33.40837699,33.98458609,78266908
2004-01-13,34.53726578,34.66074159,33.64649662,33.70529133,82240687
2004-01-14,35.10172653,35.21931914,34.69014771,34.69014771,71562438
2004-01-15,33.99046326,35.62501507,33.78467229,35.48390208,94167303
2004-01-16,34.16685486,34.50199549,33.63180336,34.39616309,112840401
2004-01-19,34.38146591,34.63135138,33.46129598,34.16979796,78038244
2004-01-20,33.77585983,35.14876619,33.53479137,34.6313518,84740222
2004-01-21,32.51172256,34.08453965,32.19715915,33.58770567,90635839
2004-01-22,31.47102356,33.8023174,31.00064684,32.51466622,143108982
2004-01-23,32.79982758,32.99973846,31.26523105,31.69150699,130190728
2004-01-26,32.79982758,32.79982758,32.79982758,32.79982758,0
2004-01-27,34.1403923,34.30208565,32.94681667,33.0467721,99040724
2004-01-28,33.84935379,34.646051,33.48775268,34.57255601,117000341
2004-01-29,33.60240555,34.44908049,33.23786752,34.1609775,207142637
2004-01-30,32.95858765,34.06690846,32.80865445,33.66120965,86396915
2004-02-02,32.95858765,32.95858765,32.95858765,32.95858765,0
2004-02-03,32.55581665,33.20846068,32.27359068,33.04383043,96821782
2004-02-04,33.59653091,33.80819888,32.31181973,32.65284052,103232089
2004-02-05,33.19670868,34.01398308,32.8850853,33.77879787,101116472
2004-02-06,33.83171082,33.92578615,33.16730652,33.44071237,91705860
2004-02-09,34.61371994,34.69015499,34.01399031,34.01399031,69893883
2004-02-10,34.88124084,35.1840441,34.43144447,34.80774271,123921417
2004-02-11,34.53139496,36.45404974,34.16685383,36.45404974,86968029
2004-02-12,34.5549202,34.97825929,34.33737212,34.70485338,82921203
2004-02-13,35.00764084,35.12523341,34.3432367,34.46376932,65429166
2004-02-16,34.86359787,35.39570934,34.7048477,35.16052414,79718871
2004-02-17,35.20462036,35.57210158,34.69014917,34.81362188,129142680
2004-02-18,35.56328583,35.89548645,35.28693989,35.3868922,158050718
2004-02-19,34.24035263,35.80728975,34.10511972,35.5779815,116966506
2004-02-20,34.54021072,34.98412687,34.13157203,34.16684949,140573064
2004-02-23,33.24080276,34.92533225,32.93211947,34.63134606,131518794
2004-02-24,33.26432419,33.43189451,32.33827418,32.66165777,175812789
2004-02-25,32.64402771,33.51422017,32.47057723,33.51422017,97507816
2004-02-26,31.88553619,33.17906735,31.69150542,32.57346091,146810711
2004-02-27,32.61462402,32.72633654,32.04429495,32.07663237,115704849
2004-03-01,33.35545731,33.48187005,32.70869331,33.45541274,87320408
2004-03-02,33.35545731,33.35545731,33.35545731,33.35545731,0
2004-03-03,34.15215683,34.33148736,33.34369942,33.46423522,119271800
2004-03-04,33.72881317,34.33735955,33.54948268,33.98457868,59517947
2004-03-05,34.46377563,34.54315071,33.57300321,33.57300321,57935295
2004-03-08,35.02822113,35.21931182,34.53726732,34.57254793,68029504
2004-03-09,34.35500336,35.27811643,34.01398261,35.27811643,63969584
2004-03-10,33.73175049,34.2197642,33.52595957,34.16096635,57012251
2004-03-11,33.27020264,33.98458467,33.10263232,33.63180373,78134847
2004-03-12,33.07910538,33.45540665,32.63518924,33.19082099,75771967
2004-03-15,32.04722214,33.50244645,31.75029906,33.34075312,92765349
2004-03-16,31.85908318,32.62344303,31.48572183,31.75030757,119208906
2004-03-17,31.77382278,32.45586424,31.46513947,32.04428858,112189995
2004-03-18,30.52145004,31.99137166,30.30096196,31.86789896,156637254
2004-03-19,30.76545715,31.07708054,30.39797594,30.39797594,109745049
2004-03-22,29.85116577,30.74781837,29.72475302,29.93348091,90124832
2004-03-23,30.08929253,30.42737319,29.7071111,29.92759918,92984770
2004-03-24,30.12163734,30.2950878,29.73945583,30.10399704,99235162
2004-03-25,30.22452736,30.59200541,30.00403613,30.16572949,134606290
2004-03-26,30.90950775,31.17997355,30.45383134,30.45383134,105696165
2004-03-29,31.0917778,31.43279852,30.87422977,30.93596455,79964214
2004-03-30,30.99476624,31.5562751,30.9300914,31.16821667,89126542
2004-03-31,31.63564873,31.75030127,30.85364873,30.98888162,76872069
2004-04-01,32.68224335,32.79101897,31.69151511,31.69151511,108451994
2004-04-02,33.26726532,38.21796221,32.67635594,38.21796221,99771768
2004-04-05,33.81406784,34.18154582,33.33781115,33.33781115,90699433
2004-04-06,33.83171082,34.24328962,33.19964707,33.86699142,100026761
2004-04-07,33.74939728,34.155096,33.51420893,34.09335807,58225817
2004-04-08,33.68766403,34.08454262,33.24962474,33.51421046,64967034
2004-04-09,33.68766403,33.68766403,33.68766403,33.68766403,0
2004-04-12,33.02913284,33.83759017,32.84980233,33.83759017,53650059
2004-04-13,33.70823288,33.86110606,32.65577035,33.16142126,56786920
2004-04-14,33.70823288,33.70823288,33.70823288,33.70823288,0
2004-04-15,33.24080276,34.17273276,33.07910942,34.03749987,83348366
2004-04-16,33.2878418,33.67590019,33.14378875,33.27902165,42428943
2004-04-19,32.49113846,33.47892621,32.37354587,33.13202542,57064585
2004-04-20,32.47644806,32.60286082,32.22067935,32.60286082,49194696
2004-04-21,33.417202,33.48187684,32.33827863,32.34121868,66400273
2004-04-22,33.4407196,33.73764278,33.13203622,33.39662198,45343596
2004-04-23,33.35545731,33.79643347,33.22904456,33.39661487,50254004
2004-04-27,31.71796799,32.92624404,31.59449528,32.92624404,93593864
2004-04-28,31.77382278,32.27947377,31.58273207,31.75324243,92191757
2004-04-29,31.12118149,31.98549681,30.95655119,31.69151055,231388636
2004-04-30,30.95360565,36.75391697,30.7037202,33.2202244,104126789
2004-05-03,31.0711956,31.23876904,30.32153618,30.98594043,115360046
2004-05-04,31.20643616,37.22135642,31.1094239,31.50924256,67022825
2004-05-05,31.16233444,31.36518537,30.98888402,31.27993018,59745925
2004-05-06,31.77970886,31.94433916,31.40634751,31.45632524,82542006
2004-05-07,31.30344772,31.66210877,31.09177978,31.27993046,62266887
2004-05-10,30.52733612,31.14470288,30.29214774,31.14470288,89515010
2004-05-11,28.82516289,30.04519603,28.43710445,30.02167876,102120168
2004-05-12,29.20146561,29.36315585,28.45768297,28.45768297,87466922
2004-05-13,30.07165337,30.830133,27.86970944,28.22249038,183148451
2004-05-14,28.05198479,30.4450167,27.7050839,29.98640329,172382661
2004-05-17,23.77157021,27.74623748,22.44276157,27.63452498,131182688
2004-05-18,25.50019646,26.92308195,24.11259,25.28264843,189088981
2004-05-19,26.60264206,27.39933931,26.1205067,26.1205067,161330985
2004-05-20,26.59388161,27.88397426,26.41086855,27.78196624,131601070
2004-05-21,26.37186623,26.52187782,25.80482612,26.51587697,94462978
2004-05-24,27.23292542,27.48194137,26.70488765,27.00190879,94626507
2004-05-25,27.34393883,27.59595525,26.20085564,27.18192552,112127997
2004-05-26,27.5599575,28.08199297,27.32594039,27.60196025,95857508
2004-05-27,26.94491005,27.45494699,26.79790046,27.12192549,79936738
2004-05-28,25.96383667,27.05591411,25.57380878,26.82489748,124708087
2004-05-31,25.78982735,26.33586776,24.75175417,25.89183537,135183145
2004-06-01,26.05384827,26.58188615,25.93084047,26.10185186,87041132
2004-06-02,26.36886978,26.57888508,26.07784943,26.15585566,60172345
2004-06-03,25.70281601,27.13391557,25.38779395,26.76189027,100953502
2004-06-04,26.01184082,26.10184713,25.35779483,25.38179662,86150171
2004-06-07,26.689888,26.97790948,26.10184655,26.10184655,92592591
2004-06-08,27.3169384,27.39494303,26.49188087,26.70189458,101752440
2004-06-09,27.04991722,27.49694842,26.9599109,27.42194422,71929998
2004-06-10,26.86390495,27.12192545,26.70189324,26.93591194,49251190
2004-06-11,25.90383339,26.82189747,25.80182538,26.82189747,66139259
2004-06-14,26.09584808,26.24585969,25.47180469,25.74182205,101537724
2004-06-15,27.03791618,27.15192591,26.04184733,26.10785187,95031444
2004-06-16,26.77089691,27.34994038,26.5578828,27.18192622,63774783
2004-06-17,27.25993729,27.41894698,26.34787063,26.96591488,82664096
2004-06-18,26.68688965,27.24192968,26.47087512,27.24192968,68899444
2004-06-21,26.07184982,26.87590757,25.98484392,26.77389954,81796551
2004-06-22,25.90683556,26.43187459,25.80182871,25.96984127,75524229
2004-06-23,24.67674637,26.1318496,24.55073816,26.1318496,155018820
2004-06-24,25.38479614,25.53180731,24.66174519,24.66174519,165338710
2004-06-25,25.89783478,26.19785638,25.38779949,25.44180232,115239300
2004-06-28,26.50387573,26.57888153,25.83182878,25.83182878,76022618
2004-06-29,26.59688759,26.83690555,26.07485053,26.4018728,97278354
2004-06-30,25.78082848,26.77689895,25.68182087,26.65388955,124211700
2004-07-01,26.3148632,26.39586825,25.80782677,26.36586561,69264875
2004-07-02,26.03584671,26.3058657,25.83183226,26.10185124,79491426
2004-07-05,25.82882881,26.39886936,25.75682344,26.0658447,101090115
2004-07-06,26.30586052,26.3418624,25.72981917,25.84382727,82780221
2004-07-07,26.30586052,26.5818803,26.10184611,26.3418624,102001830
2004-07-08,25.92183685,26.81590083,25.68781977,26.38086814,153627412
2004-07-09,26.3358593,26.47986841,24.00169321,24.00169321,63477442
2004-07-12,26.20685768,26.40187086,25.92783743,26.2218582,40268231
2004-07-13,25.83183289,26.32386728,25.71482434,26.04184819,32930328
2004-07-14,25.08177948,25.98784363,25.00377325,25.98784363,95971686
2004-07-15,25.20778465,25.46580352,24.91676433,25.24378814,104458217
2004-07-16,25.4688015,25.63981285,25.09977498,25.32179034,115001758
2004-07-19,25.42980385,25.73582472,25.33379667,25.56181291,86482216
2004-07-20,25.71482277,27.00191354,25.26179072,27.00191354,141001963
2004-07-21,26.05985069,26.38387414,25.79583093,25.86183707,72609926
2004-07-22,27.29593468,27.47894774,26.28186175,26.64188704,146069233
2004-07-23,27.97698212,28.12399009,27.25093072,27.48194416,123313696
2004-07-26,28.64002609,28.7420341,27.60795392,27.96197832,112749527
2004-07-27,27.90797806,28.98205313,27.7519688,28.80204047,218197562
2004-07-28,28.25600624,28.50202184,27.7219659,27.7219659,115820133
2004-07-29,28.47202301,28.5320251,28.15700083,28.50202405,73375939
2004-07-30,29.33607483,29.43208199,28.50501509,28.50801551,99586042
2004-08-02,29.64810181,29.76210832,29.10506344,29.28207566,99070652
2004-08-03,29.36608124,29.99312509,29.24607387,29.65710318,116550393
2004-08-04,29.5970974,29.6721016,29.01505672,29.46208791,94400616
2004-08-05,30.18214035,30.28414838,29.71110573,29.81611419,88993892
2004-08-06,29.63610077,30.17913915,29.48009151,30.11613665,76737417
2004-08-09,29.53409386,29.71410652,29.17106811,29.52209536,84287991
2004-08-10,29.80411148,29.96912521,29.40208344,29.58509652,65280341
2004-08-11,28.79903984,29.93011964,28.65502909,29.82211077,100072219
2004-08-12,28.51701736,29.03005141,28.27999989,28.81403691,88750034
2004-08-13,28.61602402,28.86204278,28.38201016,28.62202487,103644449
2004-08-16,28.73303413,28.88304573,28.28300255,28.45101349,70141579
2004-08-17,28.7780323,33.30235076,28.56501824,33.30235076,77742905
2004-08-18,28.23500061,28.61002802,28.15999641,28.61002802,61274982
2004-08-19,28.51401901,28.61002618,28.26800025,28.32200468,65585819
2004-08-20,27.80596352,28.56801989,27.7519623,28.53501523,72789714
2004-08-23,27.07691383,27.94397549,26.91190333,27.84197069,113176227
2004-08-24,27.21492577,27.52394703,27.04091398,27.15492369,102024265
2004-08-25,27.48194504,27.53594947,27.02891301,27.24193032,87848276
2004-08-26,27.64395714,27.98297944,27.55995167,27.66195648,91476846
2004-08-27,27.49394798,27.8059697,27.22092858,27.67696106,66799917
2004-08-30,28.03398514,28.10599212,27.667959,27.667959,49092898
2004-08-31,28.54101944,28.61302642,28.08498701,28.08498701,74263440
2004-09-01,28.56201744,28.76603023,28.44800775,28.54101447,46091600
2004-09-02,28.31900597,28.68203168,28.24400177,28.50201903,52386021
2004-09-03,28.43001747,28.4960204,28.11799574,28.37001218,54841722
2004-09-06,28.62803078,28.79604495,28.47502193,28.5080234,39798145
2004-09-07,29.08706093,29.1830681,28.56802595,28.56802595,88353107
2004-09-08,28.96405029,29.22206754,28.86804313,29.22206754,57944664
2004-09-09,29.14406395,29.24607197,28.88004584,29.21007008,71946537
2004-09-10,29.2730732,29.32707763,28.93105046,29.10206183,39998058
2004-09-13,29.45908546,29.69010211,29.11406232,29.45608504,61914508
2004-09-14,29.18306351,29.57308978,29.02705428,29.49208474,50156729
2004-09-15,29.26106834,29.51008751,29.06605681,29.21906561,46630531
2004-09-16,29.45308685,29.51009171,28.96705335,29.31207652,48038479
2004-09-17,30.55116463,30.60216864,29.71110349,29.73510688,116181307
2004-09-20,30.12512589,30.72216853,30.00511855,30.72216853,63388262
2004-09-21,30.45216179,30.54216812,29.85811933,30.0621354,70783527
2004-09-22,30.20913696,30.39215323,30.01112499,30.36214898,80641944
2004-09-23,30.00512886,30.23014469,29.88212106,30.06213372,69288360
2004-09-24,29.93311501,30.40714669,29.70509883,30.00211834,80391671
2004-09-27,29.72610474,29.84311487,29.50408936,29.76210662,49518324
2004-09-28,29.7801075,30.10713129,29.6420976,29.69610203,68248729
2004-09-29,30.86019135,30.99220043,29.63010366,29.83411974,114677444
2004-09-30,31.07620049,31.18720978,30.84218341,30.84218341,85039650
2004-10-01,31.99725914,32.10226756,30.73717093,31.08819486,94983970
2004-10-04,32.77431488,32.96632918,31.9822575,31.9822575,79911306
2004-10-05,32.39628983,32.87032477,32.2402806,32.76231591,53412698
2004-10-06,32.78332138,33.34735947,32.33629022,32.33629022,103549667
2004-10-07,33.53037643,33.86640155,32.83732964,32.99633932,95659486
2004-10-08,33.26935577,33.75239204,33.13134587,33.60238044,57210105
2004-10-11,32.81632614,33.49737443,32.70531684,33.30235966,35896923
2004-10-12,32.10826874,33.11933782,31.9882582,32.8223183,55923086
2004-10-14,32.5763092,32.75632186,32.02426954,32.22228474,62169500
2004-10-15,32.78032684,33.41637202,32.52530676,32.78032684,81406066
2004-10-18,33.04434204,33.33236356,32.76232137,32.94233402,58737538
2004-10-19,33.59337616,33.77638921,33.12234164,33.19434861,77133714
2004-10-20,32.8913269,34.0224067,32.80132059,34.0224067,102341073
2004-10-21,32.35429382,33.17635248,32.19828456,32.95133666,85962610
2004-10-22,32.35429382,32.35429382,32.35429382,32.35429382,0
2004-10-25,32.21027374,32.64230592,32.05426453,32.40228804,119406508
2004-10-26,33.10734558,36.0025499,32.23128258,36.0025499,89558592
2004-10-27,32.43829346,33.24235262,32.29428592,33.15534673,152264923
2004-10-28,32.31829453,32.91233698,32.19828715,32.57931226,118056469
2004-10-29,31.7512455,32.64231058,31.637239,32.46229795,77086687
2004-11-01,31.79325867,32.08127702,31.54423943,31.91626647,68538803
2004-11-02,32.6063118,32.73232001,32.04227046,32.04227046,71018031
2004-11-03,32.62430954,32.78632284,32.29128808,32.69631652,62216919
2004-11-04,32.24028778,35.22249836,32.17428164,33.24235911,85779153
2004-11-05,32.42329788,32.62731071,32.19228123,32.46230019,44382852
2004-11-08,32.54330444,32.963335,32.4622994,32.64231204,58939551
2004-11-09,32.40229416,32.73531882,32.31528826,32.69631651,45152968
2004-11-10,32.66331482,32.79232667,32.49830429,32.49830429,50998492
2004-11-11,32.75631714,33.10734433,32.49829989,32.80432072,80185036
2004-11-12,32.73532104,33.11934654,32.49230268,33.0023396,17702509
2004-11-15,32.73532104,32.73532104,32.73532104,32.73532104,0
2004-11-16,32.69331741,32.82232605,32.25228387,32.82232605,68620518
2004-11-17,32.62730408,32.93332487,32.4772925,32.76231353,49323579
2004-11-18,32.7473259,32.97833938,32.318294,32.70232273,96953003
2004-11-19,31.64324188,32.5823074,31.39722311,32.1322758,123713592
2004-11-22,31.95526886,32.33029633,30.54216811,31.13020971,189682670
2004-11-23,31.70024109,32.12626922,31.32821417,31.98225849,117157022
2004-11-24,30.9111805,31.80224217,30.58415677,31.80224217,115179292
2004-11-25,30.20314217,31.40322877,30.00813058,30.60217303,247558475
2004-11-26,30.20314217,30.20314217,30.20314217,30.20314217,0
2004-11-29,30.59016037,30.78217467,29.22206329,29.88211165,284858794
2004-11-30,31.0252018,31.42422942,30.6681737,30.72217814,158185245
2004-12-01,31.65224075,32.21027798,31.38222181,31.38222181,86882028
2004-12-02,32.52230453,32.64231189,31.50823163,31.86825691,145983386
2004-12-03,32.62430954,32.87632916,31.21720989,31.21720989,104307894
2004-12-06,31.85926247,32.82233157,31.72125253,32.64231889,75261674
2004-12-07,31.0252018,32.10827816,30.6921771,32.10827816,106320902
2004-12-08,30.47016716,31.50223969,30.36515869,31.26222171,104018899
2004-12-09,30.73417854,30.90218949,30.00212625,30.48815976,94423541
2004-12-10,29.95411873,30.78217809,29.74110464,30.78217809,132904782
2004-12-13,30.14313316,30.30214282,29.18306475,29.94211757,137602477
2004-12-14,30.35014534,30.48215759,29.7621039,30.12212914,85411957
2004-12-15,29.70810699,30.34415539,29.54009603,30.34415539,97643799
2004-12-16,29.46807861,29.81910251,29.28506561,29.70209241,99023093
2004-12-17,28.83504486,29.74410939,28.72103514,29.40208343,161103721
2004-12-20,28.84104538,29.32407847,28.32800805,29.10206308,295404841
2004-12-21,29.10206413,29.50409218,28.88604959,29.0120578,154198974
2004-12-22,29.70510483,29.93012062,29.10506163,29.27907342,135207331
2004-12-23,30.38015938,30.55717163,29.85211983,29.92412683,121328109
2004-12-24,31.40622139,31.54423128,30.62316519,30.9021854,131770663
2004-12-27,31.01920128,32.82232828,30.38315613,31.20221436,260987301
2004-12-28,31.6552372,31.74224308,31.1181966,31.19920484,107505941
2004-12-29,31.89225578,32.32728844,31.59823665,31.75424589,97058344
2004-12-30,31.38822746,32.33329391,31.27421774,32.04527237,94488003
2004-12-31,32.02426147,32.15327329,31.53822807,31.87725353,66972340
2005-01-03,32.63331604,32.70232261,32.03027232,32.36629746,96188867
2005-01-04,31.87726021,33.00233926,31.77825261,33.00233926,73639782
2005-01-05,31.79924965,32.00926653,30.97119346,31.56223537,112450407
2005-01-06,31.57423973,32.1922823,31.33721902,31.6822454,91978134
2005-01-07,32.53730392,32.86432774,31.65524327,32.10227445,108134977
2005-01-10,32.05128098,32.87634025,31.86826785,32.71132647,74712197
2005-01-11,31.54723549,32.10227555,31.38822581,32.10227555,59161157
2005-01-12,31.09419823,31.802247,30.90818476,31.74224493,104515537
2005-01-13,31.20821571,31.5472413,31.11221173,31.50223813,79849238
2005-01-14,30.83618164,31.42122265,30.66816751,31.42122265,70329448
2005-01-17,30.69516945,31.08219528,30.26613769,30.90218267,70620236
2005-01-18,30.65317345,31.34622022,30.53316288,30.78818293,89287341
2005-01-19,30.82419205,31.10621278,30.6741804,30.84219139,45571602
2005-01-20,30.692173,30.90218667,30.25414312,30.60816754,51300805
2005-01-24,30.40414619,31.28320944,30.33814328,30.81217497,93907843
2005-01-25,30.09813309,30.59616829,29.90911917,30.35615036,114963988
2005-01-27,30.36815834,30.78218815,30.22414755,30.30815304,96741397
2005-01-28,31.33721542,31.4092224,29.40207967,30.42215337,79472072
2005-01-31,31.94026756,32.07227665,31.36422764,31.50223757,85855126
2005-02-01,32.57929993,32.82231822,31.80524509,32.03626169,112269960
2005-02-02,32.01526642,32.84332258,31.81425082,32.65431189,68624103
2005-02-03,32.45930481,32.60631601,32.16228198,32.39029824,46163680
2005-02-04,32.23127747,32.70231195,31.94625643,32.64230668,55698469
2005-02-07,31.82325935,35.87054719,31.72125132,35.87054719,36173762
2005-02-08,32.03026199,32.20727418,31.74224374,31.92225635,50453651
2005-02-09,32.23127747,32.43229304,32.04526401,32.0572657,36176185
2005-02-10,32.55230331,32.68431236,31.91325785,32.27628353,49713070
2005-02-11,32.84632492,33.12234473,32.58830766,32.64531252,77901211
2005-02-14,32.61531067,33.19735457,32.3332932,33.11634631,53840435
2005-02-15,32.35429382,32.62131238,32.13227843,32.62131238,47321985
2005-02-16,32.1052742,32.63631084,31.92825878,32.34528891,50273330
2005-02-17,32.15328598,32.26729252,31.81125996,32.16228405,47137365
2005-02-18,32.05427933,32.57031719,31.86826579,32.16228502,60691531
2005-02-21,32.07226944,32.3302899,31.89825765,32.05727052,46948572
2005-02-22,32.37529373,32.48329939,31.92526213,32.04226907,59620726
2005-02-23,32.9003334,33.00234143,32.38429882,32.38429882,77989467
2005-02-24,32.82232285,33.21234914,32.73831738,33.02033481,69616806
2005-02-25,32.41129303,33.05633934,32.29428611,33.00233491,55788518
2005-02-28,33.37736893,33.60238475,32.15328219,32.41429991,106164094
2005-03-01,32.85531998,33.45236264,32.67230695,33.45236264,68262594
2005-03-02,32.98133469,33.11934459,32.67531384,32.82232502,72767349
2005-03-03,33.5183754,33.75239247,33.01433936,33.01433936,90881098
2005-03-04,34.32543182,34.40643687,33.57537702,33.57537702,121987730
2005-03-07,35.21648407,35.42950132,33.31435018,33.31435018,101548550
2005-03-08,35.46851349,35.62152231,34.93447321,35.33050358,101433671
2005-03-09,35.27349854,36.04755353,35.04548231,35.70852801,106666278
2005-03-10,35.64252853,35.82254119,35.07248632,35.28250322,75587613
2005-03-11,35.27949905,36.05055361,35.13248788,35.76253211,82768457
2005-03-14,34.74246597,35.51652106,34.56545053,35.24050121,49492780
2005-03-15,34.25342941,35.04848748,34.15442181,34.80246868,70095617
2005-03-16,34.46045303,34.67046678,34.05842488,34.26543821,59880508
2005-03-17,33.752388,34.4904378,33.49736799,34.14241427,65083999
2005-03-18,34.31343842,34.43644623,33.31136696,33.60238896,67256937
2005-03-21,33.58436966,34.61044401,33.48236167,34.38242784,38254691
2005-03-22,32.68431473,33.63838235,32.4683002,33.54837603,66773281
2005-03-23,33.1673584,34.19643375,32.36030169,32.64232244,191023424
2005-03-24,33.60237885,34.04640957,33.30235566,33.30235566,113013930
2005-03-28,33.96840286,34.40043186,33.69238309,33.72238412,56543733
2005-03-29,32.95134735,34.07642682,32.7083289,34.02242236,66827170
2005-03-30,32.59130478,33.28435465,32.34828646,32.88232347,81073602
2005-03-31,32.76532364,33.20635401,32.61531202,32.70831878,88299330
2005-04-01,33.8783989,33.99840625,32.87632773,33.42236647,70413811
2005-04-04,33.90539551,34.11540915,33.54837071,34.02240242,48299339
2005-04-05,33.36536026,34.19041919,33.21534867,33.95940256,54556466
2005-04-06,34.29842758,34.37643541,33.48236986,33.48236986,61530703
2005-04-07,33.92940903,34.61645501,33.8153993,34.37644026,51138382
2005-04-08,33.4133606,34.08240702,33.20634418,34.02240175,47054753
2005-04-11,32.84333038,33.42237392,32.70232324,33.42237392,26125348
2005-04-12,32.92432785,33.14334277,32.70231251,32.89432361,46659100
2005-04-13,32.73532104,33.17035055,32.58230901,33.06234488,28987919
2005-04-15,31.78725243,32.63631162,31.56523705,32.63631162,54798014
2005-04-18,31.11520576,31.62223902,30.90218845,31.62223902,62412014
2005-04-19,30.84218216,31.83225487,30.7221748,31.44222535,50673926
2005-04-20,31.80525208,31.91926179,30.90818929,30.99819561,60793889
2005-04-21,32.5763092,32.76232271,31.50223411,31.68224677,85251326
2005-04-22,32.852314,32.99032385,32.17426642,32.82231297,77975210
2005-04-25,32.8043251,32.93033332,32.37529644,32.70232028,48498327
2005-04-26,32.8313179,33.04433195,32.46829229,32.52229671,54222699
2005-04-27,32.34228897,33.57237641,32.00026624,33.30235745,187602973
2005-04-28,32.63331604,33.00234265,32.0032717,32.39029766,105195802
2005-04-29,31.68524551,33.0143406,31.50823329,33.0143406,52691821
2005-05-02,32.03326416,32.13227174,31.48122461,31.7722465,43024214
2005-05-03,32.45930481,32.58231261,31.53523806,31.98226931,48375663
2005-05-04,32.48329544,32.70231357,32.22227779,32.52230095,29381639
2005-05-05,32.47130203,32.84632624,32.35429189,32.567306,24326384
2005-05-06,32.94833374,33.03233921,32.40229496,32.40229496,64922192
2005-05-09,33.20635223,33.29935898,32.77432316,32.95733623,44323347
2005-05-10,32.6573143,33.34736389,32.59131137,33.22735652,31828111
2005-05-11,32.55230331,32.84932286,32.38128876,32.52230228,43816108
2005-05-12,33.13977814,33.28425206,32.86927502,33.19203494,51668659
2005-05-13,32.96763992,33.13670355,32.82931424,33.1059656,24848524
2005-05-16,33.21355438,33.42257833,33.04448747,33.04448747,33790996
2005-05-17,32.33443069,33.42566599,32.27295149,33.32115562,50494417
2005-05-18,32.55881882,32.68177391,32.1592123,32.46045343,62603483
2005-05-19,32.23297119,32.8907874,32.13153172,32.64487403,42422193
2005-05-20,31.9962883,32.39282391,31.69811806,32.2760138,59314715
2005-05-23,32.65410233,32.76476418,32.09157724,32.2145323,28727787
2005-05-24,32.64487839,32.93690035,32.37437529,32.77705581,51323478
2005-05-25,32.62336349,32.8293133,32.30674855,32.46044484,56454483
2005-05-26,32.60800171,32.79858424,32.37131061,32.64488791,108808070
2005-05-27,32.66025543,33.16130142,32.54344531,32.65103306,58721979
2005-05-30,32.38667679,32.87235214,32.27601492,32.67562138,31958688
2005-05-31,32.89080048,33.06908651,32.23913225,32.39897354,75922486
2005-06-01,33.25966263,33.45639336,32.95227003,33.07522839,61706710
2005-06-02,32.57418823,33.52402344,32.4942643,33.44410279,53623380
2005-06-03,34.00662613,34.16954153,32.46045045,32.46045045,131507128
2005-06-06,33.95436478,34.8027636,33.7514858,34.05887839,87661891
2005-06-07,33.68078995,34.16953941,33.50557806,33.93592247,58967210
2005-06-08,34.33245468,34.42774592,33.81296404,33.89288467,72495426
2005-06-09,34.36934662,34.65829451,34.22487267,34.47693437,56698538
2005-06-10,34.83043671,35.00564863,34.48923196,34.48923196,88373329
2005-06-13,35.01793289,36.88071989,34.46770434,34.85194012,45665964
2005-06-14,35.29152298,35.34992805,34.72284948,35.10401456,46370063
2005-06-15,35.34684753,35.47287674,34.90420662,34.90420662,48590532
2005-06-16,36.2874527,36.57947462,35.41139023,35.47286611,115223307
2005-06-17,36.90224457,37.22807864,35.9032235,36.27209201,126440530
2005-06-20,38.76195908,39.69642359,37.8920413,38.4238285,337512174
2005-06-21,39.72408676,39.83781946,38.17791127,38.85417235,230734168
2005-06-22,40.24050903,40.57556221,39.4689566,39.53043578,179770966
2005-06-23,39.99767303,40.27125034,39.75790781,40.21899352,89786122
2005-06-24,40.24665451,40.48334229,39.53350719,39.89930158,90283194
2005-06-27,39.8777771,41.49772815,39.66875317,39.83781679,174238637
2005-06-28,38.70355606,41.1903446,38.55600799,41.1903446,140205952
2005-06-29,39.45973969,39.77635143,38.89721448,38.97713512,123681858
2005-06-30,39.50276566,40.15443374,39.14004214,39.83781878,100769540
2005-07-01,39.35214615,39.65338723,39.19537572,39.53043215,49208211
2005-07-04,39.61650085,39.93004171,39.28451855,39.4689528,53426086
2005-07-05,39.22612,39.83782457,39.12775462,39.5919144,65828880
2005-07-06,39.66568375,39.77634561,39.18308254,39.18308254,47018524
2005-07-07,37.74449158,39.43206696,37.45862111,39.43206696,122340039
2005-07-08,38.13488007,38.60826221,37.80904599,38.60826221,77600621
2005-07-11,38.97098923,39.10009257,38.0027092,38.0027092,57751866
2005-07-12,39.24148178,39.59190881,38.76502556,39.03245784,71883881
2005-07-13,38.78961182,39.43205742,38.67587586,39.34598856,38361489
2005-07-14,39.43821716,39.76712537,38.18406352,38.83265756,117997062
2005-07-15,40.98439407,41.19034392,39.53043551,39.53043551,99419446
2005-07-18,40.68622589,41.36556122,40.46490542,41.00591175,109784920
2005-07-19,40.86143112,41.30100116,40.64318481,40.82147081,74060628
2005-07-20,41.74979019,41.98955537,40.94442907,40.94442907,81588474
2005-07-21,41.69754028,42.19243801,41.2303031,41.5592113,69635530
2005-07-22,42.39224243,42.50597843,41.69139481,41.80512753,53589574
2005-07-25,42.26928329,42.77032926,42.08792316,42.50597436,77096196
2005-07-26,42.49060059,42.56745038,41.81741691,42.11251301,61723656
2005-07-27,42.96399307,43.33593577,42.38302638,42.57360563,105898221
2005-07-28,187.9577942,187.9577942,187.9577942,187.9577942,0
2005-07-29,43.24063873,43.7662777,42.60434118,42.91173052,106627570
2005-08-01,43.51114655,43.64332401,42.81951798,43.21912779,62404620
2005-08-02,45.58295822,45.89034758,43.7109484,43.76627934,127336266
2005-08-03,43.92611694,46.71722704,43.68942916,46.71107879,366024503
2005-08-04,44.82983398,46.45592975,44.07980068,44.07980068,202590728
2005-08-05,44.61775208,45.48766661,44.40872482,44.87903286,112590409
2005-08-08,43.72939301,49.12102456,43.47118306,46.09630057,155661566
2005-08-09,43.50499344,44.55934212,43.19452671,43.89537751,124684979
2005-08-10,44.2304306,44.42716133,43.60027811,44.24580122,102268684
2005-08-11,44.1166954,44.8482874,43.8338958,44.42716211,92569484
2005-08-12,43.29289627,44.43024311,43.16686706,44.25195709,90467352
2005-08-16,43.02238846,43.64946358,42.85639567,43.31133632,72875687
2005-08-17,43.95378494,44.14129332,42.72729515,43.03468777,98007171
2005-08-18,43.54802704,45.73971912,43.35744455,44.26424516,121478124
2005-08-19,43.38818359,46.10859207,43.22833904,46.10859207,90752944
2005-08-22,42.99165344,43.8707903,42.70270556,43.6310251,70989812
2005-08-23,42.12173462,43.43429326,41.9926313,43.34207614,92582004
2005-08-24,42.71806717,42.85024459,41.99569762,42.23546276,96855547
2005-08-25,42.81029129,43.08386854,42.60126405,43.00394463,100857642
2005-08-26,42.95784378,43.27445881,42.64123203,43.00087823,50759283
2005-08-29,43.05619431,44.57163166,42.60740525,43.40354717,63972553
2005-08-30,43.50191879,43.63717035,42.97627988,43.21911918,62999919
2005-08-31,44.22736359,44.49479261,43.54188334,43.77242617,93999740
2005-09-01,44.67614365,44.84521054,44.20276487,44.20276487,74764182
2005-09-02,44.90976334,45.03886993,44.27039175,44.57163609,69581739
2005-09-05,44.90055847,45.32782885,44.76837771,45.00199471,52224536
2005-09-06,44.81140137,45.18027316,44.60237741,44.87902879,43420875
2005-09-08,45.41082001,45.83194207,45.08498591,45.12494623,74357032
2005-09-09,45.59524155,45.80119134,45.16181982,45.49380207,57343021
2005-09-12,46.26229477,46.34836367,45.74895223,45.81657967,52799613
2005-09-13,46.24999619,46.68956299,46.10552224,46.29303063,76416716
2005-09-14,45.55221176,46.47745707,45.28170537,46.10858859,59383645
2005-09-15,46.77255249,46.96620911,45.1925649,45.58602638,76116756
2005-09-16,46.97236252,47.20597948,46.47439065,46.96621427,54661723
2005-09-19,46.98158264,51.64162506,46.60041763,47.6086578,53922696
2005-09-20,47.8269043,48.01440938,46.47745952,47.03076226,135365077
2005-09-21,48.091259,48.26032263,46.10859087,47.95293332,160400406
2005-09-22,46.38217163,48.1988504,46.10859437,48.1988504,117798830
2005-09-23,45.97026443,47.21519557,45.43847728,47.21519557,147985891
2005-09-26,47.96831131,48.16811292,46.10859796,46.10859796,90435660
2005-09-27,48.44476318,48.93659009,47.95601368,48.56157331,99754361
2005-09-28,49.21017075,49.40690152,48.26033222,48.56772488,97726775
2005-09-29,49.6927681,50.00630567,49.18249649,49.18249649,99975589
2005-09-30,48.78596115,49.79113041,48.01440882,49.55136523,120956922
2005-10-03,48.82899857,49.35463751,48.26032518,48.26032518,67338023
2005-10-04,49.59131622,49.72964188,48.83206053,48.93657412,60690606
2005-10-05,49.30853271,49.79113725,49.06261926,49.67432713,53923117
2005-10-06,48.61997223,49.18249737,48.3771362,49.18249737,83636940
2005-10-07,48.46934509,48.87202561,47.68857375,48.87202561,111805490
2005-10-10,48.13430023,48.74600811,47.97138154,48.5062429,52026164
2005-10-11,48.49394989,48.61690827,47.46111987,48.38329129,53107808
2005-10-13,47.66091919,48.74600926,47.52874173,48.30336503,84604085
2005-10-14,46.96006393,47.79309222,46.81558999,47.64554744,102288851
2005-10-17,47.3996315,47.94063775,46.66496863,47.7930897,87172339
2005-10-18,46.50513077,48.03901003,46.01638125,47.79002245,87963924
2005-10-19,45.94259644,46.58811627,45.18641474,46.11780831,122569754
2005-10-20,45.99486923,47.08610771,45.31246297,46.41599466,106523223
2005-10-21,47.41192627,47.52258484,45.69361304,46.35450022,133090971
2005-10-24,46.54508591,47.6732103,46.35450341,47.35045035,68344505
2005-10-25,47.19059753,47.91604122,46.72643786,46.78791702,70279578
2005-10-26,46.94161987,47.63939655,46.80636831,47.33200395,59117043
2005-10-27,46.12702942,47.32585194,45.81041776,47.09223502,148738838
2005-10-28,45.5921669,46.64036715,45.34010527,46.41597262,86146124
2005-10-31,46.87707138,47.02461945,45.34011806,45.34011806,66613295
2005-11-02,47.81154633,47.91605997,46.52358039,46.95392488,72144349
2005-11-04,47.81154633,47.81154633,47.81154633,47.81154633,0
2005-11-07,48.44476318,48.610756,47.02461997,47.02461997,71521727
2005-11-08,48.59538651,48.87511204,48.10663699,48.87511204,60874064
2005-11-09,48.63841629,49.23782762,48.38943202,48.6906731,59545592
2005-11-10,48.30335617,48.89662249,48.14351491,48.77673827,45070188
2005-11-11,48.89970016,49.44378056,48.38328359,48.38328359,70424608
2005-11-14,49.08721542,49.36693768,48.32795943,48.87511403,44978599
2005-11-16,50.25528717,50.35057513,49.24396973,49.24396973,80866742
2005-11-17,50.98380661,51.146722,45.18641764,45.18641764,83636814
2005-11-18,50.7901535,51.33423392,50.63338307,51.14672554,52042255
2005-11-21,50.96843719,51.26353332,50.46124299,50.78092882,72091861
2005-11-22,50.36902618,51.57707122,50.10467129,51.00225287,96006908
2005-11-23,51.14979935,51.26660946,50.32906754,50.47354148,80664015
2005-11-24,51.89368439,52.15804257,51.21127828,51.21127828,82044219
2005-11-25,51.80454254,52.01049567,51.41723255,52.01049567,65803378
2005-11-28,52.12729645,52.25639976,51.81068477,52.01048963,52587586
2005-11-29,52.14268112,53.23084214,51.67852126,52.20723444,113205258
2005-11-30,51.19282913,52.59145659,50.97150869,52.26869666,88891688
2005-12-01,51.61395645,51.84449927,51.04220895,51.21127588,85128004
2005-12-02,51.60473251,52.20722122,51.33422939,51.76457706,56707221
2005-12-05,51.65699005,52.37321147,51.39570929,52.07196711,53802777
2005-12-06,51.44182587,52.05968201,51.02684874,51.76458585,70506198
2005-12-07,51.85372925,52.25026492,50.96536993,51.64163114,73922461
2005-12-08,52.01970291,52.39164548,51.34959343,52.25639394,66309469
2005-12-09,53.07712936,53.1724206,51.64161587,51.64161587,90717219
2005-12-12,53.06792068,53.6949959,52.87426404,53.24620671,37374178
2005-12-13,53.58433914,53.76262517,52.82815728,53.23391533,56156161
2005-12-14,52.99107361,53.69499533,52.62527591,53.49519373,55358288
2005-12-15,51.9643898,53.17243496,51.58629888,53.11710402,73842272
2005-12-16,52.21644592,52.50231969,51.77073087,52.25640624,67600031
2005-12-19,52.69596863,52.96339762,52.50231202,52.50231202,34209980
2005-12-20,52.53613281,53.28309226,52.39473299,52.85889279,50743906
2005-12-21,52.88040543,53.08021029,52.19799936,52.63141788,52644388
2005-12-22,52.6221962,53.47059173,52.45312929,53.11709386,80228450
2005-12-23,51.81990433,52.8711788,51.65391155,52.56378951,81345567
2005-12-26,51.19282913,51.75842836,50.84240538,51.64162154,74546889
2005-12-27,53.29539108,53.47982536,50.9131128,51.33423817,82522974
2005-12-28,53.63965988,54.70937915,53.36300852,53.48596358,151772052
2005-12-29,54.78315735,55.02292255,53.36301418,53.36301418,127220281
2005-12-30,54.67248917,55.3825656,54.42350491,55.20734715,69291357
2006-01-02,55.19813156,55.45326406,54.72474618,54.89996134,51281633
2006-01-03,56.55987549,56.7996374,55.08440139,55.29957032,68687753
2006-01-04,57.16543198,57.54352287,56.55987566,56.62135156,60512596
2006-01-05,56.66438293,57.54351642,56.55986932,57.35908218,74344078
2006-01-06,56.6029129,57.26380351,56.13567895,56.66439538,89054027
2006-01-09,55.95430374,56.89799377,55.71146774,56.74430076,87383441
2006-01-10,54.9675827,55.94508808,54.6079366,55.88360562,134444371
2006-01-12,54.52186966,55.14587064,53.06176307,53.06176307,275574236
2006-01-13,54.41736221,55.14587689,54.28825889,54.71245834,141888428
2006-01-16,53.6673317,54.59257718,53.1293995,54.59257718,215346951
2006-01-17,57.08243179,57.60499987,53.6119932,53.80872394,632289604
2006-01-18,68.26079559,71.57691443,57.08244151,57.08244151,533724706
2006-01-19,69.32351685,71.79830411,68.03446087,68.88071176,89000074
2006-01-20,69.29401398,69.80569793,69.07753129,69.5695356,33771785
2006-01-23,69.11196136,69.47112801,68.29030994,69.07752199,36528785
2006-01-24,68.23619843,70.25834121,67.79339324,69.86473515,98982821
2006-01-25,67.73927307,68.86104574,67.40471252,68.48711933,117047947
2006-01-27,68.74788666,69.19561178,68.36904687,68.3788867,54941663
2006-01-30,69.96805573,70.67162275,68.88072248,68.88072248,63495319
2006-01-31,70.24848938,70.82905199,69.70728606,69.70728606,54326385
2006-02-01,69.35305023,70.73066488,68.97912382,70.31737917,43206477
2006-02-02,69.73188019,70.4452869,68.97910762,69.85487795,43943959
2006-02-03,68.54615784,69.5695256,68.38871412,69.5695256,30004832
2006-02-06,70.88318634,71.11934866,67.25710656,68.38871902,83346920
2006-02-07,70.90285492,71.19313621,69.52032063,70.90285492,59512226
2006-02-08,70.50434875,71.04555221,70.25834659,70.84382925,59064976
2006-02-10,70.80937958,71.19806571,70.3567346,70.3567346,45202538
2006-02-13,70.53385162,70.94713727,70.35672827,70.35672827,27743423
2006-02-14,70.27799988,71.27676791,70.07135708,70.35671844,57810973
2006-02-15,69.05783081,70.7404861,68.53630719,70.0713586,67014266
2006-02-16,68.59042358,69.80567421,68.29521584,69.05782818,35513864
2006-02-17,68.2066803,69.61873437,67.89671929,69.17592918,40528581
2006-02-20,69.0824585,69.22021604,67.79832199,68.29032635,28227011
2006-02-21,68.65930939,69.4711209,68.31982899,69.08243483,29401892
2006-02-22,69.26937866,69.42189585,68.68388976,68.80689406,25688530
2006-02-23,68.91516113,69.5547693,68.3936374,69.37272602,54348189
2006-02-24,69.16116333,69.60888839,68.78231702,69.07752484,21010408
2006-02-27,68.89056396,69.45636692,68.58552289,69.1759254,47238261
2006-02-28,69.75156403,70.34688636,68.41822882,69.24972,67553448
2006-03-01,69.69252014,70.24848315,69.08735146,69.66791402,39579019
2006-03-02,70.17469025,70.75033294,69.56952152,69.86472273,33440448
2006-03-03,70.43053436,70.65193692,69.69252802,70.35672913,36620586
2006-03-06,72.04923248,72.21650946,70.55353356,70.55353356,53639371
2006-03-07,72.07875061,72.81675695,71.73434371,72.15746918,47205302
2006-03-08,70.83889771,72.12794716,70.02708616,72.12794716,61494358
2006-03-09,71.51296234,71.70484549,70.01234966,71.24236059,40411075
2006-03-10,71.97543335,72.61012163,71.5523144,71.93115415,30233677
2006-03-13,72.35918427,72.93975339,71.93113893,71.98033803,34700724
2006-03-14,73.0627594,73.45636541,71.74910377,72.22634827,32703088
2006-03-16,75.62119293,75.76879684,73.06276674,73.30876888,77186860
2006-03-17,76.26572418,76.94469169,75.08983246,75.76879997,55913414
2006-03-20,76.56092072,76.75280383,75.8179944,76.42808311,21719690
2006-03-21,76.79706573,78.22880558,76.21158328,76.75278654,38242210
2006-03-22,76.01478577,77.39240013,74.64701122,77.04307335,44707366
2006-03-23,76.49203491,77.19068196,75.63594415,76.90040065,33847162
2006-03-24,76.96927643,77.24479799,76.3591878,76.3591878,24725660
2006-03-27,78.16486359,78.49451081,77.34321863,77.34321863,26706864
2006-03-28,77.82043457,78.42559662,77.50062729,78.22880023,16031818
2006-03-29,78.10581207,78.50433799,77.46620395,78.32721463,16167392
2006-03-30,78.29766846,79.39976096,77.53998273,78.32718791,28515650
2006-03-31,78.26325226,79.5080225,77.54000568,78.71589718,73076882
2006-04-03,81.55476379,81.96804942,78.81921466,78.81921466,44027176
2006-04-04,82.33705139,82.95205994,81.67776365,81.77124852,34384454
2006-04-05,82.70604706,83.14885211,82.16484381,82.95204913,39932982
2006-04-07,82.0123291,83.27678555,81.63840275,83.0996622,37107883
2006-04-10,82.2878418,82.82412514,81.0971907,81.96804107,40280750
2006-04-12,81.54985046,84.49696256,80.79708437,82.17469887,82064393
2006-04-13,83.29647064,83.92623238,81.39732589,81.67285404,76596896
2006-04-17,83.78355408,84.32967733,83.2571039,83.64087009,26106094
2006-04-18,87.70481873,88.14270385,84.01478111,84.01478111,71843982
2006-04-19,90.70606995,91.70975809,87.97052052,88.45268495,93268219
2006-04-20,97.66793823,98.37150521,92.00495646,92.00495646,130476958
2006-04-21,95.93605804,99.1882171,93.82535753,98.40100522,75692148
2006-04-24,96.15747833,98.35182429,95.05539201,95.94099568,58418086
2006-04-25,93.98281097,96.92500286,93.57936517,96.18699658,30839609
2006-04-26,96.30014801,96.62978856,93.69252335,94.46496896,41957400
2006-04-27,98.1993103,103.3210826,96.62981258,96.62981258,86212039
2006-04-28,99.27679443,99.48343726,95.54739683,96.92501131,54765263
2006-05-02,101.466217,102.622429,100.76265,100.8610548,26648041
2006-05-03,101.8991852,102.5338734,100.4772914,101.4711463,23390951
2006-05-04,106.2927704,110.2878492,102.3370508,102.5338538,124128451
2006-05-05,108.1673203,109.1267291,106.4698986,106.6371821,52275053
2006-05-08,113.653183,115.0307974,109.4219349,109.7171362,67921200
2006-05-09,113.5645981,115.0996626,111.7835512,114.1451738,63383719
2006-05-10,115.1095123,115.6211962,111.906552,114.1451836,89270042
2006-05-11,109.2497253,116.5461628,108.3395156,115.6211933,106032727
2006-05-12,104.9791336,110.263269,104.0098849,110.263269,74881301
2006-05-15,100.5314102,105.2891023,99.53756187,105.2891023,85087660
2006-05-16,102.701149,103.8032419,96.03939919,100.8561299,109591379
2006-05-17,106.8832092,107.4490122,103.8130989,105.2103933,51148724
2006-05-18,98.87334442,105.2694123,97.66301353,104.7970878,83552753
2006-05-19,96.24603271,104.3050758,94.61257649,99.38502094,122474060
2006-05-22,91.45391846,98.30263201,82.6568675,97.90902597,112969668
2006-05-23,95.16363525,96.43301176,90.64703197,92.39856634,73477471
2006-05-24,92.35429382,95.64580661,85.11689373,95.64580661,100243526
2006-05-25,93.48097229,94.66178373,90.77494252,92.92992257,79605105
2006-05-26,94.31738281,97.59414215,93.73190025,94.46498671,58021662
2006-05-29,94.06645966,96.23620612,93.57937532,94.6617886,32605426
2006-05-30,93.96806335,96.18700898,92.98897476,94.43546805,31027558
2006-05-31,93.889328,94.75033201,89.7417254,92.300151,79677166
2006-06-01,92.10118866,96.04760093,92.06635374,96.04760093,78184283
2006-06-02,95.36082458,95.74899842,92.07131977,92.56399837,49858174
2006-06-05,92.10118866,96.61493249,92.07133015,95.74900921,51169635
2006-06-06,90.22502136,92.06634901,89.57806715,91.56869396,73627018
2006-06-07,88.88134766,91.56869283,87.47298164,90.07572772,100805037
2006-06-08,82.1829071,88.08510459,80.32167374,87.69693072,104511487
2006-06-09,91.8423996,92.48437737,81.11791462,81.11791462,98846897
2006-06-12,89.68257904,94.35556802,88.91121438,91.36963111,61593736
2006-06-13,85.46247101,88.5827717,84.70105242,88.5827717,63382091
2006-06-14,85.44255829,88.88135611,83.9247043,86.09448233,75101186
2006-06-15,89.11524963,89.57806977,86.84096695,87.28885783,52498149
2006-06-16,91.72795105,94.05698103,90.37432554,90.37432554,60863192
2006-06-19,92.93227386,93.55932242,89.87666707,91.36963222,35025945
2006-06-20,92.06635284,93.16119797,91.17057107,92.56400791,39634604
2006-06-21,95.96297455,96.39593606,91.36960934,92.56398249,56845197
2006-06-22,97.05285645,98.87427837,96.26656256,96.54524858,42457577
2006-06-23,100.7155914,101.1734351,94.76363095,96.34617133,52768668
2006-06-26,97.65999603,101.9000231,97.29173451,101.0241538,61659515
2006-06-27,98.11286926,100.6160804,97.49577355,98.83446974,109435620
2006-06-28,99.62573242,100.1283638,95.76392,95.76392,56030177
2006-06-29,100.3622665,102.5171149,99.68047747,101.9099721,52730100
2006-06-30,105.4881287,105.9011846,102.0095133,102.0095133,52072458
2006-07-03,106.607872,107.4638359,104.9357424,105.6672958,38339251
2006-07-04,106.9661636,107.8619453,106.2993038,106.4983671,31663257
2006-07-05,108.9020386,109.3847643,106.0156369,106.8964893,38295941
2006-07-06,107.8171463,108.5885108,106.6128136,107.4837131,37355775
2006-07-07,102.6763763,108.8871182,102.1438797,108.8871182,57829355
2006-07-10,103.8408966,104.4928206,101.8403169,103.1143197,39154175
2006-07-11,104.4281082,104.7814471,103.1342066,104.0100759,30355671
2006-07-12,109.2902145,109.4843015,100.6359792,103.1342137,64260537
2006-07-13,107.0408096,108.9866486,106.5332018,108.115749,29174001
2006-07-14,106.4087982,107.7922822,104.5823998,106.0007187,28412300
2006-07-17,102.6564865,106.3391357,102.2931947,105.3040141,25732995
2006-07-18,99.96911621,103.5124248,98.44629273,102.8157065,55770770
2006-07-19,97.84413147,102.5071674,97.25689429,100.5264935,58942316
2006-07-20,99.07333374,100.5264874,98.06309451,99.23258573,63024777
2006-07-21,96.30139923,99.03353217,95.11200223,98.53587713,58215228
2006-07-24,96.69454956,97.04290543,93.70861268,95.74900366,46571895
2006-07-25,98.31690979,98.63540716,97.24197037,98.01831809,27579168
2006-07-26,99.52124023,100.0188953,97.65005399,98.53588293,25801706
2006-07-27,99.54114532,101.103787,98.36170109,100.0188947,40973706
2006-07-28,97.44600677,100.3971087,96.94337533,100.3971087,31577196
2006-07-31,97.42112732,99.33212481,97.15239413,98.33681473,29046931
2006-08-01,97.6998291,98.63044591,96.94339358,96.94339358,30444199
2006-08-02,98.62546539,98.97880437,97.44104465,97.44104465,18028876
2006-08-03,98.33683014,100.3274573,97.67494657,99.03354864,34767693
2006-08-04,96.32626343,99.48140456,95.7738679,98.33679552,43700494
2006-08-07,95.0473175,96.41587231,94.7537022,96.34619581,21285415
2006-08-08,97.25689697,97.51070755,95.05228424,95.10204842,19332271
2006-08-09,98.33683014,99.172895,96.54526639,97.25691414,29473831
2006-08-10,97.43606567,98.53588728,96.26657422,98.33682391,23640138
2006-08-11,100.6260223,101.024149,97.04289578,98.12778791,48343496
2006-08-14,102.4424744,102.716184,99.75015285,101.0241556,23130442
2006-08-16,104.1593933,105.0054109,102.9252085,103.014784,36026229
2006-08-17,106.1101913,106.8964918,103.3183415,105.4035202,46844190
2006-08-18,105.094986,107.3443932,104.4082204,106.2993123,18878851
2006-08-21,106.2595139,106.9860909,104.0101063,105.0054232,20695564
2006-08-22,105.9808044,107.9813773,105.0601407,107.4936751,27080339
2006-08-23,105.6921768,106.8865503,105.0203405,105.7021297,20861526
2006-08-24,110.1661148,111.4550404,104.7068245,105.503078,49476974
2006-08-25,110.5443115,111.9725832,109.5838364,110.9772731,41967707
2006-08-28,111.6839447,111.8630957,110.1959494,110.7782035,18145464
2006-08-29,111.360466,113.4555908,110.9772686,112.4602808,34556191
2006-08-30,112.3508148,112.9679039,110.1909896,110.9772836,28771180
2006-08-31,111.2111511,113.0475086,103.5124154,103.5124154,44955888
2006-09-01,111.7237625,112.3109931,110.9772733,110.9772733,18774303
2006-09-04,112.6294861,113.261511,111.9775555,111.9775555,21722805
2006-09-05,112.067131,112.9678825,111.0767975,111.9725725,13024825
2006-09-06,113.2167053,114.0627227,111.873033,112.0720897,31321902
2006-09-07,112.0422668,112.9679072,111.5048004,112.9679072,24551500
2006-09-08,112.5498734,112.9131585,110.7284448,112.4702374,39334302
2006-09-11,108.2600708,112.962918,107.7922743,112.6693027,41672348
2006-09-12,110.1661148,110.4547537,106.8069328,108.6880721,50741607
2006-09-13,111.0917435,112.0024479,110.5791591,110.6587818,35040119
2006-09-14,112.1069412,113.1569984,111.0568907,111.4749163,27713657
2006-09-15,113.5252762,113.8636726,110.9026245,112.1716508,26321350
2006-09-18,112.8136215,114.5255489,111.9875097,113.9632071,24127707
2006-09-19,111.2609406,114.0030263,110.3800881,112.9678916,26778672
2006-09-20,112.2861099,112.6494084,109.9869451,110.8777505,27366195
2006-09-21,113.3560562,113.8338055,112.4951161,112.7837616,32394562
2006-09-22,115.0580368,115.346669,112.2711637,112.9429999,46463515
2006-09-25,115.7647095,116.9491366,115.058045,115.4362659,37707061
2006-09-26,117.3572083,117.6458404,115.4710865,115.8542905,33132674
2006-09-27,116.8546066,119.11895,116.4763855,118.0440038,21181864
2006-09-28,116.2524033,117.4467831,115.7547483,116.5709072,33521163
2006-09-29,116.6256561,118.4221891,116.3618994,118.4221891,17727148
2006-10-03,115.6353149,117.0834987,115.4561639,115.9786943,9095349
2006-10-04,114.366333,116.1529137,113.7641665,115.953857,44511779
2006-10-05,114.9485703,115.8941161,114.5205851,115.4561781,35692547
2006-10-06,115.7398453,116.889431,114.6599294,116.0533662,23645475
2006-10-09,114.8042603,116.1529027,114.4708336,114.9585359,14470574
2006-10-10,114.5504379,115.9339217,114.1672339,115.4561724,11522501
2006-10-11,113.7939911,115.6452713,113.3162418,114.9585125,23692513
2006-10-12,116.3270874,116.7501029,113.6895061,113.9084818,34037745
2006-10-13,118.5117798,119.0343235,116.7500882,116.7500882,47385989
2006-10-16,120.7711563,121.3285284,118.8402529,118.9397813,38044671
2006-10-17,120.9503021,121.6072025,119.945026,120.9303965,22184239
2006-10-18,120.2834015,121.4777812,119.6563598,119.6563598,21577563
2006-10-19,119.1488037,120.8308729,118.103716,120.8308729,32234690
2006-10-20,119.7907562,121.3583608,119.4374107,120.0147016,33183754
2006-10-23,118.8253098,119.5269912,118.6113172,119.4374157,15570647
2006-10-26,116.9441528,118.8402275,116.4514809,118.4421009,21219811
2006-10-27,121.6968002,122.1347383,117.4567723,117.8349934,41792532
2006-10-30,123.0354691,123.4186598,120.6467092,121.9256949,17880493
2006-10-31,122.0252304,123.3191387,121.2538658,122.9210121,17921966
2006-11-01,125.8472214,126.2055367,121.4379963,121.5275718,48093538
2006-11-02,127.7333603,129.2910122,125.2600076,126.2055536,36317956
2006-11-03,128.1663055,128.5843379,126.205544,128.395234,28470721
2006-11-06,129.8384094,130.8834834,127.4247744,127.9970822,30595173
2006-11-07,128.5246429,130.9780902,127.9125236,130.1868065,31880044
2006-11-08,124.6379242,128.8630154,123.5530387,128.524619,42717762
2006-11-09,125.4690094,126.0662061,123.7968933,125.0111657,35843381
2006-11-10,127.9274216,128.7634862,124.7274989,126.106013,30040836
2006-11-13,127.9373932,128.9924203,127.5989835,128.1961669,9861469
2006-11-14,127.3402176,128.9824888,126.6484755,128.4350695,14216391
2006-11-15,125.6730804,127.9822051,125.2202197,127.5990142,18325127
2006-11-16,125.9816132,127.5989955,124.926586,125.9069602,14140848
2006-11-17,125.3346405,126.6036735,124.6478816,126.4046035,10982566
2006-11-20,125.3097534,126.1955822,121.9505723,121.9505723,24385013
2006-11-21,126.8076859,127.2406407,125.3246606,126.1059912,16005333
2006-11-22,127.2158051,128.4450135,126.6335442,127.389973,15767608
2006-11-23,126.5986786,128.3753192,126.3050633,127.3999017,16107904
2006-11-24,125.6431808,126.8425306,125.2400844,126.4045926,18410392
2006-11-27,124.6976395,126.3050687,124.4786771,125.608357,15857501
2006-11-28,124.4836807,126.3747729,123.4087477,124.344341,27266564
2006-11-29,124.3442917,125.9765962,124.0307708,124.9215693,15458547
2006-11-30,123.8616028,125.5088437,123.4236647,124.5135335,23547891
2006-12-01,125.5137939,126.2951113,123.9262704,123.9262704,19952019
2006-12-04,125.3993301,127.0017896,124.971345,125.906938,21858012
2006-12-05,127.3551178,128.8331468,125.906934,127.3998989,32943928
2006-12-06,127.5342789,129.2860309,126.4195348,127.8776583,27990519
2006-12-07,129.4900665,130.2863198,127.4994465,127.4994465,33453887
2006-12-08,126.3200226,129.8882139,125.90696,129.8882139,25528483
2006-12-11,123.4186478,127.3998872,122.0550698,127.3998872,39687399
2006-12-12,119.9748917,125.3097708,117.0835199,123.219609,60181243
2006-12-13,123.2594147,123.6276695,119.5369353,120.920419,45985404
2006-12-14,125.3545685,126.7430223,123.3241236,123.9163372,26296213
2006-12-15,124.7822266,126.4045782,123.9660677,126.0064516,21131992
2006-12-18,128.3056488,129.1914777,123.7222421,125.4092941,22069305
2006-12-19,124.7673035,129.1715587,122.4233513,129.1715587,36971040
2006-12-20,124.3044891,126.9022452,122.7517939,125.4092803,36757166
2006-12-21,125.5536499,126.1657693,123.7272444,124.6130735,20249661
2006-12-22,126.6584244,126.9022755,125.0360722,125.5635858,12273869
2006-12-26,127.1013336,127.8876209,126.0064819,127.8876209,14411909
2006-12-27,128.7286377,129.1814982,127.4496655,127.8975429,20441871
2006-12-28,126.8723984,129.6891303,126.2304206,129.091947,35820527
2006-12-29,126.4195404,128.0966396,125.9268551,127.4048976,19637297
2007-01-02,127.4895096,127.9772118,126.4344692,126.9022657,10061125
2007-01-03,127.8527985,128.4848235,126.937111,127.8975796,13034467
2007-01-04,127.4496689,129.3905245,127.1013064,128.3952146,26444841
2007-01-05,128.2111053,130.5849163,126.902261,126.902261,26660981
2007-01-08,127.0864334,128.7933916,126.0662476,128.7933916,19173370
2007-01-09,127.2307053,128.872976,126.6036634,128.872976,22409750
2007-01-10,126.7181091,128.4847969,125.8173578,126.9022432,42113055
2007-01-11,129.0421906,129.3905531,125.9268601,126.9022645,19496132
2007-01-12,133.3220367,133.869456,128.8929052,130.2564836,39190014
2007-01-15,135.8551025,136.5567974,133.9689804,135.8401799,28151257
2007-01-16,134.0635376,136.556796,133.7798751,136.0591409,15692397
2007-01-17,134.3522034,135.5615063,133.8844067,135.1633795,13686536
2007-01-18,136.0989532,137.8208469,134.2675784,134.8647618,30901337
2007-01-19,137.6267548,142.1305389,136.7807372,142.1305389,56511743
2007-01-22,136.7409058,138.8410068,136.4622131,137.8506799,13715121
2007-01-23,135.4171295,137.4276549,135.1284841,136.4622036,10620755
2007-01-24,136.3079834,136.795699,135.387326,136.795699,14724968
2007-01-25,136.4174347,137.3231692,135.6162116,137.3231692,22136178
2007-01-29,137.581955,138.7365237,135.8849501,136.3577297,14797851
2007-01-31,136.0043945,138.248832,135.223077,137.9452639,23624188
2007-02-01,137.114151,137.751159,135.7655087,136.1586523,8045902
2007-02-02,136.8603516,138.716615,136.1636399,137.721305,14278285
2007-02-05,138.0845947,138.4478798,136.5567881,137.3530414,8424574
2007-02-06,138.268692,140.1398776,132.3764426,132.3764426,15368716
2007-02-07,138.8360443,139.3237465,137.4774359,139.1445955,13360974
2007-02-08,139.0500488,139.6422624,137.4525723,139.040096,8767390
2007-02-09,138.5275116,140.0204768,136.3577403,139.3934349,13458978
2007-02-12,135.2579041,138.0497472,134.6855961,138.0497472,11095995
2007-02-13,135.95961,137.8507018,133.5708631,134.9642999,12632180
2007-02-14,137.0594177,138.0198862,133.5957251,135.8749906,12438544
2007-02-15,140.0353699,140.707206,137.6018292,137.6018292,17888402
2007-02-19,141.408905,142.329562,140.3389423,140.3389423,13674777
2007-02-20,140.796814,143.7628385,140.363859,142.230062,28700335
2007-02-21,140.0154877,141.8319264,138.4478698,138.4478698,13364272
2007-02-22,140.5429993,141.9264831,139.3436495,140.8366145,32546891
2007-02-23,140.6624451,143.6931697,139.5526708,141.732408,32824943
2007-02-26,139.9955902,142.3096841,136.6065503,141.3342797,63419942
2007-02-27,139.8860626,140.8465308,129.8981106,129.8981106,26148818
2007-02-28,134.6159058,137.3530145,132.4909161,134.3770245,61743983
2007-03-01,136.1337585,136.8553589,131.2865828,136.8553589,34581643
2007-03-02,131.0029449,136.4572578,130.1867859,136.4572578,41534412
2007-03-05,125.3445816,129.4900632,124.2348207,129.3905348,47152367
2007-03-06,129.1765442,130.0772956,125.7377404,126.8027202,31088166
2007-03-07,128.2608643,132.276946,125.5187719,130.4853826,30188258
2007-03-08,132.928894,133.3718019,128.395251,131.2816532,29274218
2007-03-09,131.2019958,134.3471709,129.888182,133.17271,21098499
2007-03-12,130.953186,132.834325,130.0872628,132.3665285,18864108
2007-03-13,132.0530548,132.545727,129.913128,130.9532329,13837877
2007-03-14,127.9324112,130.2863297,125.5337115,130.2863297,23510172
2007-03-15,127.7383041,130.3758847,127.3003662,129.290986,25017125
2007-03-16,129.4054871,129.9678422,127.0018173,127.7383405,22468407
2007-03-19,130.7391815,131.1820893,129.1018938,129.5000204,10332291
2007-03-20,131.6747589,132.8741085,130.9830171,131.1820737,10261183
2007-03-21,134.5841827,134.9658419,131.0689305,132.5754672,10490395
2007-03-22,138.1245117,138.5965605,135.2872038,135.2872038,21121580
2007-03-23,138.204895,138.983285,136.5928969,138.1998801,16677657
2007-03-26,137.0498657,138.9029029,135.5885175,138.9029029,12894448
2007-03-28,135.5885315,137.9989927,134.8402849,136.5928892,18664269
2007-03-29,136.311676,137.4968133,135.1867852,136.9946344,23169325
2007-03-30,137.6273804,138.089386,135.909921,136.5928794,23147171
2007-04-02,131.9678192,136.4723707,131.0940245,136.0907115,28788942
2007-04-03,134.6595001,135.1867805,131.5208791,132.6256698,23283681
2007-04-04,136.9193268,137.4918088,135.3575452,135.3876751,17412059
2007-04-05,136.4774017,137.0749987,135.8095016,136.8942058,10617290
2007-04-09,139.0334778,139.4050802,136.7937531,137.0950658,9728896
2007-04-10,139.0435638,139.6060027,137.6575467,139.5557861,11596942
2007-04-11,139.2644958,140.4496466,138.3053397,139.1188612,14678962
2007-04-12,139.3548737,139.9072824,137.8232356,139.0033579,9616770
2007-04-13,141.8105469,142.2072643,138.1245451,138.1245451,13299955
2007-04-16,146.4105072,147.0382341,142.3428466,142.4282214,14851941
2007-04-17,148.2233887,149.4487127,145.8681722,147.1386844,33423430
2007-04-18,149.1825562,150.2421454,147.9421739,147.9421739,20053251
2007-04-19,149.8855896,150.6037063,146.6967519,147.1637725,19251241
2007-04-20,154.8170013,155.1735455,150.1517436,150.1517436,20879952
2007-04-23,156.1076202,156.6801023,153.1949799,154.9726994,21884768
2007-04-24,158.9850616,159.6529617,154.7767955,156.0774372,20824121
2007-04-25,160.5368195,160.6975258,156.9813943,158.8896766,18046358
2007-04-26,160.3811493,163.3691073,159.0905372,161.7018779,54287817
2007-04-27,154.5910187,161.9027485,153.8678736,161.9027485,27450567
2007-04-30,156.785553,157.8853289,150.7543781,155.6556472,20872174
2007-05-03,163.3239441,163.7106182,158.1866369,158.1866369,32242197
2007-05-04,159.0052185,164.3132492,158.3975781,163.7357521,32242949
2007-05-07,161.3503723,162.5053932,160.295798,161.1997227,24784859
2007-05-08,160.0095673,162.1438311,159.6931963,161.5512624,18773874
2007-05-09,160.5217896,160.6975542,158.0359964,159.6931963,20192089
2007-05-10,158.8294373,161.6818178,158.1866386,161.4005917,15843099
2007-05-11,159.6027527,160.6975135,153.7925448,155.7761451,29450679
2007-05-14,162.731369,163.4092991,161.1997174,161.7018963,16711929
2007-05-15,160.546875,163.2988223,160.0446961,162.7564701,30350894
2007-05-16,164.1826324,165.5184326,160.5568911,160.7979439,24876581
2007-05-17,169.2596741,169.7116364,165.2271718,165.2271718,24973307
2007-05-18,170.5854034,171.3436932,167.7380522,169.2144586,20283846
2007-05-21,176.8626862,177.7716257,171.1629411,171.7454664,28342277
2007-05-22,178.7006531,179.27815,174.572733,177.6711805,34401499
2007-05-23,176.3806152,180.5637676,175.7629316,178.7760049,14032887
2007-05-24,173.4729919,176.7672914,172.4535625,175.7679485,24716385
2007-05-25,173.5583344,174.4572305,170.8515758,170.8666474,21165870
2007-05-28,173.1415405,175.7629247,172.3782356,174.7485236,13474797
2007-05-29,176.4559174,177.5707648,172.0266976,172.9507088,20311599
2007-05-30,176.0491486,178.7759805,174.9694594,175.7629076,26982519
2007-05-31,176.6467438,177.9473857,175.4615932,176.2650847,16331017
2007-06-01,175.8884583,178.7659398,175.4967558,178.0528515,13167670
2007-06-04,174.954422,177.6712109,174.6129361,177.6712109,12200442
2007-06-05,175.3009186,175.8633573,172.9657755,174.65812,15844324
2007-06-06,169.8673401,176.5664289,168.9634154,175.8633704,23865990
2007-06-07,167.6426849,171.424105,166.723702,168.0293591,22658622
2007-06-08,166.4273987,170.5251896,165.4280693,167.1254288,30218286
2007-06-11,167.3413696,180.7847217,166.748801,180.7847217,18858124
2007-06-12,170.6306305,171.9312724,166.9948457,168.2201695,26005430
2007-06-13,168.270401,171.7253932,167.7280489,170.5703858,19604810
2007-06-14,170.3444214,171.0424516,169.2346021,169.3350352,17465782
2007-06-15,168.9232483,171.7454989,167.5422596,170.7411411,17472641
2007-06-18,167.8887634,170.5201912,167.3765412,170.5201912,12464749
2007-06-19,173.4076843,173.7943718,167.7380825,167.8887321,19266710
2007-06-20,174.0504608,175.6423719,172.9506852,173.4076623,17149940
2007-06-21,174.1911163,175.5118451,172.8703875,174.2564046,14187474
2007-06-22,171.2533722,174.256416,170.6055585,174.256416,17986039
2007-06-25,171.660141,172.1472483,170.4197452,171.5446362,25281291
2007-06-26,171.0675201,172.7498212,170.7411059,171.6450305,12617428
2007-06-27,170.5954742,172.7397809,170.0029056,170.6406758,13754039
2007-06-28,169.9376526,172.2275944,169.3701988,171.645069,24648261
2007-06-29,170.7963715,171.8459174,169.6363357,170.7411266,23062353
2007-07-02,169.1643066,171.9463841,168.6370127,171.1428925,23953923
2007-07-03,171.4743195,172.0317298,168.340713,168.340713,23453510
2007-07-04,172.5640564,173.9199436,171.6450734,171.8459396,19068174
2007-07-05,171.7304535,173.2520486,168.7826546,172.5490034,15396233
2007-07-06,171.7354126,173.809416,169.2345619,172.1472016,13805731
2007-07-09,171.8408966,172.6946047,170.8415538,171.0323901,13210342
2007-07-10,171.0123138,172.2526961,170.2389522,172.2526961,9858905
2007-07-11,171.0725708,172.629324,169.3500963,172.4485444,10772489
2007-07-12,172.6845856,173.2620826,171.40403,171.40403,12406162
2007-07-13,178.0779877,179.8506789,173.3775844,173.7341286,38976595
2007-07-16,178.4445648,179.6799321,177.4954519,178.7760074,13185327
2007-07-17,183.5818939,184.68167,178.7860722,179.6799537,31204282
2007-07-18,183.0596161,184.7017442,181.1412902,184.2999984,26883867
2007-07-19,190.1051636,191.7322332,182.5122077,183.094733,33599436
2007-07-20,190.039917,192.3348737,188.9200544,190.7279039,31593917
2007-07-23,191.7523193,192.3348446,188.3174005,188.8195928,20646199
2007-07-24,192.0937805,193.9418028,191.6317883,192.0335207,20243493
2007-07-25,191.089447,192.0335449,188.3174132,190.3261421,19721223
2007-07-26,195.0415955,195.6994523,191.4309253,191.8326711,33158301
2007-07-27,187.5641479,194.4440158,186.3086941,192.8169461,57384677
2007-07-30,185.6809387,190.7127833,184.8021292,189.3217517,24399424
2007-07-31,190.1754608,191.0090822,184.0990984,187.3130375,19654919
2007-08-01,180.5587311,188.2169755,180.0314506,187.0117516,36609150
2007-08-02,180.8399811,184.7720511,179.9812579,184.5008683,20934716
2007-08-03,180.900238,184.6615717,180.3830009,181.8895376,26123969
2007-08-06,178.7910461,179.9812116,175.903508,179.0772871,19342158
2007-08-07,181.8091583,182.8938625,180.0063241,181.7890717,27077163
2007-08-08,188.3626404,189.3117668,182.6729373,183.0947697,28523314
2007-08-09,185.3846588,192.0837329,184.3501713,189.5226223,32078790
2007-08-10,181.6936798,182.7934558,178.3943519,182.7934558,29431457
2007-08-13,183.7174683,184.4807732,181.5430313,182.9943231,13780410
2007-08-14,184.1041412,184.8021714,180.7847268,180.7847268,8919702
2007-08-16,174.6631317,179.9812176,173.252,179.9812176,35041064
2007-08-17,176.054184,178.163346,169.0538096,171.8459167,52133783
2007-08-20,180.583847,185.3043364,178.8764309,180.7847132,20630590
2007-08-21,175.4465942,182.0602958,174.2865582,180.7847551,33584247
2007-08-22,177.3899384,180.1619715,172.2777477,175.4615698,37659201
2007-08-23,175.1602936,181.5881989,174.2563824,180.6842743,26753018
2007-08-24,178.4094086,178.9768756,174.9694747,176.3203332,14865687
2007-08-27,184.1794434,184.8423151,179.9812198,182.592547,17956745
2007-08-28,189.0706635,189.8239384,183.4964666,184.1794384,28190228
2007-08-29,189.7938232,191.20997,185.3043301,186.2082547,23266768
2007-08-30,192.038559,193.3392009,188.9200245,190.8283068,36922515
2007-08-31,196.9448395,197.8588073,190.712786,190.8282908,31770666
2007-09-03,196.6485901,198.7627671,194.8457557,196.9448744,17448851
2007-09-04,198.150116,198.5468468,192.9626054,197.2562345,17767160
2007-09-05,197.3164825,200.2692959,195.9505523,199.5662374,21831606
2007-09-06,199.1494598,199.6667104,195.1470867,195.2475198,13398046
2007-09-07,197.1457367,199.867554,196.3523019,199.1645089,16099767
2007-09-10,199.4256592,200.3697572,195.2475213,196.3523257,13639157
2007-09-11,199.8776093,201.7256319,199.365387,199.8675659,18968079
2007-09-12,202.1926422,202.9810621,200.0684087,200.4701544,21066003
2007-09-13,203.6338806,204.3871556,202.2428489,203.3827979,17281779
2007-09-14,204.36203,207.9927863,203.7092016,204.387145,22388716
2007-09-17,203.7142792,206.8378427,202.9811041,203.8850289,12641000
2007-09-18,206.7021942,207.2997912,202.4688259,202.8806015,21998267
2007-09-19,218.3377228,219.2316041,208.9017722,214.4307682,28944037
2007-09-20,219.9848633,221.1348556,217.6447053,218.5486299,23858535
2007-09-21,229.0391998,230.9022942,219.1060712,219.352139,25276339
2007-09-24,236.576889,238.9371337,229.5965881,231.002705,34178621
2007-09-25,241.0061493,243.6576638,232.5343955,232.5343955,29360349
2007-09-26,233.2073212,242.5528837,232.5092775,240.9459003,34436400
2007-09-27,232.840683,238.0332215,231.5500708,234.0860802,30579013
2007-09-28,230.8068848,236.0245253,227.4874701,236.0245253,30223702
2007-10-01,230.2193298,233.9103335,227.2112712,232.0070927,38920492
2007-10-03,240.634491,245.0637377,224.474351,231.2035691,58659731
2007-10-04,243.6475677,245.0486427,237.2296928,239.0375419,30557209
2007-10-05,250.3366089,252.5964203,243.0549823,250.5675916,35575321
2007-10-08,243.1755676,254.3038501,239.6251436,251.5921028,32690288
2007-10-09,261.1334534,263.0266638,220.7280603,234.1161782,36199645
2007-10-10,262.9815369,269.5701359,259.3507663,264.6387232,43742833
2007-10-11,264.2017822,267.0591771,259.3657886,267.0591771,42900147
2007-10-12,257.6935425,273.6578171,255.2931247,264.3976453,87039965
2007-10-15,267.7974854,269.1684175,258.7431652,259.6370601,43056335
2007-10-16,266.3109436,271.172039,263.0417595,266.6574579,49332781
2007-10-17,269.9266052,271.6792093,226.0812806,252.8976885,75476314
2007-10-18,259.4411926,300.2031162,253.7012729,276.1989328,66271385
2007-10-19,248.006546,271.1771216,243.0249297,263.5439907,46568956
2007-10-22,242.0557098,249.3824991,238.2140163,241.0463102,44200234
2007-10-23,261.1184082,262.5395699,246.5702533,248.0768032,42698443
2007-10-24,262.6450806,266.2256211,256.7745848,265.1509468,37642822
2007-10-25,263.9507141,267.9430435,260.3500872,261.6356576,36587556
2007-10-26,271.0063171,272.5630701,261.6657725,266.1552519,34497805
2007-10-29,284.0228271,285.7402731,274.6923122,277.7053851,39456350
2007-10-30,278.1573181,286.6893557,275.224592,285.1376178,38271801
2007-10-31,279.593689,283.0788121,276.6007015,278.0068188,36337643
2007-11-01,269.2286377,285.1376966,266.1603193,283.2294141,52379007
2007-11-02,272.5129089,273.6880165,258.8234878,258.8234878,33839830
2007-11-05,267.2752075,274.6924009,264.4479282,272.5129353,38966769
2007-11-06,267.7824402,276.701143,266.2809046,271.0466106,26487784
2007-11-07,278.2979736,281.6224028,271.1770664,276.7010473,30466913
2007-11-08,275.4807434,280.6983831,266.356136,276.1988735,31842605
2007-11-12,268.7263794,271.6490486,261.3342912,266.1552125,39563331
2007-11-13,270.4840088,273.5673979,267.1595803,269.7709206,37113194
2007-11-14,290.1041565,291.1637588,274.1900887,274.1900887,53647963
2007-11-15,288.7634277,292.2686365,286.2424633,289.2555633,23093037
2007-11-16,289.4212646,294.0764791,283.4302499,286.2424568,22269626
2007-11-19,286.3328552,291.8668658,285.3385274,289.772789,15561048
2007-11-20,279.6990356,287.0459096,277.2232866,284.233703,33284548
2007-11-21,272.1312256,281.0097522,270.1727133,278.2076019,37514807
2007-11-22,273.6629333,278.1775157,267.7623204,278.1775157,30793018
2007-11-23,282.3454895,284.5350109,273.1957821,276.2038397,20879620
2007-11-26,289.7125854,291.6359398,284.0429824,286.8652197,26472035
2007-11-27,285.569519,290.7620568,283.7315534,290.7620568,21357048
2007-11-28,280.4472961,288.1306279,278.1071383,286.7446246,20948085
2007-11-29,282.4811401,285.6097181,281.0198052,285.1376691,35395334
2007-11-30,286.4082031,289.5568678,282.55648,283.7315874,27007770
2007-12-03,294.7695313,295.5730229,286.8451312,290.0791577,21453424
2007-12-04,287.4979248,297.8528852,286.2625575,296.2860753,23074751
2007-12-05,291.4048767,293.2729858,287.749005,292.5398108,17131715
2007-12-06,288.6328125,300.1025918,287.7740762,296.2860276,21700398
2007-12-07,285.3837585,291.7664492,281.4567039,291.7664492,28847057
2007-12-10,283.5256042,288.1305877,281.3511814,286.2423924,16149578
2007-12-11,289.8230286,291.158829,284.2337723,286.7446803,27847587
2007-12-12,289.3459473,292.2686442,285.238113,288.3516462,27173714
2007-12-13,284.5099487,293.6898016,282.7573443,289.7276155,28950529
2007-12-14,290.1243591,291.2643084,281.7228955,281.7228955,31167534
2007-12-17,278.7198181,290.0590223,272.1814229,286.2474994,31451054
2007-12-18,273.9441223,281.2307652,271.4834442,279.7141583,36252011
2007-12-19,271.5587769,279.7041295,266.310993,269.1734035,33185923
2007-12-20,272.5480957,279.6137598,270.3636151,272.6836871,21879693
2007-12-24,280.0706787,281.2156427,270.9761879,277.8058255,23564594
2007-12-26,290.9126892,292.7406247,281.0197502,281.2206163,27736485
2007-12-27,290.6465759,293.8755869,288.763422,291.264273,33440220
2007-12-28,290.7470093,294.2773464,286.8701847,289.9585894,15896769
2007-12-31,289.5267029,294.2773353,288.2511893,291.6157915,11211489
2008-01-01,286.0667114,291.1638587,284.7459827,290.259934,10540548
2008-01-02,287.4226074,289.6573176,282.3556302,286.7446773,27276294
2008-01-03,291.6358948,294.2773521,284.2588495,286.4433564,30204199
2008-01-04,300.6047974,303.2964576,291.6659849,291.6659849,35463186
2008-01-07,303.3417053,304.3209615,297.2904304,298.7768938,27412209
2008-01-08,306.7966919,309.7444904,301.307869,306.3798878,42941270
2008-01-09,304.687561,308.3384183,302.5482689,306.0936781,22068981
2008-01-10,304.0999451,311.100332,302.8143748,304.8230901,35935303
2008-01-11,314.1234741,315.3688712,303.8187446,309.2924952,44021961
2008-01-14,323.4891357,325.4124898,313.9627957,317.2771681,24160570
2008-01-15,317.9350586,331.2377909,315.4994823,331.2377909,33236461
2008-01-16,310.7136841,315.8710638,303.8187449,312.3557985,48600925
2008-01-17,300.9613647,317.2771694,298.9124761,317.2771694,41921623
2008-01-18,281.1805725,298.7970507,279.2120298,298.7970507,50776299
2008-01-21,255.1876068,279.1918073,235.5473773,279.1918073,72442557
2008-01-22,236.7727509,249.8846735,212.9242353,236.2504719,76700972
2008-01-23,256.1820068,283.7315963,241.0462967,243.0550123,64128524
2008-01-24,249.9750214,265.6530682,244.5615307,260.1291145,42719162
2008-01-25,262.6802063,263.6443909,253.6008129,258.6226019,26217694
2008-01-28,257.7588806,260.6012315,244.059429,257.6182743,26471239
2008-01-29,258.813324,265.6529892,255.1423819,265.6529892,17399346
2008-01-30,248.2675781,260.9325506,246.3693528,255.6295503,21854267
2008-01-31,248.9706268,258.0902176,238.1335903,248.2776252,49427967
2008-02-01,255.3834381,257.1410837,243.0549246,250.0854534,18456589
2008-02-04,260.2496338,265.3517685,254.7055667,254.7055667,25814077
2008-02-05,262.8509521,264.5483117,257.7488168,261.133506,15151447
2008-02-06,256.3627625,258.1203817,251.2204543,257.1059941,19264427
2008-02-07,243.6023865,259.1247837,241.7594057,253.0986104,27417100
2008-02-08,243.6978455,247.875997,240.041973,244.5716537,27651544
2008-02-11,228.6926575,242.4523928,224.4743471,242.4523928,41653038
2008-02-12,233.4985352,243.0549915,226.6839423,229.0944169,35641327
2008-02-13,239.9917145,247.9713311,236.0295018,238.0332022,41541105
2008-02-14,252.772171,254.4042287,246.0680686,246.0680686,25193638
2008-02-15,260.5258789,261.1335193,247.6750814,251.5820497,18833476
2008-02-18,256.4833374,262.6400613,254.9064974,261.1335378,11414925
2008-02-19,256.5686646,262.9413248,254.1029452,260.129118,14075130
2008-02-20,249.4829254,256.1116977,247.2733436,251.1099953,19315507
2008-02-21,250.7182617,255.2077414,247.2130531,252.0942352,14064753
2008-02-22,244.5063019,249.0811699,242.5528313,245.2947217,17346910
2008-02-25,256.2572937,257.6181954,242.0556541,250.5876654,16217938
2008-02-26,258.7883301,259.7274131,254.3139212,257.6082076,12791606
2008-02-27,259.9734497,264.95005,258.1254272,261.6356508,23321593
2008-02-28,254.4293671,261.1334697,252.7671392,259.1247545,24690014
2008-02-29,247.4189911,256.3126179,242.0506872,256.3126179,29196461
2008-03-03,231.6052856,241.026177,229.9531145,241.026177,26500060
2008-03-04,225.2979126,234.8192364,221.9634272,233.0113874,39850780
2008-03-05,230.2745514,233.0114269,223.6809244,224.9865948,25698697
2008-03-07,225.8051147,228.8634028,217.5693738,228.8634028,29082647
2008-03-10,228.4466095,229.8778012,213.1602506,222.0538489,45876779
2008-03-11,235.8135681,236.5266833,221.4010175,225.9808871,32079079
2008-03-12,238.4952087,243.8986427,237.0288321,242.9344582,27963509
2008-03-13,225.2828827,233.513596,221.1198035,229.9983573,35443360
2008-03-14,233.2725677,235.0101006,224.0023245,225.9809102,23942995
2008-03-17,218.970459,228.2909174,216.4394648,227.0957235,41204921
2008-03-18,216.0377197,225.9607901,212.9242136,225.9607901,34696227
2008-03-19,216.8512573,235.5222909,215.4501823,225.9808796,29746169
2008-03-24,220.9842072,221.9333334,213.4665823,216.9416612,26119935
2008-03-25,232.3887177,233.5085802,222.4656463,222.4656463,27254936
2008-03-26,230.9474792,234.6234379,228.0448688,234.41753,20401798
2008-03-27,228.0699463,232.4087625,225.3782594,229.998315,36296397
2008-03-28,236.2705536,237.8222918,224.1379008,234.4175161,34512259
2008-03-31,227.5677643,234.5179212,225.9909247,231.5048483,27093559
2008-04-01,235.5474396,238.5354113,225.3280705,230.9022816,26807230
2008-04-02,235.3766785,246.3493086,234.0157766,240.5441151,32063820
2008-04-03,240.6495056,242.8540717,235.6227033,236.0244356,17304422
2008-04-04,233.1269531,242.5428045,232.1778134,239.5397877,21753752
2008-04-07,241.5384521,244.0292736,226.6086488,226.6086488,23036200
2008-04-08,239.2133179,243.3412383,237.023823,241.0462686,24671220
2008-04-09,242.8792419,244.2401437,236.1299242,236.5266684,19966184
2008-04-10,247.9411774,253.0382966,241.6488644,243.5571464,32081433
2008-04-11,256.2673645,257.8191027,247.624862,255.1073287,37507186
2008-04-15,262.318634,264.8496284,249.7189338,252.5863858,37333368
2008-04-16,265.4020081,267.7622526,262.6701476,263.1472115,31515766
2008-04-17,265.1559448,272.9849257,263.1924175,269.1884475,21934177
2008-04-21,265.5125122,269.1683844,263.3531603,264.1164519,18499558
2008-04-22,261.8716431,268.6661485,260.8471989,261.2338863,25134990
2008-04-23,258.8836975,264.3474183,257.9195131,262.3387029,27790487
2008-04-24,259.3909302,261.1335047,256.7494727,261.1335047,28908505
2008-04-25,263.5941772,264.548305,257.3169346,260.1291416,29490656
2008-04-28,260.2697144,265.6530616,259.3808615,264.2469716,17866432
2008-04-29,267.1546021,268.6661669,259.1247558,259.1247558,21756290
2008-04-30,262.5898132,268.6661896,261.7963516,266.1552818,23952348
2008-05-02,268.6410217,303.9191523,264.0460945,303.9191523,21082119
2008-05-05,268.0836487,272.080993,266.1552797,268.6762173,18407373
2008-05-06,266.155304,269.3692436,261.1335149,261.1335149,18400969
2008-05-07,270.0672607,271.1770665,263.5439371,271.1770665,22305438
2008-05-08,269.2984314,271.1915286,267.8192917,270.5857299,16574019
2008-05-09,255.2794037,269.9445475,253.4216504,269.1216742,30690657
2008-05-12,257.848938,258.8838178,250.0998887,253.5276333,24158943
2008-05-13,252.523056,262.5084724,251.2004145,262.5084724,22755830
2008-05-14,255.5167084,257.9701508,250.4179823,254.4313338,17585152
2008-05-15,264.8256226,265.810035,255.516664,255.531815,21878267
2008-05-16,266.112915,267.3547871,262.811366,265.6383805,16919206
2008-05-20,262.8063354,266.0422392,259.8834002,265.032593,15553322
2008-05-21,269.3437805,270.080843,257.4854864,260.4891911,29178778
2008-05-22,265.1386108,267.5567094,262.2055661,266.0422267,20887381
2008-05-23,258.0861816,266.5470319,257.4601909,265.5373859,18053839
2008-05-26,253.9870911,257.949948,252.6240645,256.4506162,23292457
2008-05-27,251.9172516,261.4786277,250.3926863,258.4698549,15293041
2008-05-28,254.6836853,255.9457496,249.4839986,252.9168114,18875789
2008-05-29,248.6460114,258.0104783,246.8589181,258.0104783,36074351
2008-05-30,242.6689148,252.3009525,241.331149,252.3009525,31400272
2008-06-02,238.1558075,246.3541593,236.2576692,245.1425622,23995763
2008-06-03,242.9868927,244.8294947,233.5315474,237.2672457,31603646
2008-06-04,232.9257965,246.7579848,230.7045802,243.2242096,34076759
2008-06-05,226.8477325,237.2673002,219.5984638,237.2673002,67512736
2008-06-06,226.0097351,232.1181209,223.3341629,232.1181209,43442435
2008-06-09,218.3565826,224.0812855,213.1367028,220.3052017,45759185
2008-06-10,221.895401,227.1708032,216.5695044,227.1708032,39890958
2008-06-11,228.3218231,230.1997419,223.1322184,230.1997419,41869703
2008-06-12,229.9271545,231.714221,217.7154526,227.175868,45823345
2008-06-13,229.230484,232.2089552,225.6563374,230.9065059,30620547
2008-06-16,230.4370575,237.2673144,228.4026138,237.2673144,27675956
2008-06-17,235.5407867,236.2576298,228.1804337,230.2047943,21817003
2008-06-18,230.9165802,237.2672597,230.1997102,237.2672597,25210402
2008-06-19,226.9840088,229.1951422,225.1767366,228.0643148,17822807
2008-06-20,211.9453278,228.1855331,209.5322702,228.1855331,46870019
2008-06-23,204.5243988,210.2995824,200.1475715,210.0067794,47741229
2008-06-24,208.2601166,215.3579424,203.4440843,206.4730365,52403051
2008-06-25,215.6607819,216.8723652,197.51236,197.51236,36568788
2008-06-26,226.1157227,228.1703584,215.6608123,216.5694966,83441319
2008-06-27,220.3708496,226.9688939,215.5851192,219.6994325,57025184
2008-06-30,211.5364075,223.8288789,209.8048633,220.1032761,52730468
2008-07-01,206.3872223,216.9733844,204.5900459,213.0357611,51852931
2008-07-02,216.4685211,220.4061437,200.9199413,205.9378967,60769519
2008-07-03,209.0072327,215.055027,204.5143058,215.055027,43012613
2008-07-04,211.8140564,215.1761828,206.9828869,209.0021927,35613854
2008-07-07,204.7768097,214.0453839,201.6267168,211.0214866,32556971
2008-07-08,199.8547668,203.6409467,194.892347,201.7276711,42090551
2008-07-09,209.9209442,211.5161828,201.9295732,201.9295732,30800621
2008-07-10,206.6396179,210.486375,205.1200938,209.6938037,25189447
2008-07-11,203.5551453,208.8860831,201.121882,207.38171,29313661
2008-07-14,206.3165283,209.5019647,200.9199584,201.9296046,32490063
2008-07-15,199.6477814,206.6547405,198.6987124,202.4344111,41694564
2008-07-16,196.2251282,204.4537691,193.8524551,200.9351443,33919101
2008-07-17,203.8025055,206.4427339,198.4059357,205.7662621,27019109
2008-07-18,213.3588562,214.7521714,200.9199944,200.9199944,33682872
2008-07-21,217.3620453,218.5130515,211.3243612,216.9733352,26038363
2008-07-22,217.2913971,222.0216047,214.5502067,214.5502067,24964382
2008-07-23,228.9175262,230.0987943,219.0936472,219.0936472,44183828
2008-07-24,233.0318298,235.2480048,228.1703715,228.1703715,29147884
2008-07-25,216.7815094,236.1011173,215.5598298,236.1011173,62377468
2008-07-28,220.0931549,221.0119353,212.6318539,217.0793542,29603543
2008-07-29,210.3197632,217.9779468,209.5019447,216.0444655,31092016
2008-07-30,218.6392975,219.4974874,212.0311438,215.8627636,18342355
2008-07-31,222.8797913,224.1418557,217.6043893,223.6168402,28463721
2008-08-01,231.9766846,233.5315519,217.3771883,219.098636,33025291
2008-08-04,226.4034576,237.2470916,225.4140173,237.2470916,35839785
2008-08-05,229.8009491,230.805554,222.6274084,227.8422337,41976693
2008-08-06,232.0776978,237.1663408,230.8156601,231.2094252,36432724
2008-08-07,229.4526367,233.9253716,228.2057232,232.0171237,24556347
2008-08-08,227.3525543,230.6036364,225.257547,227.1405477,28902817
2008-08-11,234.7684174,235.8537648,227.2869097,227.2869097,25610677
2008-08-12,236.989624,239.7409104,233.7436107,236.2576299,32882192
2008-08-13,235.9395905,239.8923641,232.9611195,235.2277887,28458078
2008-08-14,229.8665771,236.7624518,228.316751,235.8537675,20978604
2008-08-18,224.6265106,231.2094308,223.152426,231.2094308,21991145
2008-08-19,224.1014557,225.5553477,221.6581099,224.6466635,18173673
2008-08-20,226.8022766,228.180427,223.8894377,224.1418425,19893266
2008-08-21,223.3997803,228.3066783,222.3800378,228.3066783,17102509
2008-08-22,226.645813,228.1703786,222.0317179,222.0721027,20077470
2008-08-25,225.3534393,230.7045695,222.66273,222.66273,12172890
2008-08-26,220.0376587,224.0409138,216.7361092,224.0409138,30411756
2008-08-27,216.872406,222.1124783,216.0646836,222.1124783,32314258
2008-08-28,209.0829468,218.8916732,207.2605236,218.8916732,41999424
2008-08-29,215.681015,216.86231,211.9251235,216.0646838,22026362
2008-09-01,216.2312622,218.6342233,212.3289694,214.045376,20027134
2008-09-02,223.4098663,224.6466836,214.5502081,216.0646774,22061325
2008-09-04,217.3015137,227.1708189,215.2569739,227.1708189,23303097
2008-09-05,210.0976563,212.5309195,208.4923212,212.5309195,28217684
2008-09-08,215.3781128,221.1129116,214.5501981,221.1129116,25098286
2008-09-09,216.3221741,217.9830452,210.6681436,216.5695376,17241294
2008-09-10,210.2743225,215.5295452,209.1990579,215.0499559,33404610
2008-09-11,201.667099,208.9971367,200.1374787,208.9971367,49802072
2008-09-12,195.1296539,205.968235,193.8221631,204.8525718,59654354
2008-09-15,190.5155487,191.8331356,184.0840852,190.7932007,43957670
2008-09-16,194.6651764,195.366882,181.7366319,181.7366319,39166941
2008-09-17,189.4756012,197.8910273,186.6334488,197.8910273,35299106
2008-09-18,195.6950226,196.6794215,178.202865,181.9385638,76522901
2008-09-19,207.4927979,209.1940537,197.8910479,200.0113025,45121517
2008-09-22,205.8773193,213.0357353,203.5753336,212.0260891,50737652
2008-09-23,202.5808258,211.6626136,201.9296012,201.9296012,45365420
2008-09-24,206.5840912,208.4872842,200.9250201,200.9250201,47808469
2008-09-25,204.5243988,207.9571985,201.2228496,206.0792528,43038005
2008-09-26,198.2140961,205.4633778,197.5073491,203.7469712,30364929
2008-09-29,195.1498413,199.9103382,189.9148233,199.405515,53055417
2008-09-30,196.8157043,200.4150974,182.281827,190.8133506,59449825
2008-10-01,192.5095978,198.1939162,190.1621723,197.8910304,30413112
2008-10-03,177.8444519,197.7900389,176.2491996,197.7900389,93519208
2008-10-06,165.7438202,176.5874405,164.8351359,174.5681347,52962304
2008-10-07,169.0806885,172.8517305,162.9066989,167.7176622,56489869
2008-10-08,166.4455109,168.1972472,152.3457688,164.5726067,67137013
2008-10-10,154.2338409,161.5134119,149.1250189,161.5134119,73448501
2008-10-13,158.6561127,160.9379063,156.5156523,157.3031823,39084214
2008-10-14,163.6689911,168.4092813,162.5533282,164.0677974,40474211
2008-10-15,153.4866791,161.5133802,152.0984056,160.5390641,45259130
2008-10-16,140.5379639,147.9134415,133.7783674,146.3989722,89683073
2008-10-17,131.865097,145.3893467,129.9215325,141.3507477,62609392
2008-10-20,133.3643951,139.3314196,129.3359069,134.2781342,61508244
2008-10-21,140.8408508,143.8748444,133.6269257,136.3024841,58829228
2008-10-22,132.9504547,138.6802126,131.809558,138.5792507,39086690
2008-10-23,122.9398117,130.9412675,120.6933345,128.3262725,62538390
2008-10-24,102.9336166,122.1472173,99.95515891,121.1577635,80998549
2008-10-27,108.73909,110.0516354,93.89726287,103.7059966,86584017
2008-10-29,121.3344574,122.9650398,116.0085606,121.1577673,67998730
2008-10-31,138.8720551,140.8408668,124.726883,127.7154508,91581008
2008-11-03,145.5609436,146.9037775,141.0579074,145.288333,61689421
2008-11-04,146.5605011,147.8124693,138.8467948,146.398962,54802265
2008-11-05,128.1293793,151.972203,125.0246993,151.972203,102413467
2008-11-06,118.1843491,124.4896035,116.7456079,121.1274769,83827121
2008-11-07,123.2527847,125.1761701,116.2407834,118.4317246,62624476
2008-11-10,131.567215,132.13767,124.69152,126.2362777,43389771
2008-11-11,121.9352264,130.2446377,120.5570621,129.2450739,59637607
2008-11-12,117.3413086,121.8241535,115.3573593,121.1577777,72334211
2008-11-14,115.7813873,120.6529419,109.7840803,120.0875416,98632848
2008-11-17,115.2412262,118.1187218,108.8753951,116.1095257,65078384
2008-11-18,115.0948334,116.3114583,108.0676809,111.2682684,64322213
2008-11-19,114.3375854,123.3638375,112.5757527,116.2357235,88865366
2008-11-20,106.6238708,110.9603065,105.0033849,109.5467992,67832147
2008-11-21,113.519783,116.7153156,104.2057758,107.5275175,76070173
2008-11-24,115.5845108,118.7901533,108.5371724,118.7901533,65458351
2008-11-25,108.2140808,120.0269633,106.1140121,118.1288252,66249013
2008-11-26,114.9888077,115.8066262,107.6941067,107.6941067,74275220
2008-11-27,114.9888077,114.9888077,114.9888077,114.9888077,0
2008-11-28,114.5395279,118.0985369,110.1526041,113.0805809,63797424
2008-12-01,112.0103683,119.1384833,110.8745128,113.6157036,55672136
2008-12-02,108.43116,109.4155658,103.4889319,108.0323469,62975613
2008-12-03,107.9414825,112.4748014,106.013049,111.116823,57455881
2008-12-04,117.0282898,118.1288015,106.0231251,109.4458281,81077077
2008-12-05,112.8382645,119.3403945,111.3641799,118.6336476,58443609
2008-12-08,112.9341812,118.603355,111.7680373,116.3316443,60947625
2008-12-10,123.9039993,124.5905673,114.7969781,115.9782595,65787255
2008-12-11,127.1146698,131.0220035,120.4812836,126.2059857,79516743
2008-12-12,131.9710693,133.6773795,121.7887712,125.1963367,86870714
2008-12-15,135.3483734,137.2111681,128.4474302,136.2015219,86264860
2008-12-16,140.189621,141.0276183,133.8439827,136.302466,67795872
2008-12-17,136.4438171,142.0574609,134.2932611,140.3410546,77332575
2008-12-18,137.4131012,138.5237093,129.4924024,135.2928334,93671319
2008-12-19,136.4337463,139.0790162,133.5259485,137.3373758,72070062
2008-12-22,129.7953186,136.5448196,129.1339977,131.7590889,42665195
2008-12-23,127.1904221,129.3359237,125.8425331,129.3359237,33676275
2008-12-24,125.3982925,126.912762,124.2018599,126.3069769,35923133
2008-12-26,122.182579,128.730143,121.5616429,126.206027,27758079
2008-12-29,125.832428,126.4028831,119.9461862,121.1577562,51221529
2008-12-30,126.2564926,128.5282034,123.9999328,127.2207127,39436803
2008-12-31,124.464386,127.7911696,122.7732263,126.6098879,43146700
2009-01-02,129.881134,131.2441605,126.4079358,127.1853696,43414060
2009-01-05,137.9027557,139.0285147,130.7595051,131.1532565,48183501
2009-01-06,138.4126587,140.3410855,134.4094036,137.3121332,52756287
2009-01-07,121.2334671,139.9371928,118.6336239,138.2207864,74375989
2009-01-09,116.4376602,122.1674044,110.4201544,122.1674044,83016869
2009-01-12,110.8492661,115.6047146,109.5468167,115.0695894,64436797
2009-01-13,108.7946167,115.7056623,107.5275109,110.5261675,57574149
2009-01-14,119.1132355,122.9751441,110.1627104,110.1627104,57312974
2009-01-15,115.3371201,117.1141036,111.8185031,115.2815977,54892324
2009-01-16,122.9095001,124.287664,115.0897638,116.2104815,58287963
2009-01-19,124.1766357,126.2009698,121.9655018,123.641524,37148665
2009-01-20,119.5070038,122.8539932,117.9269022,122.8539932,40660034
2009-01-21,113.0654373,119.4312756,112.0709354,117.1191801,43462384
2009-01-22,114.7263184,116.5992094,111.7781423,116.0994411,61203969
2009-01-23,116.7304382,134.7879953,113.080564,120.9558223,70946672
2009-01-27,123.7778015,124.5350429,118.1288266,119.7442579,39227602
2009-01-28,128.6291809,130.2446259,123.8232577,126.004103,40185450
2009-01-29,128.2354126,130.7494458,125.3225865,129.7397859,55501398
2009-01-30,133.6370239,134.3639633,124.9944267,124.9944267,48641391
2009-02-02,129.2349548,136.5851993,128.5837301,130.2446146,46945414
2009-02-03,131.8802185,134.7577141,128.5332298,130.244595,60467187
2009-02-04,132.0114594,135.040411,130.7595047,132.7687006,34707190
2009-02-05,130.1234283,134.1822188,128.3414033,134.1822188,35930771
2009-02-06,135.7825165,136.3024771,130.8100003,131.2542462,37982348
2009-02-09,140.3107758,141.2497485,135.3937823,136.8072895,38828552
2009-02-10,141.5476227,142.7743439,138.5590685,140.2300357,59468514
2009-02-11,139.4576263,140.2704035,137.4131002,137.8169614,36794369
2009-02-12,136.4589539,139.2001438,135.8279217,139.2001438,27513310
2009-02-13,140.583374,141.7545727,137.413089,138.018874,25414398
2009-02-16,133.2937469,141.052894,132.3749664,139.7807332,40197078
2009-02-17,127.9526901,131.9609861,127.0339097,131.3703386,33499857
2009-02-18,130.7645874,133.0514361,125.1963812,127.9224346,40022087
2009-02-19,130.6232147,132.1629312,129.4469746,130.2446008,26286999
2009-02-20,126.5493011,129.5378553,125.3528685,126.816857,32176864
2009-02-24,126.5341263,127.5791158,121.2940546,124.6915241,39986923
2009-02-25,127.876976,129.8407462,127.4731148,127.7204783,25854675
2009-02-26,130.3253784,130.9513559,126.3372609,127.0137328,33594353
2009-02-27,127.8264847,130.5474826,125.8576733,130.1840062,42086745
2009-03-02,123.7474976,127.589213,122.6722329,124.0554381,43205200
2009-03-03,120.8397217,126.4028854,118.633643,124.1867105,45821621
2009-03-04,122.2784653,122.9448274,116.6496701,116.6496701,52293436
2009-03-05,116.0893478,123.1770778,115.3270515,121.9654942,62274477
2009-03-06,118.1187363,118.8355795,112.6060529,114.0902338,39923401
2009-03-09,116.4477539,117.9268797,114.9130923,117.2201328,29283265
2009-03-12,121.3597183,122.6318657,116.9172581,119.2394501,42565853
2009-03-13,129.6640472,130.6282538,123.7828468,124.1766118,35991799
2009-03-16,134.0409088,134.6870788,128.3262874,129.6640804,39608190
2009-03-17,131.2744446,135.5957364,130.5626428,134.2831909,41608363
2009-03-18,134.42453,137.5140592,132.7788103,132.7788103,38224746
2009-03-19,135.8683472,136.6912207,133.2836542,135.0909268,37983276
2009-03-20,135.2120667,137.3020324,133.4754676,135.1918743,44674678
2009-03-23,145.2328339,146.3989779,136.7063495,136.7063495,43499158
2009-03-24,146.6463623,148.9231148,145.3893524,146.4040402,60343381
2009-03-25,154.6982727,156.394487,146.3989731,146.3989731,83712931
2009-03-26,158.0603638,159.4233899,153.7693615,156.4651252,71881938
2009-03-27,156.3692322,159.8676639,154.980972,156.8993025,59012548
2009-03-30,153.1080627,154.980967,150.9423689,153.5775559,60118929
2009-03-31,153.9460754,156.6923205,152.9616765,154.9809688,49999155
2009-04-01,159.6506042,160.9379026,151.1796555,153.7694032,41804082
2009-04-02,167.7378693,169.6208698,161.7708579,162.553333,48027558
2009-04-06,168.7727814,175.9109923,166.1476902,171.6401812,46014129
2009-04-08,174.1794586,175.5778152,162.0485378,165.5772587,80451816
2009-04-09,175.2496643,178.4906366,172.1702446,176.688419,45443125
2009-04-13,179.0661011,180.6260098,173.9623349,177.6929786,33290726
2009-04-15,184.7706299,185.7449461,174.98715,176.6884056,52910376
2009-04-16,175.1739197,185.7752171,173.4928567,182.8573369,57919904
2009-04-17,173.351532,179.7829959,171.8774473,176.6985212,56174264
2009-04-20,173.1949768,177.1629008,170.4588419,173.659415,43137461
2009-04-21,172.2560883,175.0376776,170.0954486,171.1353837,43770744
2009-04-22,173.4575348,174.9720041,170.7314819,173.6594586,38704160
2009-04-23,178.0716248,179.2024252,171.2363004,173.3565682,37089448
2009-04-24,180.6109009,181.9385839,174.3662237,176.6884154,47905047
2009-04-27,180.27771,182.4434039,177.7990205,180.8279727,36727750
2009-04-28,175.3910217,180.9289385,174.7700856,179.8183169,35210193
2009-04-29,182.3676605,183.7559341,176.2693854,176.7893595,37372907
2009-04-30,182.7664795,182.7664795,182.7664795,182.7664795,0
2009-05-04,190.5306854,191.3283116,185.8055324,186.885852,37496293
2009-05-05,190.182373,191.2980361,185.3713953,190.3186784,42684575
2009-05-06,189.9652557,195.6798617,187.7945072,190.7224836,42714525
2009-05-07,193.4031372,194.3471514,186.7848875,186.7848875,32146923
2009-05-08,191.8634186,195.064006,189.309001,193.8524224,34869757
2009-05-11,187.9561005,194.6601616,186.7949978,193.7514772,32877309
2009-05-12,197.8809204,199.4458707,186.0781346,186.7798402,40121823
2009-05-13,195.164978,199.4055004,192.438925,199.1278484,45730547
2009-05-14,192.7367554,194.6096597,189.834026,192.060297,35410007
2009-05-15,196.9520416,197.8910145,193.009364,193.3475932,27591942
2009-05-18,239.0392303,255.945783,212.1522882,216.7714377,462151
2009-05-19,225.2423859,252.412023,222.1225814,247.3637917,91641231
2009-05-20,217.321701,227.4434244,215.6810225,222.1225824,59032384
2009-05-21,213.585968,219.8003558,212.2835324,216.5694802,34800216
2009-05-22,220.6837921,222.8494858,211.1173879,212.0058662,38903746
2009-05-25,221.5924988,223.6370384,217.4781858,222.1225691,27159102
2009-05-26,216.3372803,223.0312443,215.1055044,220.1133639,21734582
2009-05-27,220.7444,222.6274006,217.3216963,219.2955627,45717213
2009-05-28,224.1974182,226.7669736,220.1032972,220.1032972,39356028
2009-05-29,229.3819122,232.9964566,223.4350937,226.6457769,55968204
2009-06-01,230.421875,235.2479896,227.7917428,235.2479896,26050762
2009-06-02,230.1189728,233.0722102,224.550781,232.2291444,28865737
2009-06-03,226.7568512,232.9762947,224.6971739,228.3117188,30082029
2009-06-04,228.3571014,229.0739714,218.0839374,224.6264578,33775337
2009-06-05,223.4098663,230.3007266,221.1129219,229.6949281,40927517
2009-06-08,221.5167847,228.3622054,219.6994161,222.8293166,33055905
2009-06-09,229.4071808,231.3103873,219.5984664,220.9109985,36345045
2009-06-10,234.2585449,236.2475353,230.8206903,231.3103758,34694005
2009-06-11,232.5471344,234.7431165,230.4521142,234.238307,22236115
2009-06-12,238.4889679,240.1952649,232.7491005,233.2287034,43019175
2009-06-15,219.9821167,238.2466687,218.6190902,238.2466687,62480205
2009-06-16,216.4029083,220.5980044,214.7117489,217.0743253,44870038
2009-06-17,207.1141815,219.9013681,205.5996985,214.6310067,43046719
2009-06-18,204.4587708,209.2495555,200.9300505,207.7855672,54312001
2009-06-19,206.1196442,208.2348571,199.6175076,206.4730244,42449160
2009-06-22,197.1337585,206.9778283,195.1195077,206.7456024,40433018
2009-06-23,203.47435,205.3321032,191.8331173,191.8331173,52029156
2009-06-24,202.1668854,205.5391082,199.107658,204.4537473,41212516
2009-06-25,197.699173,204.3527523,196.1190717,202.0507531,46686191
2009-06-26,204.8777618,205.6652918,198.1888528,198.5119309,34815029
2009-06-29,210.713562,213.3285434,202.4092073,204.554709,32603982
2009-06-30,204.2921906,212.9650764,202.9998374,212.0261035,26084929
2009-07-01,207.8663483,210.5116182,200.7180416,204.9484677,32531518
2009-07-02,203.075531,220.4061352,201.4601,220.4061352,33686302
2009-07-03,204.7213135,205.4735001,199.9103357,201.9296283,37909158
2009-07-06,191.1414948,207.1797459,187.900523,206.7758848,51827829
2009-07-07,187.3351746,193.1457027,184.2809883,191.9341189,51057090
2009-07-08,184.7302399,190.8234737,181.4640342,187.3351383,50495159
2009-07-09,187.1281433,189.2988783,184.7756634,185.2703902,32268349
2009-07-10,179.2276764,188.4962372,176.1835867,187.0877847,36758916
2009-07-13,176.7843323,178.5562749,173.3666832,176.6581366,36305996
2009-07-14,183.1552124,184.2607792,178.3038501,179.1115725,32365032
2009-07-15,189.4402618,190.8234806,182.3979588,186.7848824,27771011
2009-07-16,195.4072723,198.7391101,189.8138335,191.9340878,48357416
2009-07-17,195.5738678,198.4968031,194.3875315,196.3866315,28917805
2009-07-20,205.2917328,205.8672292,196.8813753,197.8910215,36034847
2009-07-21,203.8125916,210.8851693,202.6716814,210.8851693,26978476
2009-07-22,199.4761658,207.7451767,198.1535241,204.453737,27518674
2009-07-23,206.1246948,207.3615121,200.6170535,200.9199528,25944577
2009-07-24,203.6308441,208.734624,200.5261776,206.9778327,37085126
2009-07-27,195.9373474,201.4247831,192.5045476,196.8813751,52651678
2009-07-28,192.6004639,197.8607422,190.3792475,196.5784852,50364983
2009-07-29,194.9024506,195.6697881,188.9051506,191.8331272,41704949
2009-07-30,191.8634186,194.3976303,190.7225084,193.8524224,26943006
2009-07-31,197.4266052,199.3954169,192.9690077,193.3476217,30553219
2009-08-03,203.6460266,205.0595341,197.6991936,198.7896229,23955323
2009-08-04,205.9429474,207.28074,202.1820148,205.2614342,33575331
2009-08-05,209.6433563,210.4106805,205.1201266,205.4634107,33289859
2009-08-06,206.6547546,214.5502062,204.5900227,206.3367178,43022238
2009-08-07,201.7024536,208.3913772,200.9401708,205.6148432,34997614
2009-08-10,200.7281189,205.4381204,199.20354,205.0039707,26363427
2009-08-11,201.9699554,206.7809319,199.8093167,201.2228238,27474086
2009-08-12,200.9906464,201.9296193,196.204916,199.4004488,29958739
2009-08-13,204.3830261,206.3821394,201.6266985,204.4537129,26524147
2009-08-14,205.6097717,208.3913604,202.6363689,204.6556613,29262231
2009-08-17,196.0686035,202.9392582,194.3572517,202.8382962,30040259
2009-08-18,195.9929047,197.5073741,193.8675952,194.2260169,26014696
2009-08-19,190.4044647,196.8712578,188.9051465,195.8717078,29148426
2009-08-20,191.6715546,194.7610835,190.6770595,191.8331071,20579108
2009-08-21,194.7409363,195.3669138,188.5618905,190.621568,26343198
2009-08-24,199.3347931,200.0011552,196.7399911,197.8909973,22140885
2009-08-25,204.5193481,205.2614385,197.4417152,198.4160314,28437053
2009-08-26,205.9833527,206.6446735,203.065472,204.559749,21993621
2009-08-27,206.2054901,207.8865535,203.9489167,205.3624243,25676360
2009-08-28,209.4111023,210.0067911,204.5092592,206.9778525,21877637
2009-08-31,202.444519,208.3913515,201.4247767,208.3913515,31540641
2009-09-01,199.9961395,206.1701298,198.4362306,204.4335307,22733195
2009-09-02,199.0167694,201.7175749,197.8910103,198.7996945,23849191
2009-09-03,194.9428406,200.637255,194.1856127,199.9103156,26446530
2009-09-04,200.0264435,201.323838,195.3669087,195.669808,25361664
2009-09-07,202.2173462,202.8332409,199.5569254,200.4151287,22578214
2009-09-08,209.5625153,211.4606531,202.4697455,203.4440482,52059674
2009-09-09,218.9371338,219.5479602,208.1894201,209.5019656,52578339
2009-09-10,216.8168793,226.1510861,215.3175474,221.1179789,35669728
2009-09-11,216.1505127,219.2248911,212.5309264,218.5888039,31370847
2009-09-14,216.0142212,217.993129,213.1872061,215.559879,19047648
2009-09-15,220.1941376,220.5071195,216.266611,216.266611,18872954
2009-09-16,220.5071106,224.010597,218.4474335,221.7186941,19382756
2009-09-17,210.6277161,222.122561,209.0980958,220.6080917,145062738
2009-09-18,212.2835541,213.3386264,209.5120616,210.0067885,25713816
2009-09-22,211.8190918,216.0343663,210.8245833,214.9237583,23011168
2009-09-23,212.1977234,214.5502036,211.0164285,211.7231889,24365231
2009-09-24,212.1220245,215.0550564,207.7855948,211.0164576,41664465
2009-09-25,215.5598755,216.8623249,209.5120804,210.4510534,31204369
2009-09-29,219.1996307,220.2648127,216.0646754,216.6199795,40254449
2009-09-30,222.2891846,223.42504,218.5888151,220.5071458,36946165
2009-10-01,219.5328217,222.112473,217.4781858,222.112473,26342402
2009-10-05,215.9738007,219.2955421,214.1766246,218.0738625,25912186
2009-10-06,215.4689941,218.0789341,212.2280219,218.0789341,32106115
2009-10-07,212.1573486,217.8820516,210.4207496,217.0238483,27123920
2009-10-08,214.0100403,225.7068228,212.0260913,222.1225667,61481645
2009-10-09,212.0008392,215.216564,211.0164268,214.9187196,27668151
2009-10-12,218.9976807,220.7090322,214.0453574,214.0453574,39339692
2009-10-13,218.2859039,218.2859039,218.2859039,218.2859039,0
2009-10-14,220.527298,221.8701183,217.3418486,219.5984214,29186933
2009-10-15,219.2450562,224.3235888,218.5887767,222.0215897,28442679
2009-10-16,225.4781342,226.2149071,219.6093624,220.523979,29379397
2009-10-20,222.002594,232.0379508,221.3217194,228.1457696,27662481
2009-10-21,221.7637634,224.4872888,220.3867644,221.4385625,22306470
2009-10-22,216.987442,221.7434426,215.5443825,221.7434426,20217305
2009-10-23,208.0597687,218.928444,207.0689296,218.1052865,44095335
2009-10-26,204.8078156,210.1583196,203.6543828,208.3290865,27736152
2009-10-27,202.3332825,204.2641367,200.7073049,203.4511548,30934515
2009-10-28,206.7183228,207.6532634,201.7285807,201.7285807,25810298
2009-10-29,203.1869049,207.709177,201.2560508,203.3494986,30886813
2009-10-30,196.2510529,206.8047023,195.3211865,203.3545665,43583626
2009-11-03,184.8082428,195.6057853,183.1517653,195.1230785,42857711
2009-11-04,195.1891022,195.9309629,186.2461925,188.0042908,39964979
2009-11-05,197.2672882,197.9634126,188.1058877,194.0153202,30087288
2009-11-06,198.9288483,200.6971086,196.1341884,196.1341884,30606215
2009-11-09,205.7275085,206.4998556,199.3455304,200.7072932,28682653
2009-11-10,208.786377,213.6592481,203.7559864,207.3128312,55352725
2009-11-11,214.8330231,216.4996489,206.8707767,210.1583193,36604347
2009-11-12,213.5373077,218.0849784,211.7842972,215.9508822,33326415
2009-11-13,215.3919373,216.3573643,211.794444,212.3940216,22380386
2009-11-16,218.8572998,219.7007815,216.6266571,218.3898295,18087647
2009-11-17,216.6977997,219.6804653,214.1216318,219.507696,26297936
2009-11-18,213.41539,219.7109978,212.8107244,219.7109978,34189418
2009-11-19,211.7639618,214.4163524,210.6562653,213.2832438,20240605
2009-11-20,215.7781067,216.9620258,209.8534371,211.3777934,27023694
2009-11-23,223.0594635,224.3602535,216.7689446,219.5077063,48369770
2009-11-24,221.2556305,224.0807767,220.3308519,222.7596625,30382900
2009-11-25,223.0340424,226.2047,220.5137594,222.1245002,36335219
2009-11-26,216.2049255,225.8083989,214.0809915,225.8083989,22221066
2009-11-27,212.5871429,215.0362781,205.4836279,213.4103006,25469866
2009-11-30,216.154129,219.2841523,214.2232748,215.9508869,18071456
2009-12-01,223.1661682,223.5726659,216.9061357,218.4914647,12511349
2009-12-02,223.6641388,227.3632534,221.7840952,224.639728,20681036
2009-12-03,223.5015564,227.6376418,221.9670378,224.5686046,17415284
2009-12-04,221.2150116,224.9954232,219.5687099,221.7434546,13963709
2009-12-07,214.4265289,222.3735119,213.4102913,221.133708,20671910
2009-12-08,219.5788727,220.4121789,214.4570225,215.4427738,20434211
2009-12-09,217.8512573,219.1012234,215.8797547,217.4752459,11179921
2009-12-10,217.841095,219.9142186,215.8492681,218.2272685,12944596
2009-12-11,217.7293091,221.1337092,216.3573842,219.5077181,15450296
2009-12-14,217.0585632,220.3206935,216.0524878,217.0687253,13923500
2009-12-15,213.7354584,218.2882165,213.0037733,217.0687234,14673678
2009-12-16,212.8310242,214.4265289,210.9916289,213.3899535,14773099
2009-12-17,210.3513947,214.3858722,209.3453192,214.3858722,14196403
2009-12-18,204.8027039,210.3615372,204.2640988,210.3615372,21984942
2009-12-21,206.6929169,209.507901,201.2153937,203.4511244,24594381
2009-12-22,207.1502075,209.1013855,205.5445546,206.9469655,13939289
2009-12-23,216.7029114,217.0484365,207.597407,208.3291058,21453446
2009-12-24,218.7557068,220.2800632,215.1074027,218.4914785,16147574
2009-12-29,219.558548,221.3369707,217.475262,219.3044953,12172264
2009-12-30,218.7049103,220.5239814,217.3736338,219.4670817,9279882
2009-12-31,221.6520081,222.7597047,219.7821264,220.3207315,17542130
2010-01-04,218.5930939,221.7637654,207.6888573,221.7637654,76646086
2010-01-05,217.6175232,233.7147728,216.5403129,233.7147728,21392825
2010-01-06,221.1336975,222.4548118,217.6073388,219.4873824,23691760
2010-01-07,224.8023376,226.6214088,219.1012337,221.1337226,26197920
2010-01-08,224.2128754,226.3774712,222.7596539,225.1986265,15110149
2010-01-11,219.8126221,233.6741417,213.4103189,230.6254014,188649642
2010-01-12,220.3918457,231.1538266,218.8979756,222.5564418,32790509
2010-01-13,221.2556305,221.9466671,217.1906669,221.1336852,15360176
2010-01-14,227.9831696,228.61322,220.7272097,220.7272097,24545629
2010-01-15,225.7575684,231.4789956,224.5990614,228.816443,18766617
2010-01-18,223.4710236,226.9160715,221.9364917,224.9953797,14172193
2010-01-19,220.5239563,224.8023107,220.0463103,223.572669,13064666
2010-01-20,218.9996033,222.9832705,217.8817446,222.5564486,19331024
2010-01-21,214.233429,218.8979706,213.4610955,218.4914728,18611321
2010-01-22,214.1928101,217.6785209,209.2437288,211.581081,39869565
2010-01-25,211.7944641,214.3045718,210.7070918,213.3391447,13393277
2010-01-27,208.8473816,213.4103025,207.312863,210.1583339,24843485
2010-01-28,210.7985382,212.6887439,208.329079,211.3777917,33223459
2010-01-29,212.6379395,213.7761223,206.9266739,209.9347382,23333042
2010-02-01,212.4753723,214.4265509,210.4733696,210.8697053,12132865
2010-02-02,208.7965546,214.7009001,208.1461527,213.8167698,17248998
2010-02-03,210.1481323,213.0850616,209.5688653,209.5688653,15052266
2010-02-04,207.1400909,210.9713131,206.093367,210.9713131,11974603
2010-02-05,199.5284424,204.823048,198.1666933,198.1666933,29882876
2010-02-08,202.0995483,204.1320236,198.1667052,200.1991804,25894932
2010-02-09,201.8759308,202.8413577,199.7316728,201.9775518,14292031
2010-02-10,200.2194977,203.2275621,199.5894201,203.2275621,18261247
2010-02-11,206.3270874,207.2721902,200.9105231,201.0629682,23450102
2010-02-15,205.2803497,208.7355737,204.7925552,208.7355737,13498617
2010-02-16,206.855545,207.5160954,204.2641269,205.3006887,10068256
2010-02-17,209.8636017,210.9306498,207.7295055,208.3290832,15630122
2010-02-18,202.8007355,211.0424464,202.2316441,209.3453207,19834114
2010-02-19,199.8333282,202.2316528,198.6036729,202.2316528,17754534
2010-02-22,198.7662964,203.2479071,197.1504673,202.292642,12692045
2010-02-23,198.2378082,199.7926507,197.1504225,197.9634179,12976934
2010-02-24,198.9390259,200.341437,196.4695667,197.1504412,12487589
2010-02-25,195.7480164,200.1991534,194.9451966,199.2032401,18954063
2010-02-26,198.9695129,202.2316434,196.3882706,196.9471999,22579233
2010-03-02,199.8333282,203.0446484,199.0609811,200.1991776,18210596
2010-03-03,208.2884216,208.9388098,200.8088962,200.8088962,26623966
2010-03-04,206.093338,211.3777812,204.8738584,211.3777812,20781218
2010-03-05,205.2397156,208.5323325,204.2844506,207.7193505,11774505
2010-03-08,204.081192,208.7355713,203.6543701,207.5567265,11941298
2010-03-09,201.2865448,205.6462098,200.8190744,204.5689996,17459521
2010-03-10,205.0263214,207.0892831,201.0731539,202.2316611,24807175
2010-03-11,206.5913391,207.3128758,204.6706468,205.2803867,14583772
2010-03-12,207.6380157,209.9550432,206.0933353,206.2965909,22333253
2010-03-15,208.9489746,209.7416458,205.9104241,207.7193329,18131701
2010-03-16,217.0585632,217.8410724,209.1420672,209.751807,33998717
2010-03-17,217.4142761,220.0158429,216.6216048,218.450838,21599472
2010-03-18,218.8878174,219.8329203,216.2760886,218.2882396,15292424
2010-03-19,221.9568329,222.8612736,217.505696,219.2637941,19737747
2010-03-22,218.2780914,223.369442,215.8492804,215.8492804,20468483
2010-03-23,221.8247528,222.3430337,218.887823,219.0910651,20005544
2010-03-25,221.8348999,222.9629342,218.9792672,222.7596785,22967888
2010-03-26,223.6641388,225.8084107,222.5869286,222.96294,18075516
2010-03-29,222.2109222,225.5949982,221.7434518,224.3246943,20249784
2010-03-30,221.1642303,224.7312247,220.1175063,222.7597218,18938795
2010-03-31,218.3390198,222.5564148,217.7394421,222.1295929,21647708
2010-04-01,221.9568329,223.2677713,218.8979448,219.1011869,12519976
2010-04-05,228.836792,229.5989906,222.8613115,222.8613115,19912935
2010-04-06,228.2880249,230.2798516,227.6782715,229.2636141,12481837
2010-04-07,229.6091309,233.6741084,228.2677059,228.6538659,20218574
2010-04-08,224.9039612,230.9912384,223.8775615,230.2798639,14723428
2010-04-09,228.5928955,229.873375,225.239306,225.239306,16826518
2010-04-12,229.1315308,232.7188763,228.1762657,232.7188763,12699784
2010-04-13,227.8205414,230.4830941,225.8693766,229.2636145,13971281
2010-04-15,221.6824188,230.6659613,220.9405582,228.6538108,24286918
2010-04-16,220.3715057,222.5564259,217.7089667,220.7475172,18193722
2010-04-19,215.8086243,219.4670771,213.6135417,219.4670771,16389189
2010-04-20,216.0931396,219.4568911,214.294393,217.4447402,16748550
2010-04-21,214.2435913,218.2272584,213.0342737,217.4752355,19187549
2010-04-22,218.6439209,222.3328598,213.4204499,213.5119088,25598349
2010-04-23,221.1743317,222.7596605,219.5076924,219.5076924,23235165
2010-04-26,217.7293091,223.125536,216.1541286,219.5077181,16652152
2010-04-27,215.6968231,217.068748,214.4265329,216.0525104,13970196
2010-04-28,206.7539368,214.2131257,205.686875,214.2131257,40110291
2010-04-29,210.3717194,211.3574706,207.1400752,208.1258265,23447044
2010-04-30,210.0770264,212.8411867,209.3453277,211.3778029,15821019
2010-05-03,208.0749817,209.8737281,206.9266369,208.5322899,12535244
2010-05-04,207.5465698,211.1745496,205.9917272,208.1664717,17348783
2010-05-05,207.4449615,208.0343772,203.9186162,205.2803654,14976570
2010-05-06,204.8433838,207.9835554,204.0608746,207.2721946,23863448
2010-05-07,209.9143982,215.4427454,198.3699227,198.3699227,72063684
2010-05-10,221.008667,221.5410191,212.9414593,215.1937288,38050844
2010-05-11,218.6335297,222.9742583,217.7223846,222.9742583,26325489
2010-05-12,221.7355347,223.0664082,217.8657342,220.3227493,15294301
2010-05-13,219.4525604,223.8751877,217.4459992,217.4459992,11947698
2010-05-14,213.688797,219.288752,211.9176933,218.6130643,18161695
2010-05-17,208.1399994,211.8562401,206.5941296,211.8562401,20611809
2010-05-18,208.9692688,211.6003175,206.3484437,208.8464215,15445191
2010-05-19,204.4749908,208.3857404,203.7481168,208.2321676,26097480
2010-05-20,204.7411346,207.4131459,203.4716713,204.9561311,18577281
2010-05-21,203.840271,204.7207043,199.8578601,202.6834311,19167407
2010-05-24,209.3889923,214.7739502,208.119529,208.4368982,24726303
2010-05-25,201.8131714,209.8701398,201.2193957,209.8701398,25245934
2010-05-26,206.3996582,206.7989121,202.908637,203.707172,13726569
2010-05-27,209.3071289,210.4230196,205.0790099,207.0036729,27405100
2010-05-28,212.2555389,212.7367047,207.7202881,210.8837027,17535288
2010-05-31,214.0880737,214.6818495,210.6380016,210.9246591,16548811
2010-06-01,206.9115143,213.9651896,205.5908645,213.6171222,19466130
2010-06-02,207.013916,209.0511891,205.4373341,207.8226884,19728249
2010-06-03,211.0577393,212.5319483,208.825958,208.825958,17106958
2010-06-04,211.1396637,212.1224698,209.3480853,211.0987009,14088022
2010-06-07,206.3382111,207.822671,204.751392,207.822671,13503377
2010-06-08,204.0142975,207.3517458,203.7481146,206.7374818,15226706
2010-06-09,206.1949005,207.8226824,204.7514033,204.7923524,15242486
2010-06-10,207.8943481,208.3243275,206.2153798,206.7989183,13962908
2010-06-11,214.2518616,215.1630066,209.051174,209.8701836,23307069
2010-06-14,217.7531128,219.084,214.8046947,215.9922599,15892958
2010-06-15,218.2854767,219.0635372,215.0094655,218.1012057,18992836
2010-06-16,216.6167297,219.6265713,216.0331913,219.0839819,11833071
2010-06-17,219.3706512,220.5172537,216.6884024,217.7121575,21047804
2010-06-18,215.8796539,223.1381035,215.1016071,221.1724775,38277934
2010-06-21,218.1933289,219.4320805,217.2412347,217.2412347,11792906
2010-06-22,217.8145142,220.0667835,216.4119662,217.6507177,12908863
2010-06-23,216.7703094,218.5721251,215.8079779,216.9750687,11659191
2010-06-24,215.4087219,218.2240556,214.4361531,216.8317447,18805263
2010-06-25,217.6404724,218.6744647,213.5556896,214.9889494,20325423
2010-06-28,223.2097168,223.588496,218.090928,219.9029807,31472648
2010-06-29,218.5618591,223.3837533,217.8964225,223.3837533,14213976
2010-06-30,223.1483154,223.9877859,216.5246053,217.0364828,26637611
2010-07-01,220.3636932,222.431678,218.3673694,221.9505123,13310905
2010-07-02,218.8690338,221.9402995,218.1216851,220.3125312,10948784
2010-07-05,218.7358856,219.7289288,217.5892833,219.0839667,6399512
2010-07-06,219.8825226,221.520528,218.1626053,218.1626053,9255011
2010-07-07,215.7158508,220.0668173,215.1937359,219.9030208,13738578
2010-07-08,216.4427185,218.9918692,216.0639255,217.0364943,11977911
2010-07-09,216.5553284,218.2649949,215.7158442,217.8452665,12974909
2010-07-12,216.2686615,218.6642529,215.4087028,217.0364847,12563614
2010-07-13,219.9644318,220.6708176,216.4734242,216.4734242,15043285
2010-07-14,219.1761017,224.0901448,218.5209023,221.1314762,15970199
2010-07-15,219.79039,221.3157854,218.6949603,219.483258,13877250
2010-07-16,217.6404724,219.9029789,217.0364594,219.2989659,8779539
2010-07-19,216.2276917,218.2444899,215.7670005,216.6474337,9808534
2010-07-20,215.5929565,218.2444795,214.8046589,216.4222033,6845092
2010-07-21,216.7088928,217.6507498,216.1458288,216.8112656,9824712
2010-07-22,216.8317261,217.210519,214.497572,216.7088787,15879834
2010-07-23,217.1285858,219.2682312,216.3812373,217.8452225,13790021
2010-07-26,215.6236877,218.5516311,215.0401493,217.7530961,9113728
2010-07-27,215.7055817,217.2719261,215.2141787,216.8009977,12133425
2010-07-28,209.1023712,219.8313534,208.4369344,217.6507447,52927114
2010-07-29,206.8296204,210.5867969,206.3894038,210.5867969,46281590
2010-07-30,206.7272186,208.9180642,206.2358157,207.812411,19242072
2010-08-02,207.7305298,209.2149898,207.0855676,208.0274245,12676917
2010-08-03,210.4332733,211.0782356,207.6179395,208.6724066,20104173
2010-08-04,208.037674,211.0987023,207.3210508,210.4844519,18318233
2010-08-05,206.1949005,209.6040099,205.7853957,208.8362003,18308022
2010-08-06,204.7718811,206.8193915,204.4442882,206.5736968,19955917
2010-08-09,203.440979,205.9799059,203.1133861,204.7513916,22253619
2010-08-10,202.2738953,205.2427877,201.9462887,202.9086201,19989721
2010-08-11,201.3218231,203.7071774,200.6768609,202.6629476,21917268
2010-08-12,199.1411743,201.3217825,198.6088223,200.6563459,24910354
2010-08-13,200.4720764,203.4819316,198.7112237,198.7112237,30512197
2010-08-16,200.021637,203.092916,199.6326204,200.6563755,14028775
2010-08-17,198.7419281,201.6698713,198.6088298,200.6563535,14788743
2010-08-18,197.5032043,200.0421177,196.2235036,199.2231218,24859327
2010-08-19,200.0830688,201.6596644,197.3189353,197.3189353,20662946
2010-08-20,202.427475,203.4000438,199.1207384,200.0830699,20996195
2010-08-23,200.021637,203.1236279,199.7554677,203.1236279,13543428
2010-08-24,199.100235,200.8611013,198.0560054,200.0216172,19276160
2010-08-25,198.158371,200.2161319,197.6874426,198.6088248,18620473
2010-08-26,195.8344879,199.2231227,195.5478305,198.6088587,27834839
2010-08-27,194.4319458,196.7456255,193.8074445,196.3361343,24315870
2010-08-30,194.094101,197.5441595,193.4900878,194.9438224,11908601
2010-08-31,188.2074585,194.5035611,187.3475,193.4183825,46605039
2010-09-01,191.6882782,193.2443856,188.5760497,189.4052967,27886811
2010-09-02,191.9441986,193.8279125,191.6473175,193.4900823,17699285
2010-09-03,189.5383453,192.7938951,189.231227,192.4663022,14440305
2010-09-06,195.056427,196.0904194,188.8422214,190.6133252,33928353
2010-09-07,197.0322418,198.5473998,195.1280537,195.5375584,28379708
2010-09-08,196.4794464,197.5236761,194.9233391,195.558064,11632859
2010-09-09,196.2644501,198.0355539,195.5785388,197.1653579,10114309
2010-09-13,203.2157288,203.829979,197.6567237,199.0183225,27474309
2010-09-14,202.3251038,205.3656575,201.5470569,203.8300247,19472955
2010-09-15,207.5974731,208.5802793,202.4991576,202.4991576,33554695
2010-09-16,204.8230591,207.8943382,204.1780969,207.2288878,18540979
2010-09-17,210.3513489,211.1805957,205.775149,205.775149,31955142
2010-09-20,213.2281189,213.7502338,209.0716608,210.6892055,30419766
2010-09-21,211.9483795,214.6818144,209.880395,213.3509274,21351925
2010-09-22,208.8566437,213.6990123,207.8226514,211.7129259,25872625
2010-09-23,204.2702484,209.6654447,203.9324045,208.856686,23030491
2010-09-24,205.0892792,206.5942003,203.133904,204.7514353,22669074
2010-09-27,206.8398438,208.8259301,205.7956005,206.3893899,16465376
2010-09-28,204.4442902,207.2084237,203.3181485,206.4508514,19682506
2010-09-29,204.5466614,206.5941718,203.7276518,204.7514069,17790040
2010-09-30,202.1408234,205.1609024,200.2673468,205.1609024,28981699
2010-10-01,206.3689423,206.7989079,202.7038874,203.1133922,19104034
2010-10-04,208.406189,210.033957,207.8124132,207.8124132,21163057
2010-10-05,209.6347198,211.2625018,206.5941662,208.0274262,22938984
2010-10-06,213.9549866,214.3747287,210.2694705,210.8939582,28137687
2010-10-07,212.767395,216.1662666,211.4057962,213.9549465,31547758
2010-10-08,214.9172821,215.9717627,211.0065329,214.3132691,20865341
2010-10-11,218.9201965,219.5446842,215.6236974,216.2174732,25796876
2010-10-12,216.1355591,218.9611296,214.200659,218.6744722,13979878
2010-10-13,219.7084656,219.9029875,215.9512892,216.2379329,23967306
2010-10-14,216.8317261,221.4386379,215.84892,220.1077507,24414709
2010-10-15,213.0131073,218.6744859,212.0405386,217.0364805,11601973
2010-10-18,214.4668274,218.0499837,211.5593587,213.4021232,22209315
2010-10-19,213.8423615,218.817829,212.7878945,218.0602431,18579617
2010-10-20,214.8763123,217.9373535,212.5319077,212.8185651,18232837
2010-10-21,221.4693451,222.7388085,214.8251605,215.3984617,37273145
2010-10-22,221.5000305,223.9570452,219.9746353,222.247379,19627279
2010-10-25,223.2507019,225.6155816,222.3600313,222.7695361,18019151
2010-10-26,224.9910431,225.4210224,222.5852147,223.3632751,15444185
2010-10-27,223.7420959,227.2740526,221.7969584,224.8170375,21946562
2010-10-28,221.5410156,225.4108161,220.0258574,225.1036978,36188021
2010-10-29,224.4587097,226.7007419,221.2338852,222.7080942,29722655
2010-11-01,223.8342438,230.3248561,223.0254714,229.5263211,30509287
2010-11-02,220.0770569,224.2847015,219.1454372,224.2847015,20360675
2010-11-03,218.1216736,222.1347961,217.5790842,221.5410203,19939993
2010-11-04,226.2605133,226.6597808,220.1077321,220.7015078,24311819
2010-11-08,227.6528473,229.1168191,225.3391541,228.0725894,22364112
2010-11-09,226.9771423,229.4239062,224.6634494,227.7347145,15410057
2010-11-10,225.6769867,228.6868283,225.0627364,226.598369,11899060
2010-11-11,221.1110382,227.6426131,220.3125168,226.4550478,12690058
2010-11-12,217.4152679,222.6466671,216.4222247,221.1622072,19131902
2010-11-15,215.9512939,218.6540035,212.5728967,218.4902071,16084932
2010-11-16,210.9962921,216.831704,210.1875336,216.831704,19833309
2010-11-18,211.4979706,214.9480292,207.6179326,214.9480292,22776798
2010-11-19,203.9835968,212.1224656,202.1101202,212.1224656,24826481
2010-11-22,207.259613,208.1195718,204.1781101,205.4680483,18956753
2010-11-23,203.8504944,205.7751574,199.6326264,205.7034964,33113827
2010-11-24,203.9426575,208.3959968,201.8951333,204.5466706,19703855
2010-11-25,200.5539856,205.3656428,199.2231121,205.1608973,29112802
2010-11-26,197.0425262,202.7858038,196.2132793,201.6801503,30639363
2010-11-29,204.4237976,205.2530445,197.0527521,198.5064867,23409097
2010-11-30,201.802948,206.5327064,200.8815658,204.7104165,30483669
2010-12-01,202.4581451,204.2190113,201.280831,201.6800985,18726828
2010-12-02,207.0343933,207.5053218,203.7378939,204.5466662,24834141
2010-12-03,205.9594574,209.6654481,204.3419126,207.6179376,19641270
2010-12-06,208.8771362,210.8939346,207.4131645,207.996703,17790259
2010-12-07,211.0475006,212.8800281,208.8464312,208.8464312,22397973
2010-12-08,208.9590149,210.4332237,207.0343522,209.8496853,16997335
2010-12-09,201.5777588,211.6822392,200.4004308,209.7780509,31716183
2010-12-10,209.6449585,210.8939475,200.5232838,202.048693,26529301
2010-12-13,213.2997742,214.1699702,206.7989111,209.6756683,16834458
2010-12-14,216.0639038,217.0364725,213.3509433,213.5557025,20081132
2010-12-15,215.7874908,217.8554893,212.1224497,215.8079654,21436026
2010-12-16,216.3914948,217.0364706,212.9516739,216.5655421,15530788
2010-12-20,216.3710175,218.6744732,213.8832908,213.965189,15858100
2010-12-21,219.7289429,220.0872612,216.6781522,217.015996,16089753
2010-12-22,216.2276917,220.107729,214.65111,219.6572751,15132141
2010-12-23,216.913681,217.9988601,215.0913905,216.5860744,14589936
2010-12-24,216.9750519,217.9578579,214.9889654,215.6032157,9452996
2010-12-27,216.0639038,218.838288,215.2244197,216.6883914,5782048
2010-12-28,214.5590057,216.9750718,213.4021523,216.2789095,8857349
2010-12-29,214.7023163,216.0127289,214.2313878,214.6408926,11184510
2010-12-30,215.2346497,216.1662692,214.2211319,215.480358,14561753
2010-12-31,216.7703094,218.3673795,215.6441815,216.6372248,9973432
2011-01-03,216.1355591,218.3673538,215.5213088,218.0602219,10411256
2011-01-04,220.5377502,221.1110515,216.4836784,217.0365052,22021878
2011-01-05,220.2715607,223.1790296,219.0839954,221.1315057,25943243
2011-01-06,222.2781219,223.4656735,220.0156152,220.722001,21763180
2011-01-07,218.1421204,222.7183199,216.6269623,221.3976702,17875107
2011-01-10,211.6003265,219.1761309,209.0921251,218.1421385,18478415
2011-01-11,207.5666962,214.7227574,204.4647194,212.9414166,21147094
2011-01-12,211.0577393,212.0507826,205.3656486,208.9795171,23195000
2011-01-13,207.8943481,212.7674294,207.0241521,210.8939528,24336418
2011-01-14,205.0585175,210.8529805,204.3418807,207.6281424,19111808
2011-01-17,204.3214111,206.3894096,203.1236223,205.3656408,14046519
2011-01-18,203.6969604,206.389447,202.703917,205.744471,14871527
2011-01-19,200.6871033,205.7751675,199.6326362,204.6695141,23491557
2011-01-20,198.578125,200.1649576,195.4454362,200.1649576,41343304
2011-01-21,202.0486603,203.2157372,199.2230899,199.6325946,19528676
2011-01-24,198.9364471,203.9119007,197.4008145,203.7481042,22242712
2011-01-25,196.2542419,201.6699269,195.7935507,200.0626193,20325555
2011-01-27,193.019165,198.0765175,192.4663383,197.7898737,28105152
2011-01-28,186.9380035,193.674323,184.6857343,193.490052,33855702
2011-01-31,188.2279358,190.1833103,184.9109626,186.0882767,25332450
2011-02-01,183.3548737,189.947858,181.9318511,189.4155059,37898873
2011-02-02,188.6374817,189.9888298,185.7709617,186.3237884,28465716
2011-02-03,193.2648468,194.0019582,187.347536,190.0092966,17047728
2011-02-04,188.3713226,193.9815161,186.9687743,193.9815161,20715343
2011-02-07,190.2242737,192.2205974,187.2246695,189.5383488,14586353
2011-02-08,187.3987274,191.5858973,186.5797178,191.5858973,19685333
2011-02-09,187.2042084,191.8930047,185.0235998,185.9961686,38228022
2011-02-10,184.2046051,188.535097,181.225475,186.8356677,28347803
2011-02-11,186.3135376,187.34753,181.8294732,184.2660137,20012347
2011-02-14,187.3065948,188.0129807,183.0682385,185.5252537,30145949
2011-02-15,192.8143768,193.4491154,186.5899345,187.224673,27266420
2011-02-16,193.3160095,194.6776084,192.0772717,192.1182208,11041551
2011-02-17,195.3226013,195.6297197,191.6984956,194.0736124,14091434
2011-02-18,191.555191,197.1756075,190.8283169,195.7525847,15747939
2011-02-21,195.8140259,196.7456319,191.2787746,191.6678049,25629860
2011-02-22,201.6494141,206.6760541,200.502798,203.1133858,88922943
2011-02-23,203.8607025,205.2223013,201.6801079,201.9667516,31184499
2011-02-24,197.4213104,204.4647631,196.2235078,203.9323973,32903650
2011-02-25,197.8410187,201.1170429,195.4454276,200.7996737,15101417
2011-02-28,197.4315186,203.5842997,196.5613227,198.6497819,22487428
2011-03-01,202.468399,203.2566967,198.035535,199.366422,12622459
2011-03-03,200.1240234,201.6801445,198.2198486,199.6735832,19518684
2011-03-04,201.1068115,203.6866737,200.2673275,201.6084518,15419957
2011-03-07,200.0523529,201.3320537,197.380355,199.4483398,11821324
2011-03-08,201.6698914,203.1952868,200.2468687,200.2468687,12057689
2011-03-09,203.4921722,205.6522924,198.219824,202.4376917,32473255
2011-03-10,201.6289368,203.3181286,201.0658592,203.2567049,9853822
2011-03-11,203.1236267,203.7071652,199.0490671,200.410666,15000438
2011-03-14,208.508606,209.000009,203.164596,203.3079179,28811267
2011-03-15,212.3783875,214.9070635,202.4786526,204.3316546,56447390
2011-03-16,214.3951874,216.012732,212.5524226,213.965208,20605120
2011-03-17,211.0679626,214.7432546,210.4844242,212.7981172,12381790
2011-03-18,203.3181305,211.9176898,202.0077179,211.9176898,40501886
2011-03-21,202.7653046,204.7513911,200.8815908,204.5568828,15546778
2011-03-22,204.6797333,205.7546748,203.1441006,203.3283716,9793572
2011-03-23,207.4643555,208.160504,203.8914361,204.720683,11419987
2011-03-24,206.8603516,209.2457058,205.5397016,208.0069541,11233928
2011-03-25,210.1977997,210.883711,206.7989139,209.6449593,15392440
2011-03-28,210.0134888,212.1940971,207.6793213,210.1260988,19079527
2011-03-29,209.4094849,211.3034359,208.7645227,208.8464209,18101992
2011-03-30,211.4058075,212.4295626,209.6858902,210.3820524,12257428
2011-03-31,214.8046875,215.9922527,211.8153204,211.8153204,31502965
2011-04-01,212.2043304,218.2444878,211.0986635,214.7944298,18772571
2011-04-04,215.1220398,215.9717611,210.6891758,212.9414314,13111730
2011-04-05,214.5078278,216.8317447,212.9414694,215.5008711,10756797
2011-04-06,213.934494,215.859157,212.9414507,213.9652059,9083271
2011-04-07,213.3304596,214.4872992,211.9381489,213.9754217,10163661
2011-04-08,209.6449585,215.1732528,208.9795217,213.3509626,11995738
2011-04-11,205.8365631,208.7337946,205.498733,207.4131585,11296579
2011-04-13,209.2149811,209.6654213,204.0552427,205.1301842,19116564
2011-04-15,209.0409393,209.8394744,205.775152,208.5700109,14174275
2011-04-18,206.6248779,213.9037878,204.8742487,208.6826255,14793743
2011-04-19,207.1367493,208.3243145,204.4954632,205.7137266,12022958
2011-04-20,210.0544586,210.9963155,206.4303665,208.0274229,10315413
2011-04-21,213.0642853,213.8013966,210.8939278,211.8767338,14934401
2011-04-25,206.6658173,209.0511713,205.8058586,207.6179114,18138998
2011-04-26,204.9868469,206.5941404,204.2497356,206.5941404,17652410
2011-04-27,201.9053497,206.6146343,200.676849,205.7751501,24710243
2011-04-28,199.100235,203.3181161,198.608832,203.1133706,35712321
2011-04-29,201.4241943,202.2943903,198.8750437,199.6326296,14936357
2011-05-02,197.5339203,202.0486968,196.8275344,201.4549073,13609544
2011-05-03,193.2648468,198.0765043,192.6813083,197.6055758,22028515
2011-05-04,194.0326538,195.895893,192.4663094,193.4900644,11668233
2011-05-05,196.2989807,199.1093061,194.9971358,195.2761075,19582976
2011-05-06,197.3528595,198.3757328,196.1233369,196.9292429,12916462
2011-05-09,198.2310944,199.6259254,196.5986187,198.3757392,8012908
2011-05-10,196.4642944,199.1816339,195.5963978,198.2310831,8143376
2011-05-11,197.4355011,198.0450896,194.9661381,197.1358796,8197011
2011-05-12,195.379425,197.2908585,194.4495378,196.6192656,9218985
2011-05-13,195.8960419,198.7890217,193.8192999,195.3277804,13906027
2011-05-16,195.276062,196.5985564,194.5631422,196.3092668,7008149
2011-05-17,190.2443542,195.6480232,189.5417799,195.4103924,17384039
2011-05-18,186.3595276,190.9056463,185.6362896,190.1100721,24814804
2011-05-19,189.1802063,190.5233785,186.9588193,187.7130528,18072585
2011-05-20,190.7713318,191.3085979,188.1056648,189.7897856,13873483
2011-05-23,187.9196472,190.5233369,186.6591433,189.9034167,14836682
2011-05-24,189.231842,190.2960424,187.2170909,187.2170909,11107409
2011-05-25,187.2170868,188.8908756,186.1838818,188.8908756,13112272
2011-05-26,192.9720306,193.5919508,188.2709359,188.5809029,30001792
2011-05-27,195.3691254,196.9086014,193.0237432,193.0237432,15134521
2011-05-30,194.005249,196.9292238,193.0546982,196.0923225,7564463
2011-05-31,196.6915894,197.5284768,193.6849467,195.276095,14083332
2011-06-01,195.648056,198.0967694,194.9971404,196.722602,8042814
2011-06-02,196.5262909,197.280538,193.5299934,193.5299934,9418728
2011-06-03,193.1270294,199.8222123,192.4864456,198.4790403,19110238
2011-06-06,193.7779999,194.408252,191.7942298,193.1374021,6149800
2011-06-07,198.0141296,198.3757556,192.9100943,192.9100943,17612490
2011-06-08,196.1440125,197.5388435,195.0591484,197.3941987,14205061
2011-06-09,197.1358948,197.9314552,195.6894049,195.7927226,9152117
2011-06-10,195.1728058,197.5491832,192.6001246,197.3632112,11068775
2011-06-13,191.2672424,194.9144689,190.3166917,194.9144689,12923374
2011-06-14,188.3226166,192.5381046,188.0436587,191.2052644,18967099
2011-06-15,186.0909271,189.8827992,185.6879741,188.4569728,20156715
2011-06-16,183.4045868,186.1839173,182.6916804,186.1839173,24969151
2011-06-17,179.5196838,184.5927364,178.7861141,184.1794517,22029696
2011-06-20,172.1839447,180.8112253,171.1197443,180.8112253,30300033
2011-06-21,175.3661957,176.6783585,173.0208142,173.5580802,17413744
2011-06-22,174.7772522,177.3292829,172.3698801,176.3374051,20107599
2011-06-23,179.8813477,180.3359596,174.7979622,174.9322891,20713868
2011-06-24,180.0672913,181.7824209,176.8023541,180.6355526,31670322
2011-06-27,180.0982971,182.2163799,178.0938776,179.0960874,14349371
2011-06-28,180.0053101,181.6171083,178.1248719,181.6171083,10219645
2011-06-29,182.9292603,183.4975216,180.2119349,180.9558364,12430639
2011-06-30,185.6672974,186.3905354,183.2909201,183.6422142,21744714
2011-07-01,178.1145325,187.4237232,177.0296686,187.4237232,28677893
2011-07-04,179.4473877,181.7204472,178.7447994,180.6872421,16499512
2011-07-05,174.8082581,179.6333343,174.4053189,179.6333343,33805768
2011-07-06,176.2444305,177.4016307,173.7234086,175.407543,26877909
2011-07-07,179.9226532,180.7905498,176.7300383,177.2983135,20137982
2011-07-08,176.6473694,180.6045491,176.0584445,180.3979136,20937538
2011-07-11,176.3270569,177.7012102,175.0252122,176.4717017,9598807
2011-07-12,175.1802368,177.1743245,174.7566203,175.1285779,13066390
2011-07-13,178.8377838,179.7160122,175.8724818,176.275421,17029770
2011-07-14,179.2717438,181.4104764,177.5772775,178.3935153,13312532
2011-07-15,180.4392395,181.0178326,178.7447735,179.3027168,10206245
2011-07-18,179.2820892,180.5839206,178.5795009,180.1706357,6582763
2011-07-19,181.7307434,182.1336826,178.9514137,179.2613807,9822813
2011-07-20,181.0591736,183.2495787,179.5300296,183.0842565,11180149
2011-07-21,177.8872375,181.0075162,177.2053128,181.0075162,7886175
2011-07-22,180.4702301,181.2244771,178.2281663,178.951418,15303807
2011-07-25,182.4333496,184.3241196,181.6687845,184.3241196,21905216
2011-07-26,180.0879669,183.9418293,179.6540186,183.5492081,20462017
2011-07-27,177.8872375,180.8112125,177.5359434,180.8112125,13675826
2011-07-28,173.0311584,176.6783712,172.2149207,176.6783712,31299376
2011-07-29,171.0887604,175.0769362,170.0968823,173.5787873,21393442
2011-08-01,171.6880035,173.1654888,169.7249111,173.1654888,14242019
2011-08-02,173.0208588,173.3514756,169.1360006,171.0060935,16570663
2011-08-03,170.4894714,172.7935262,170.0865322,170.8407656,14085375
2011-08-04,167.8651276,171.8533029,167.3898521,171.0990696,13737415
2011-08-05,163.6599731,165.2097945,160.9736428,165.2097945,26222826
2011-08-08,161.3145905,164.569196,158.493947,160.4983665,22242669
2011-08-09,158.1426392,160.9736279,155.6009539,155.6009539,32649029
2011-08-10,159.6821594,163.2467189,158.0806927,162.2858361,17746463
2011-08-11,159.5684967,162.2031685,158.0806796,158.7729224,10890149
2011-08-12,157.2334137,161.8001956,156.634157,161.8001956,17222470
2011-08-16,156.8718109,159.5891505,155.9522553,157.0474649,11286937
2011-08-17,156.0142365,160.0230749,155.187667,157.1507591,13545843
2011-08-18,153.1625977,157.0474552,152.294701,156.5721798,17126872
2011-08-19,151.3751221,152.7079622,149.0504042,151.0651551,20399978
2011-08-22,156.427536,157.0164748,149.9390017,151.054861,15542731
2011-08-23,158.132309,159.5271398,154.4644189,157.1197675,17536780
2011-08-24,157.3161011,159.0105675,156.2209053,157.8740308,12987792
2011-08-25,155.7042999,158.9072331,155.0327069,157.378089,21214238
2011-08-26,148.6578064,156.2415496,147.1286624,155.187681,19501819
2011-08-29,156.0245819,157.0267916,150.5072488,151.0755102,18316877
2011-08-30,161.7175446,164.5485336,157.874014,158.0806633,34217075
2011-09-02,166.4393005,168.1440985,163.1330361,164.6311848,34086257
2011-09-05,163.0090637,165.1064692,161.7898729,164.1765819,19981247
2011-09-06,169.7558899,170.5824594,160.4570311,161.8415302,31333473
2011-09-07,172.2356262,174.3020367,170.2105428,170.2725335,31438175
2011-09-08,176.1514282,177.5049319,168.3093914,172.2355757,35284258
2011-09-09,170.63414,177.4119778,170.2105234,176.0894692,29564130
2011-09-12,166.6149597,169.9522198,164.3315821,167.4518611,18579499
2011-09-13,167.4311523,170.4274492,164.6414909,168.0407407,25400442
2011-09-14,170.5617981,171.4606762,166.3876372,168.1854211,20539026
2011-09-15,172.8141785,173.2894539,168.1130971,172.1322676,20407052
2011-09-16,170.6134796,175.6451923,169.6525969,175.6451923,26810791
2011-09-19,169.7662354,171.3367065,168.5367128,170.4791416,12796090
2011-09-20,176.0171356,176.4614157,168.6813686,170.0658678,18437927
2011-09-21,173.0828247,175.8311457,171.987629,175.8311457,17030216
2011-09-22,162.4924622,171.0784156,161.1802853,170.2621778,27298045
2011-09-23,159.2378387,163.7839572,157.8946667,159.9197634,38513013
2011-09-26,156.8821259,159.2585028,154.4747535,158.9485496,27202137
2011-09-27,164.7345276,165.4577656,159.5271612,159.940446,22046959
2011-09-28,164.7345276,166.6149521,163.0607248,165.2614619,25034598
2011-09-29,166.9042206,167.9477572,162.0998082,163.3499941,31511671
2011-09-30,167.0385437,170.0451726,163.7632887,166.0363341,34944185
2011-10-03,162.8747253,165.2924293,162.0274923,163.4946455,21109422
2011-10-04,159.4445038,163.4120157,158.132327,162.006853,26251892
2011-10-05,158.4939575,160.7463397,157.4090797,159.6408122,20734666
2011-10-07,165.9123535,166.966222,162.1928046,162.5647623,19911027
2011-10-10,171.3573303,171.6982926,166.1809743,166.1913061,14846381
2011-10-11,170.8924408,173.868075,169.9625534,172.5455801,15716423
2011-10-12,175.5728607,176.0378044,170.696125,171.3883677,17269967
2011-10-13,175.0046082,177.2983313,174.0127301,175.645192,18353721
2011-10-14,179.1374054,179.7160123,173.8887124,173.9920439,17871109
2011-10-17,172.2975769,179.5403575,171.7499791,179.1580681,22052401
2011-10-18,169.4252777,170.7684499,167.6585028,170.4791464,18299531
2011-10-19,174.1987,174.6119848,170.2931785,170.582482,11872557
2011-10-20,173.3101349,173.7647468,169.8592254,172.5145744,9971735
2011-10-21,172.7005463,175.4798765,171.7396636,173.5787747,10342733
2011-10-24,174.921936,176.4717436,174.3123338,175.2318893,9081569
2011-10-25,181.0075378,182.040743,174.0230643,176.6783997,22735907
2011-10-28,185.9772491,186.8038187,182.6916619,185.9152585,24528852
2011-10-31,181.33815,185.8325962,180.304945,185.56397,15872042
2011-11-01,177.8355713,181.534443,177.2156373,179.8813177,16384499
2011-11-02,180.1499329,182.0407026,176.6783604,176.6783604,13751121
2011-11-03,183.0635834,183.7765034,178.3315068,179.3130529,16042287
2011-11-04,181.8341064,187.0104778,180.3256258,187.0104778,18251373
2011-11-08,182.6089935,182.8776197,179.4680376,181.6377792,10120202
2011-11-09,178.7344513,184.4584197,177.9492227,183.9211537,11664515
2011-11-11,182.9499359,183.6628559,175.6658284,177.5049393,21739364
2011-11-14,181.1624756,185.1506643,180.3979106,184.2001136,15996247
2011-11-15,178.0112,181.4311135,176.9366679,179.9846238,9897941
2011-11-16,175.2525482,177.5256075,173.0311616,177.5256075,13313254
2011-11-17,167.3691864,175.3662143,166.6046075,174.6222989,24227745
2011-11-18,166.986908,167.7824822,162.6267747,165.3751097,21690327
2011-11-21,162.4924622,165.3131195,161.4902524,165.3131195,17715656
2011-11-22,164.321228,166.2326614,162.5441077,162.8540747,19171804
2011-11-23,159.8164215,163.2260033,156.1795407,163.2260033,23710270
2011-11-24,159.7647858,160.7669955,155.6319655,160.1470752,27857321
2011-11-25,155.7662659,159.3721515,155.1876727,159.0518665,16185464
2011-11-28,161.9655304,162.3788152,157.5744018,158.0806725,11033484
2011-11-29,158.0806427,161.5935422,156.8717838,161.5935422,21013969
2011-11-30,160.8186646,161.8622153,155.6216436,156.3655452,19988986
2011-12-01,165.1064758,167.534512,164.3212471,165.1064758,20626920
2011-12-02,167.8031311,168.4127196,162.5337745,164.6931705,19598467
2011-12-05,166.7079315,167.8341225,164.9721383,167.0385483,13827937
2011-12-07,167.3381653,169.3425844,165.9743299,166.7595722,15373615
2011-12-08,160.9426422,166.9042415,159.5478113,165.7263917,19435800
2011-12-09,156.1589203,159.0932275,155.5389999,159.0932275,22070197
2011-12-12,150.3315887,157.4607191,149.608337,157.1610839,22298377
2011-12-13,153.3898926,154.1544715,148.9884326,149.5876893,22873371
2011-12-14,153.307251,155.786946,151.550794,152.5013449,23206895
2011-12-15,155.0120239,155.9109159,149.5050365,151.2408297,28922246
2011-12-16,149.1640778,174.5293154,147.9655643,154.7743969,25499308
2011-12-19,151.9433899,152.8939406,147.7795611,148.6164623,20623197
2011-12-20,147.428299,153.2659171,146.5500705,153.2659171,24282464
2011-12-21,154.567749,155.7559306,149.3397198,150.2282799,19963870
2011-12-22,155.9212646,157.1094602,151.4681453,153.193607,19571514
2011-12-23,154.2371216,159.0621979,153.4105521,157.0474469,15360163
2011-12-26,157.2541046,158.0393471,154.0614895,154.3714565,10396517
2011-12-27,155.6112671,158.8451946,154.020119,158.2872651,13449406
2011-12-28,152.7183075,156.7374779,151.9537286,156.5721695,12376536
2011-12-29,147.1080017,152.7079891,146.1367873,151.6024479,23840441
2011-12-30,143.1921539,148.8954593,142.3759161,147.3353199,29146195
2012-01-02,146.0024872,146.6637346,141.9936479,143.9877358,18808107
2012-01-03,149.7427216,150.2076515,146.7877368,147.1803581,20489219
2012-01-04,147.9862213,151.0445092,147.4076282,150.3109395,18541902
2012-01-05,144.545639,149.8046636,143.4297661,147.7485717,28959200
2012-01-06,148.2755432,149.6083837,143.9567504,144.0394046,20575210
2012-01-09,145.9404907,147.6349432,145.1552482,147.6349432,18386646
2012-01-10,152.1293793,152.7079862,147.1286625,147.1286625,19720278
2012-01-11,154.6194,155.6009461,151.1581457,152.480654,21183286
2012-01-12,152.2740173,155.5906131,151.3854573,154.4644084,14225123
2012-01-13,151.2201691,155.1773491,150.4555902,153.3279062,20530513
2012-01-16,147.3250122,150.8379129,146.9220591,150.8379129,17794345
2012-01-17,153.3382416,153.8238488,147.9552352,147.9552352,22738488
2012-01-18,161.1286011,162.8127353,156.6444872,157.4607249,40461227
2012-01-19,162.3477936,164.4761941,161.6142101,163.0400362,23989114
2012-01-20,163.7943115,165.3131239,159.5374959,163.2466998,31725274
2012-01-23,159.4342041,161.1286569,156.0556164,156.07628,28250482
2012-01-24,161.9551849,163.5773149,159.1965184,160.064415,22291662
2012-01-25,163.4430084,164.2799098,161.7588739,162.9780648,16786908
2012-01-27,169.5285645,171.0783856,165.1064413,165.3130906,24347771
2012-01-30,164.2282562,169.208324,163.7013219,168.1854506,21126187
2012-01-31,168.8466797,169.6112586,165.6024058,166.2430034,27405612
2012-02-01,171.7603455,172.3389387,168.6194027,169.2186595,16522676
2012-02-02,171.3573303,174.1366599,170.3034619,172.5455255,21445055
2012-02-03,173.2274628,173.5787569,168.5470312,171.5123469,19989261
2012-02-06,172.1322632,175.5418451,170.2931523,174.7979298,17430906
2012-02-07,174.5189667,176.2030871,172.3905524,173.9920324,21068816
2012-02-08,177.3809509,178.682782,174.6119528,175.0252376,15957543
2012-02-09,176.4407349,177.6909071,174.1160168,177.0399915,18851741
2012-02-10,174.2503204,177.5049255,173.1654567,175.7174736,14952871
2012-02-13,175.4902191,177.4636435,173.7854209,173.8060845,15284147
2012-02-14,175.4178467,176.967654,174.1986561,175.004562,13711512
2012-02-15,172.8865051,176.8333671,172.1426036,176.5130683,31421021
2012-02-16,167.8857727,171.718971,166.2843064,171.718971,27747347
2012-02-17,169.0739746,170.7684408,167.4208493,169.8695488,35922700
2012-02-21,174.3123627,175.3869088,168.4334165,168.9293555,36457910
2012-02-22,172.2149048,177.1742938,171.532994,175.2318653,25146771
2012-02-23,173.496109,175.6245097,170.8097649,171.9256241,19105924
2012-02-24,169.4355774,173.9300367,168.3093865,172.2355707,18746068
2012-02-27,161.4798889,170.6031066,158.1529614,169.8178643,27772012
2012-02-28,164.589859,165.3854332,162.7714115,163.0503832,23140014
2012-02-29,169.6009369,171.0784222,166.1706909,166.3566628,27846970
2012-03-01,167.5758362,169.1773165,165.5404213,167.7514902,12960682
2012-03-02,168.2267456,169.0326378,166.5012842,168.6710257,12687228
2012-03-05,164.796524,168.2061065,164.124931,167.8031535,13074509
2012-03-06,160.4673615,167.1728759,159.9404272,164.6931674,35129404
2012-03-07,157.4194183,160.6636925,155.1876996,160.4673887,28202989
2012-03-09,159.8991241,161.0976377,158.9485732,160.2090774,17249418
2012-03-12,165.0134735,165.933029,161.1182842,163.2466849,15041933
2012-03-13,169.4355774,169.8488621,165.9950003,166.0259957,16117008
2012-03-14,168.3094025,171.512349,166.6976043,171.0990643,17623820
2012-03-15,164.6208496,169.6939025,163.9492705,169.0326414,20258209
2012-03-16,159.599472,164.8378334,158.566267,161.1802749,25168501
2012-03-19,156.0348969,161.8001919,155.2083274,161.3869072,15978638
2012-03-20,157.161087,158.3699321,155.0430183,156.2415316,10455362
2012-03-21,158.7109222,159.8371133,156.0349235,157.0474651,14211666
2012-03-22,152.1603851,159.4134976,151.2614932,158.2666293,29243875
2012-03-23,153.7515259,154.8777169,152.5220033,153.699867,26956646
2012-03-26,150.8688812,153.7205339,150.2282974,153.7205339,23135333
2012-03-27,151.0651855,152.6666658,149.8356767,152.5013436,27194700
2012-03-28,149.9596558,152.067393,148.8851236,150.848216,18072694
2012-03-29,149.7427216,150.7862586,148.3685538,148.3685538,23976904
2012-03-30,155.105011,155.6009499,150.2489395,150.7448784,17276879
2012-04-02,153.0282898,155.1567046,152.7183365,154.8467375,11220694
2012-04-03,155.5389557,157.6466926,153.7928308,153.7928308,17515593
2012-04-04,154.3611145,156.4275246,153.6275447,153.9478297,11813695
2012-04-09,153.3588867,154.5677456,151.6954298,152.9249384,11411688
2012-04-10,153.4622345,154.3611266,152.5220153,154.154491,8370104
2012-04-11,150.910202,152.707986,150.0836325,152.707986,16304095
2012-04-12,153.5965271,154.0718163,151.5301171,151.5301171,11779103
2012-04-13,155.3013153,157.4607249,152.3980042,154.1647926,14214624
2012-04-16,154.5884399,155.6939675,152.0880675,154.3817906,10518035
2012-04-17,154.2371216,155.972901,152.9869356,155.972901,13893966
2012-04-18,154.6917267,156.3861789,153.472536,154.9810163,14998238
2012-04-19,153.2555847,155.7869385,152.6046553,155.7869385,18399192
2012-04-20,151.0238495,153.1212687,150.4349246,152.9249511,14922257
2012-04-23,152.1500702,154.1028309,149.6496978,149.9906602,22106609
2012-04-24,151.9020844,153.0179436,149.5463707,152.7079904,16664900
2012-04-25,152.1500702,153.5138921,150.4452721,151.6954583,13586437
2012-04-26,153.9581451,154.7743828,151.5921,152.3153518,15180399
2012-04-27,153.3278961,154.3920964,152.1913734,153.1832513,12501799
2012-04-30,153.9684753,154.5470685,152.3980044,152.3980044,12147744
2012-05-02,153.6481781,155.2703078,152.9145947,154.5470561,12520177
2012-05-03,152.6769867,153.834173,151.9124078,152.6046505,8299657
2012-05-04,150.1146393,152.9146331,149.1950837,151.5507974,16529947
2012-05-07,147.8932495,149.1950808,145.7028442,147.7485909,20084811
2012-05-08,146.3744202,148.5544796,144.4423233,148.3685077,16997816
2012-05-09,143.6364136,146.3640846,142.7995123,145.0622397,16058311
2012-05-10,143.4401093,146.3847475,142.696194,144.080693,14838445
2012-05-11,144.0703888,145.2689023,142.2312776,143.2024921,13310297
2012-05-14,140.7848053,145.2275935,140.2165438,144.2357153,17853868
2012-05-15,140.8570709,142.1692474,139.2969319,140.3094732,16170682
2012-05-16,139.7102509,141.0947501,139.079985,139.482938,13569502
2012-05-17,141.5803375,142.5515518,140.0615254,140.5677961,15576334
2012-05-18,142.2829132,143.9050431,139.4829197,139.8755409,10341793
2012-05-21,143.7190857,144.7936179,141.7559933,141.859311,10211280
2012-05-22,142.8098755,145.5995377,142.3242682,145.5995377,12853294
2012-05-23,141.9316254,142.572223,140.4231449,141.5906768,11301566
2012-05-24,143.6777649,144.6489794,141.7766631,143.4091249,10498664
2012-05-25,142.8305359,143.6777691,142.282938,143.6157784,13496281
2012-05-28,144.9899139,145.2688718,142.9958265,142.9958265,11265492
2012-05-29,145.03125,146.6740434,144.1426898,145.1035724,15024360
2012-05-30,145.9404907,146.4364297,143.6467677,144.576655,15403723
2012-05-31,147.7324982,152.6422587,142.8646247,145.931913,39482174
2012-06-01,143.4718323,148.5386181,141.9643584,148.0989365,17921568
2012-06-04,145.0421143,145.9319458,140.9907793,141.7445092,14269847
2012-06-05,147.0939178,147.8162567,145.534103,145.722532,13284608
2012-06-06,149.8890076,150.328689,146.2459368,147.4917032,23252900
2012-06-07,151.0091553,153.2389675,149.9622999,150.9672822,27944820
2012-06-08,152.7783356,153.2389536,149.1352648,150.3286898,12717493
2012-06-11,151.2185516,154.1811716,150.3496708,153.4064912,9954345
2012-06-12,151.365097,152.0036758,149.5749662,149.7005855,11961991
2012-06-13,149.9727631,151.5744508,149.1562098,151.2185156,9950023
2012-06-14,149.9832458,150.9149502,148.8735808,149.9099679,7479627
2012-06-15,152.1607056,152.7992983,150.4333983,150.4333983,9936719
2012-06-18,150.5171204,153.7833194,149.0724568,152.9144248,10034412
2012-06-19,154.4009705,154.8092471,150.1193208,150.1193208,7804051
2012-06-20,154.3905182,155.5525246,153.4692821,154.5161375,10313366
2012-06-21,150.4752655,153.6786553,148.7374761,153.6786553,22609240
2012-06-22,148.8630981,149.6796375,147.3032835,149.3969941,19130296
2012-06-25,149.9518585,151.3651177,149.0724954,149.5331135,11114641
2012-06-26,151.4802399,151.8989848,149.5854264,150.2240051,16084241
2012-06-27,151.2708588,152.7573954,150.3286863,152.087398,7708056
2012-06-28,150.726532,152.3805614,150.0460661,151.6686907,11903391
2012-06-29,154.484726,155.1233186,151.8152461,151.8152461,16771028
2012-07-02,154.3905182,155.1023748,152.8725764,153.9927098,6831968
2012-07-03,154.1707001,155.4897308,153.1133623,154.9244299,10294922
2012-07-04,153.7309723,154.9348516,152.6003569,154.9348516,9347118
2012-07-05,154.6627045,155.4373708,153.270382,153.8775559,7805552
2012-07-06,153.8566132,154.5161284,152.7364799,154.5161284,9259557
2012-07-09,153.2180481,153.6367791,152.0246228,152.6317967,7798797
2012-07-10,154.8720551,155.3536096,153.0086465,153.144734,5974354
2012-07-11,151.9304047,154.2230267,151.1661927,153.5634975,11937173
2012-07-12,150.998703,152.7993022,150.1402765,151.1452589,10066480
2012-07-13,150.4334106,152.1083767,149.7006034,150.7474729,11373177
2012-07-16,150.820755,151.6163579,149.7110758,150.7474771,7307313
2012-07-17,150.6113739,152.4119732,150.1821606,151.7524579,11396875
2012-07-18,149.8680878,151.1347769,149.1143441,150.3287058,8552746
2012-07-19,152.3805389,152.8202204,150.3287014,150.7893194,11681226
2012-07-20,151.3022919,152.6003859,150.1298032,151.2290139,12406980
2012-07-23,150.5380859,151.9618133,149.3446746,149.700596,10221032
2012-07-24,151.6896057,152.1816145,150.4019662,150.9567987,8035118
2012-07-25,150.5904083,151.7000873,149.1038715,150.8311926,8748220
2012-07-26,148.6851196,150.9358683,147.9523265,150.9358683,14016845
2012-07-27,150.9568329,152.1711808,149.9413822,150.5380879,13466410
2012-07-30,152.7574463,153.2180644,151.1348076,151.3755919,6963876
2012-07-31,155.6886139,156.2120416,150.9568143,153.1761583,13479810
2012-08-01,156.3481445,157.2170393,154.6417598,154.9872269,14431906
2012-08-02,154.8406677,156.5261019,154.2544304,155.3745637,7974567
2012-08-03,155.4687805,156.6098644,152.9563247,153.8880291,10943814
2012-08-06,164.5764465,165.2778349,156.620334,156.620334,37384710
2012-08-07,164.0948944,166.6492234,162.8386595,164.576449,19670296
2012-08-08,165.5709534,167.2877923,163.8436322,164.3670599,18370923
2012-08-09,163.3411713,166.7434589,162.6083779,165.1731755,12750067
2012-08-10,163.7493896,165.1940532,162.0848924,162.8176854,10678248
2012-08-13,165.0161133,165.4034394,163.205046,163.205046,6183560
2012-08-14,167.4029694,167.9159288,164.7753484,164.9637913,16508712
2012-08-16,170.8785095,172.0719207,167.3087164,167.9263725,21632112
2012-08-17,170.868042,172.7105001,169.5175927,171.2448998,14330179
2012-08-21,170.4806976,172.5011303,170.072421,170.8471012,11057384
2012-08-22,169.1302795,170.7424359,168.690598,169.4234052,8748439
2012-08-23,166.3456268,169.8840156,164.9742549,169.7060409,16661033
2012-08-24,163.7493896,166.3455912,163.0375331,165.7698222,15117604
2012-08-27,164.8486328,166.7015735,164.0425616,164.5659894,9154343
2012-08-28,165.4453278,166.219994,163.00615,164.7439254,8774153
2012-08-29,163.7598877,166.9737458,163.3725476,165.6128282,8842299
2012-08-30,164.0216217,165.7908022,160.9229143,163.2574096,27245709
2012-08-31,160.462265,164.2309553,159.6875988,163.3097192,14781765
2012-09-03,159.7608795,161.2055432,159.1327691,160.7972666,9790138
2012-09-04,163.2259979,163.5505284,159.5829404,159.94933,8754970
2012-09-05,161.4568024,163.2992747,160.0016702,162.3152289,13179587
2012-09-06,160.8391418,162.1791228,159.9597789,160.4413335,5302686
2012-09-07,165.7698517,166.7643657,162.995689,163.0375621,13821905
2012-09-10,165.8326721,168.1985722,165.2254982,167.4971838,8776096
2012-09-11,165.6128235,166.628274,163.9797308,165.2987613,13658914
2012-09-12,167.09935,167.4343487,165.2882827,166.1362408,7772894
2012-09-13,167.3191986,169.2768219,166.303748,167.0993648,11677889
2012-09-14,176.2384491,177.0654568,169.496684,170.219009,36312698
2012-09-17,182.938324,184.5818991,177.567945,177.567945,42430663
2012-09-18,179.1382446,182.9697455,178.2379589,182.1950791,17296128
2012-09-20,174.3017273,177.6097855,173.4118961,176.0185661,15310116
2012-09-21,178.0285339,178.94977,174.197034,174.4064134,35935601
2012-09-24,175.1078186,179.5988342,174.3540889,177.9657414,14905003
2012-09-25,175.8196869,176.8770106,173.8306588,175.4532833,13838236
2012-09-26,176.8665466,177.9029338,174.5843929,175.4532876,16657879
2012-09-27,173.7469025,177.546998,172.5744277,176.9607606,30420370
2012-09-28,175.2857666,177.5260329,174.6890471,175.2438935,14117613
2012-10-01,174.5111389,176.3536114,173.6213075,175.8720567,8712229
2012-10-03,177.1491699,178.688062,174.6681192,174.7099923,21902919
2012-10-04,178.5729218,179.8291567,177.7773189,178.0808989,12626615
2012-10-05,179.5988159,180.4781788,142.8646099,180.0384974,15714795
2012-10-08,171.5589905,178.9183978,170.8994751,178.9183978,20893020
2012-10-09,170.7005615,173.0873982,170.2399434,172.8361596,11601732
2012-10-10,170.8471375,172.1661681,169.0465381,169.800268,9380939
2012-10-11,171.674118,172.1033313,169.4443198,171.4752208,11857119
2012-10-12,171.4542999,173.0245831,170.8575943,171.4333634,10626525
2012-10-15,172.3231812,173.7573766,171.475223,171.475223,11181159
2012-10-16,170.1038208,175.8615388,169.5908614,175.6416911,22171959
2012-10-17,168.5754395,171.1402367,167.8216957,170.8575933,20915414
2012-10-18,169.8630981,170.8471441,166.8690733,169.0151398,26601633
2012-10-19,168.0833893,169.6955453,167.3610505,169.109308,12648708
2012-10-22,170.7633667,171.0460241,165.7593915,166.4921987,14165351
2012-10-23,169.5804291,170.5958797,168.5021688,170.3236906,9493730
2012-10-25,169.6746216,171.412411,169.0046381,169.6118119,18056661
2012-10-29,169.8421326,170.5121161,167.9891921,167.9891921,10986118
2012-10-30,168.1776123,169.967743,167.3191859,169.5908712,9337388
2012-10-31,168.6486969,169.036037,167.0784139,168.1566741,9422473
2012-11-01,168.9837189,169.3396542,165.1312818,166.4503264,18379112
2012-11-02,169.1616821,170.6168143,168.0206122,170.0096404,11547717
2012-11-05,168.7847595,169.3710107,167.8844602,168.2613319,5066549
2012-11-06,168.6382294,169.046506,166.7120111,168.3346355,15450143
2012-11-07,167.6751251,168.6068295,167.0784195,167.9159094,10418019
2012-11-08,166.7852936,167.1412289,165.3510981,166.0315639,12414461
2012-11-09,164.9114227,168.2299635,164.3565902,166.1048479,10595311
2012-11-12,164.7020721,165.2778413,163.1003841,164.5345797,12661154
2012-11-15,164.2728577,165.162689,162.6921062,165.162689,15252390
2012-11-16,162.2942963,165.9583044,161.4254015,164.8590936,14357871
2012-11-19,162.1163483,162.943356,159.4049809,162.3152455,20723808
2012-11-20,160.2424622,163.4563066,159.5829468,163.4563066,9434023
2012-11-21,161.4672546,162.0325694,159.3526074,160.4832089,8612899
2012-11-22,160.3471527,161.9907279,159.4154482,161.8546264,10486909
2012-11-23,162.0011597,162.4303589,160.3785214,160.3785214,7469469
2012-11-26,161.9802246,163.1945864,161.4253921,162.2419454,4542818
2012-11-27,164.7334442,164.9846967,162.0534964,162.6816067,10808581
2012-11-29,167.1412354,168.3346466,163.8645676,164.56597,19614256
2012-11-30,166.1781311,169.1721415,165.4034508,166.670154,18244916
2012-12-03,168.334671,168.9627955,165.3511285,166.4503394,10320168
2012-12-04,172.6686707,172.8780502,168.7534235,168.7848283,15279225
2012-12-05,174.3226929,175.2648656,171.810237,173.411925,13516432
2012-12-06,176.6885529,177.0968295,172.1033232,175.0240554,11534903
2012-12-07,174.7414246,177.9029273,173.8725298,176.0918599,13188809
2012-12-10,173.4223938,175.4428268,171.9463251,174.7414384,8177837
2012-12-11,171.6950531,175.5265532,170.5330467,174.1970405,16253418
2012-12-12,174.3226929,174.783311,171.5485161,172.7314591,10123422
2012-12-13,174.6681213,176.0813802,173.8620503,174.3226683,11603084
2012-12-14,175.7149811,177.2957463,173.4642463,174.7204671,8950431
2012-12-17,174.6472015,176.7932677,173.9876863,174.7204795,7246381
2012-12-18,174.0714111,175.7568591,172.9408097,174.7204581,7996183
2012-12-19,175.7673492,176.5106107,174.6262654,174.8670497,8718992
2012-12-20,175.4218597,176.2802861,173.6736022,176.2802861,9577572
2012-12-21,172.783783,174.7204554,172.1451903,174.4064072,9402708
2012-12-24,171.8311768,173.2234853,170.7633707,172.8570957,5704037
2012-12-26,173.4119415,175.0136297,172.1033651,172.1033651,5823779
2012-12-27,171.2030334,174.1970437,170.6586692,173.8411224,16101867
2012-12-28,175.9243927,177.1282724,172.0091457,172.4174225,14550602
2012-12-31,175.7778015,177.9238535,175.2020185,175.9348256,9730755
2013-01-01,176.0185699,177.2538682,175.6835712,176.709504,6831351
2013-01-02,177.5365295,179.2219777,176.4059279,176.7095219,13441898
2013-01-03,180.2164917,180.4781986,176.8351411,177.6726171,17266808
2013-01-04,180.4467926,181.0225617,178.7090171,180.4572609,13306377
2013-01-07,179.3476105,182.3625577,178.3426281,181.2528925,15307180
2013-01-08,178.1018219,179.6616507,177.5260528,179.0335263,13973797
2013-01-09,178.5310669,180.0280723,177.6831226,178.4682572,17071824
2013-01-10,177.9761963,179.8396049,177.3376176,179.5883524,9239813
2013-01-11,175.8510895,178.5938472,175.0868775,178.4891645,8050294
2013-01-14,177.4527588,178.5938285,175.6626282,176.0813731,7060887
2013-01-15,177.3690643,178.342642,175.4533139,177.1596848,10387846
2013-01-16,180.3421021,182.3415983,177.1387123,177.1387123,19551254
2013-01-17,186.3406067,187.0838822,180.0071186,180.4991415,22117537
2013-01-18,188.4761963,189.0519654,185.4298306,187.3874538,22754714
2013-01-21,192.6112823,199.9497527,192.2134739,196.4113779,43957346
2013-01-22,192.6322174,194.8620298,191.6900447,192.6217491,18664413
2013-01-23,193.2603149,194.4642084,191.8261195,193.0614177,11701950
2013-01-24,191.690033,194.369995,189.8999022,193.6685927,13438049
2013-01-25,190.9886627,192.066923,189.5021257,191.836607,14088477
2013-01-28,187.9213409,191.1875403,187.387445,190.8106684,13400981
2013-01-29,184.8436127,188.8530741,184.2678435,187.3874735,15439403
2013-01-30,188.30867,189.1461599,185.8171511,185.8171511,17641932
2013-01-31,185.6392212,188.0155895,184.8959457,187.7329321,16733589
2013-02-01,187.1780853,188.3924331,185.0006144,186.6232528,8152817
2013-02-04,185.6496735,188.6436838,185.1053092,187.6072967,13697044
2013-02-05,183.1477051,185.4821864,182.7813015,185.0843919,9708430
2013-02-06,183.3361206,184.8540624,182.32067,184.3411029,9876509
2013-02-07,182.7603302,184.6656119,181.8076894,182.4881411,8542570
2013-02-08,180.8027191,182.9906443,179.4313333,182.1427001,9584217
2013-02-11,181.8181915,183.2000458,180.1850986,181.1063209,8329895
2013-02-12,183.2942505,184.3201694,181.1481983,181.8600549,9728703
2013-02-13,184.0375366,185.9218681,182.6766189,185.0843921,10533233
2013-02-14,179.2324219,184.9691894,178.1750983,184.2468645,12284945
2013-02-15,177.0863495,179.5150587,174.6367038,178.9916311,14390520
2013-02-18,177.4423218,178.9288588,176.5420222,177.5470045,5310071
2013-02-19,177.6307526,179.0126068,174.6681468,177.7563858,9677020
2013-02-20,183.1581421,184.0060862,179.3475787,179.6302361,14873246
2013-02-21,179.8919525,183.5768968,178.7299461,181.9437902,16214530
2013-02-22,180.6038208,182.5718982,179.6407116,179.7453944,9725304
2013-02-25,178.8764954,181.0958253,178.175107,180.8969281,9878487
2013-02-26,172.4174042,177.9029339,171.4228901,177.9029339,13474915
2013-02-27,174.0504761,176.0709088,173.1815814,173.778301,17709146
2013-02-28,170.3969727,175.7778196,168.7010562,175.2857968,27667849
2013-03-01,169.6746216,171.3705379,168.6487028,170.8471102,13906688
2013-03-04,170.1352844,171.3182416,168.5231279,169.360618,14948007
2013-03-05,173.0140991,174.7100014,171.4961575,171.4961575,13159371
2013-03-06,174.877533,175.5370483,173.0874019,174.1761305,10778102
2013-03-07,175.1392212,176.1860766,172.532551,174.0400244,10529882
2013-03-08,178.237915,178.9497716,175.8720153,176.5001257,10131948
2013-03-11,176.814209,180.1850913,175.8825046,178.4054287,10569010
2013-03-12,177.5155792,178.9079016,176.6152797,178.0704117,8552523
2013-03-13,176.9189148,179.3476248,175.9139323,176.3326773,9401899
2013-03-14,180.0699463,180.781817,174.8775416,176.7095458,14790357
2013-03-15,176.6362457,182.0275614,175.5161123,181.0539838,12793329
2013-03-18,174.6785889,176.6048071,173.9457957,174.8251587,8023328
2013-03-19,172.7314606,175.6626615,169.9887026,175.1601703,17970333
2013-03-20,172.2498779,173.7364147,170.2922549,173.6526685,20179135
2013-03-21,170.1352844,174.364594,168.491723,172.731487,16660114
2013-03-22,169.716507,171.893978,168.4079447,169.2349523,11876985
2013-03-25,169.4338684,172.3860058,167.968268,171.8102367,14058667
2013-03-26,164.0111237,168.5440119,163.3097214,168.0205842,19465627
2013-03-28,161.8231812,164.5554843,160.0435188,164.3565732,26513604
2013-04-01,163.0480194,165.5709433,162.0116323,163.5191057,8326610
2013-04-02,166.2200012,166.7643655,162.9538017,163.3516101,11110756
2013-04-03,162.5874023,167.2877831,161.425382,167.0365445,9321547
2013-04-04,160.703064,162.8805209,160.0016616,161.7394511,11915658
2013-04-05,163.3306732,163.8122278,160.7344713,161.0066464,12989770
2013-04-08,165.2778168,166.3142038,162.8909805,162.911917,8878601
2013-04-09,162.6712036,166.5759829,161.4463732,165.8431755,13081885
2013-04-10,163.1841125,164.1367535,161.5510198,163.3306684,12190258
2013-04-11,161.4463043,164.3775046,159.9911724,164.1472026,11428531
2013-04-12,162.3361359,163.3934594,160.1691474,160.5878923,11349794
2013-04-15,166.1571808,167.4866935,161.8545944,161.8545944,16184406
2013-04-16,168.5335388,169.5908624,164.4403182,166.8690275,17774606
2013-04-17,161.9907227,169.5071542,161.0485499,168.7220056,32105722
2013-04-18,163.6447144,164.398444,161.7708376,162.5769225,13793320
2013-04-22,165.3511047,166.3874919,162.9538,164.5659702,12790893
2013-04-23,168.2718353,168.7115168,164.5764367,165.7175065,12356228
2013-04-25,171.6113129,173.0664449,169.0883889,169.0883889,25921526
2013-04-26,165.9059143,172.731424,165.3406136,170.2189686,20852076
2013-04-29,165.958313,167.2668754,165.0789499,166.0525275,20968563
2013-04-30,165.0265961,166.7957765,162.7130374,166.167666,17548959
2013-05-02,168.1043091,168.9627354,164.0215711,164.8590469,27236264
2013-05-03,167.6018372,170.8261632,166.4293626,168.1252648,12917135
2013-05-06,172.0195923,172.7209807,167.95779,167.95779,9358282
2013-05-07,173.3909454,175.0135696,171.6112832,171.9986233,16529868
2013-05-08,173.7050323,174.3854982,172.1138126,173.7992608,11858396
2013-05-09,171.2867737,174.1237597,170.6377267,173.443308,8182539
2013-05-10,172.261673,173.8615064,171.4670677,172.6324963,9081731
2013-05-13,170.1533051,174.9209935,169.2633347,172.3464332,9087230
2013-05-14,169.1256104,171.4246982,168.5852742,169.6341629,8828077
2013-05-15,173.5436401,173.925058,169.9413949,169.9413949,11255447
2013-05-16,178.1312408,178.7987116,172.8020268,172.9079864,15197535
2013-05-17,177.039978,178.9894318,174.4548371,178.131245,12484982
2013-05-20,176.1182251,181.1719669,175.6096726,177.4425863,13237846
2013-05-21,175.5778656,177.9934934,174.8786113,176.1076072,10594235
2013-05-22,173.4906921,176.7221145,172.378222,175.8957255,12579289
2013-05-23,166.2226257,172.9079845,165.3008716,171.9862304,12798137
2013-05-24,166.6464081,168.394551,165.1101561,168.1190928,7975390
2013-05-27,175.5142822,176.4678198,169.7294895,170.1003128,18956469
2013-05-28,178.7139435,179.4555902,175.0693196,175.8745336,21734556
2013-05-29,179.667511,180.0701181,176.605601,178.0994751,25752389
2013-05-30,177.3154297,179.2648834,175.8745427,179.0529924,18225094
2013-05-31,170.8525696,177.0929431,169.9626133,176.7433088,17159386
2013-06-03,166.9536896,170.6512866,166.3921501,170.3016523,14165128
2013-06-04,165.322052,169.4752425,165.0995665,167.5257889,14752690
2013-06-05,169.9414368,170.4288002,165.3856387,165.3856387,12748842
2013-06-06,167.822464,170.3440378,166.9960749,169.5176487,17113393
2013-06-07,166.0425415,169.9414494,165.4916107,168.2886429,9420701
2013-06-10,167.2609253,168.5640974,165.703484,167.1867634,11361378
2013-06-11,166.4663239,167.7165091,164.2837758,166.0213386,13242164
2013-06-12,167.568161,168.987873,165.7458421,165.9259635,12774566
2013-06-13,167.3562622,168.0131525,165.3962141,165.9153753,9726275
2013-06-14,172.6218872,173.7237485,168.6911969,168.712386,17575615
2013-06-17,174.9315948,175.4295528,171.8696711,172.8020197,11089648
2013-06-18,174.4760132,177.4637609,173.2152194,174.5395805,15658352
2013-06-19,176.2347565,176.5632016,172.6748889,174.1793573,17331546
2013-06-20,169.0938416,173.3105856,168.4581544,173.3105856,17422410
2013-06-21,168.0025635,171.7107547,166.0425153,169.4964374,20486223
2013-06-24,167.9601898,168.7018224,164.9618474,167.3986504,16311628
2013-06-25,170.3228455,173.7343897,168.4581621,169.4540782,19232377
2013-06-26,170.2804718,172.57956,169.7507301,171.5200767,16661304
2013-06-27,175.8745422,177.347227,172.5689438,173.013929,25751492
2013-06-28,182.7823792,184.9861019,179.2648757,184.2444552,48133694
2013-07-01,187.6772003,188.1645637,181.3096921,182.6552423,20497553
2013-07-02,184.7424164,188.9697688,184.0855402,187.1262607,17779689
2013-07-03,180.2925873,182.9413096,179.8052238,182.3374061,12816463
2013-07-04,182.5810852,184.4775662,179.550959,180.7693606,13233510
2013-07-05,186.5435333,187.4758819,183.5769749,183.5769749,12756629
2013-07-08,183.7041321,185.081466,181.8394489,184.3504279,14253091
2013-07-09,185.3675232,186.8508025,183.7253115,184.1597021,12922258
2013-07-10,181.3838959,186.4376383,177.7816353,185.2510061,22237458
2013-07-11,184.3610077,185.0496675,182.0725144,183.2909158,11368001
2013-07-12,188.5777588,189.8597417,184.2656499,185.2509713,14371976
2013-07-15,190.0398407,190.6861223,187.7407529,187.7407529,12913233
2013-07-16,190.8344727,191.6502671,187.1156726,187.9526703,12974694
2013-07-17,193.8751984,194.500291,191.3430302,191.3430302,23132227
2013-07-18,194.3625641,194.9346839,192.656785,194.5214823,12303560
2013-07-19,195.7292786,196.6192348,193.472569,194.7439573,14298611
2013-07-22,192.6249695,193.8857632,190.4848142,193.8857632,16958736
2013-07-23,192.7309418,196.0047423,192.2435784,193.2606834,12430954
2013-07-24,192.6885223,194.2883556,189.679586,192.4024696,13788582
2013-07-25,188.7472687,193.2924717,185.9290479,191.9681106,15831296
2013-07-26,188.6201477,191.4913556,187.6242317,189.0545384,9565406
2013-07-29,187.6772003,190.4212736,187.0097295,187.9632673,9151355
2013-07-30,181.6699219,189.012157,180.9388838,187.9632683,11393034
2013-07-31,184.7848206,186.4058291,178.5444468,181.9453963,15795755
2013-08-01,180.1124878,187.0733053,179.0212208,185.4417021,11071339
2013-08-02,181.6699219,184.7636153,180.1124806,182.2314472,12821918
2013-08-05,182.5598907,184.9649242,181.3308947,182.2314456,12559130
2013-08-06,178.2160034,183.1214215,175.9063349,181.90302,12415511
2013-08-07,184.8695831,186.8614152,176.0864464,179.0530053,18794821
2013-08-08,183.4286652,184.8695663,181.6275352,183.788894,11367214
2013-08-12,179.1907349,184.9543399,178.0888733,184.1385313,8728866
2013-08-13,180.7269745,182.2208484,176.9340267,178.6291971,11537003
2013-08-14,183.2909088,183.92661,179.5721233,181.3838476,11260259
2013-08-16,175.1752777,183.7147252,173.1516621,183.2909291,27321905
2013-08-19,173.8085175,176.7221031,171.1174314,174.3912459,16150138
2013-08-20,174.8892212,176.0440554,170.5877068,171.8696756,11418893
2013-08-21,166.0425415,176.8704838,165.3220837,176.5102549,15711357
2013-08-22,170.8102264,171.3505627,164.0507186,165.7988621,22293762
2013-08-23,173.6496429,174.7515045,171.318771,172.4206467,14332191
2013-08-26,174.306488,176.1817798,171.2975512,174.2852989,9916035
2013-08-27,170.2062988,174.7938663,169.5176389,172.4841978,13094883
2013-08-28,172.0179901,173.4482965,161.8681161,168.4793121,25813146
2013-08-29,179.105957,180.8329251,172.1663294,172.9079761,30837833
2013-08-30,180.9282837,182.2314416,175.5143133,178.7987085,21443760
2013-09-02,187.8996735,188.5883332,180.7905194,180.7905194,21052445
2013-09-03,176.0864563,188.9486088,175.5143364,188.2069619,17326878
2013-09-04,179.9747467,183.1955746,176.51023,176.6691483,13323596
2013-09-05,182.7717896,184.2974613,180.345581,182.8671546,14254145
2013-09-06,183.9266357,185.0920645,178.3113545,184.3504319,15048312
2013-09-10,188.6625366,189.3406161,183.5558218,184.9649395,18493766
2013-09-11,188.1115875,189.2028544,185.2297852,188.3764654,14860857
2013-09-12,185.4946594,190.9192243,184.5940944,188.1645566,17979275
2013-09-13,184.9860992,187.2534034,183.7253055,183.9266161,9825959
2013-09-16,182.6022644,188.1009911,180.9600668,187.7301678,12050423
2013-09-17,181.839447,183.0790376,180.6634096,181.4580291,10930099
2013-09-18,184.7636108,185.4099066,181.5533775,182.3374024,13704245
2013-09-19,188.7154999,189.8491592,186.5859387,188.1751637,18935509
2013-09-20,186.8719635,190.9191938,184.4563359,187.7407306,18362492
2013-09-23,185.272171,186.6812743,183.2909196,184.7848076,8875005
2013-09-24,185.3251648,187.4335369,183.9584254,184.7742199,12352943
2013-09-25,179.9111938,185.388732,178.459698,184.8589903,17472523
2013-09-26,177.6226807,180.1442541,176.9869936,179.4026215,19874983
2013-09-27,177.97229,181.0659828,177.3577921,178.4172752,12006474
2013-09-30,174.2640991,178.947031,173.5648448,176.3089036,15922812
2013-10-01,174.0628052,175.8533405,173.2681857,175.0905047,9108666
2013-10-03,179.466217,179.8794187,174.4760421,174.4760421,9108321
2013-10-04,181.0448303,182.1678809,177.569719,178.1100552,9909849
2013-10-07,178.8516998,180.6210321,177.1459207,179.603927,11265723
2013-10-08,179.0424194,181.1084134,177.8240037,180.04893,12119312
2013-10-09,182.4221649,183.8524716,177.4637741,177.9829212,11954619
2013-10-10,182.2314301,182.8247531,179.6992622,182.0195391,9371240
2013-10-11,182.9412842,183.9266055,181.0236144,183.2909043,9773103
2013-10-14,184.4140167,185.4099328,182.909548,183.2909519,12156983
2013-10-15,183.8842621,190.4212835,183.079048,190.1352165,23041721
2013-10-17,186.5435333,188.1645417,183.2167461,184.3504052,17613513
2013-10-18,191.9045563,192.4025143,186.8084363,186.8084363,22177371
2013-10-21,193.504364,193.9917274,189.8915237,191.9045446,15143599
2013-10-22,191.59729,193.0275966,190.177578,192.2753695,10246173
2013-10-23,190.0186768,192.6567905,188.090412,191.8092123,8945093
2013-10-24,187.4229431,193.0382104,186.7554582,189.0227627,11717100
2013-10-25,187.9526672,189.1816633,186.3316587,187.3381692,9945744
2013-10-28,188.7472687,191.7350306,188.1327707,188.1645543,15374364
2013-10-29,190.0292511,191.5443141,187.2957867,188.3976481,14450634
2013-10-30,190.3153229,191.3218334,189.5842707,189.9656886,9614780
2013-10-31,193.8222046,194.5214589,189.8597302,190.7073083,19779731
2013-11-01,192.4554596,196.3331775,191.4171656,192.847472,11890914
2013-11-05,192.7627411,195.3055038,191.4171908,191.4171908,10955587
2013-11-06,190.410675,194.9240804,189.6372446,192.8263031,9619806
2013-11-07,187.7195587,191.9363164,186.9143589,190.4954153,9792601
2013-11-08,185.6112061,188.1645633,184.594101,187.7407671,8755784
2013-11-11,183.0578156,186.9143441,182.2737907,185.1979708,8901228
2013-11-12,180.6634216,184.6894639,180.1548691,183.2909408,12169801
2013-11-13,178.9258728,182.5281189,178.4385093,180.0913016,8391536
2013-11-14,180.4621124,183.0790369,180.1972345,180.377356,8031378
2013-11-18,185.3569641,185.9926513,181.4156779,181.8288795,12073167
2013-11-19,186.119751,187.5076794,185.409902,185.409902,8434885
2013-11-20,182.7611847,187.1050773,181.595756,185.3781233,13090661
2013-11-21,179.6039429,182.2314622,178.7245669,182.2102731,11465699
2013-11-22,178.7881165,181.4792169,177.8027951,180.3243827,7482129
2013-11-25,180.472702,181.5639689,178.8516935,179.5509479,10078405
2013-11-26,178.2583771,181.5533811,177.4743663,180.2184254,13965988
2013-11-27,177.5591125,180.0065241,176.9869928,178.9470409,11421820
2013-11-28,179.6780701,181.4686054,178.6503706,178.6503706,12546701
2013-11-29,180.7905273,181.4897958,179.8158006,180.3137727,9884161
2013-12-02,181.2355347,182.8565574,180.5998475,180.7481712,7221751
2013-12-03,182.6340485,183.3968843,180.2502041,181.1719582,9184625
2013-12-04,181.3944244,183.8206465,180.7905069,182.4221238,8761077
2013-12-05,184.5623169,185.8337053,183.9372243,184.7742079,12534404
2013-12-06,183.6511536,185.3357435,182.4857248,184.3822058,7301066
2013-12-09,186.2469025,188.1645726,185.6641881,186.9143874,12704841
2013-12-10,187.4546967,188.3128834,186.1515247,186.1515247,8718563
2013-12-11,187.0203094,187.5182674,184.880154,186.9991204,4977570
2013-12-12,184.392807,186.4693954,183.9266327,186.0455992,5690033
2013-12-13,183.227356,183.9478136,181.7334821,183.7147194,8926111
2013-12-16,179.0635834,182.7082073,178.6715709,182.2314385,10046119
2013-12-17,177.8239746,180.7269659,177.3048276,179.8370096,10089421
2013-12-18,182.2208557,183.0472589,177.8239902,177.8239902,12009855
2013-12-19,180.9706726,183.1638011,178.77753,183.1638011,13450539
2013-12-20,189.6796265,190.2835441,182.6764311,184.7742085,20508621
2013-12-23,189.9127045,192.6143851,188.5883434,190.4954188,16191974
2013-12-24,190.2941284,191.7668132,189.6690217,189.9656833,7306775
2013-12-26,188.0692139,190.7073275,186.9143797,189.5418987,14619868
2013-12-27,186.225708,189.4147665,185.8125206,188.291716,7744563
2013-12-30,187.9738617,188.5565761,185.5900173,186.6812842,10315527
2013-12-31,189.6902313,190.3365272,187.9738717,188.1645737,5706010
2014-01-01,188.3340912,190.3365177,188.0798078,190.1669907,5849398
2014-01-02,185.4098969,189.8597347,184.3716028,188.100983,6023632
2014-01-03,183.1319885,185.0602529,181.1719405,184.6894296,12833897
2014-01-06,181.161377,182.9201289,180.1124882,182.6764401,13315857
2014-01-07,178.4384766,182.2208294,178.0040859,181.0871844,17311470
2014-01-08,179.9111938,181.6699316,178.9258724,178.9258724,12726430
2014-01-09,180.260788,180.9176783,179.0635757,180.2078152,8309185
2014-01-10,181.839447,185.6853676,179.6886827,179.7628446,14839980
2014-01-13,186.5541382,187.1050689,183.9266193,183.979592,12058586
2014-01-14,186.7872314,187.4335131,184.8695615,186.1515302,12075547
2014-01-15,187.6242218,189.6478373,186.6812786,187.4653036,12660424
2014-01-16,187.772583,189.2876462,186.9038016,188.3129192,18038361
2014-01-17,187.4758759,190.0504218,186.5223382,188.4082244,15463211
2014-01-20,184.2974548,188.3764696,183.5240244,187.9314844,16576057
2014-01-21,182.8777313,185.1132378,182.6552316,184.9119413,9806364
2014-01-22,184.8695831,185.4840812,181.8394569,182.9731021,8517726
2014-01-23,183.460434,184.6258626,182.3585726,182.3585726,13767334
2014-01-24,183.8524628,185.3357421,182.4645344,182.6552363,11879019
2014-01-27,178.6609802,182.4009694,178.0676713,181.3838643,12345838
2014-01-28,179.0211945,181.3838495,178.5656147,179.4767742,11573795
2014-01-29,177.2730713,180.6422374,176.9340457,180.0701175,12374165
2014-01-30,174.8150482,176.6903401,174.2217393,176.171193,14102043
2014-01-31,176.1182251,176.6055885,175.0587418,175.2388492,11038353
2014-02-03,173.9462738,175.832146,173.6390177,175.0693243,8227762
2014-02-04,174.0839996,175.1646719,172.3040588,172.5901258,12362252
2014-02-05,173.1728363,174.0734012,170.9797081,173.7767397,11298451
2014-02-06,172.8761902,174.6243332,171.2445731,173.7555519,10826505
2014-02-07,172.5795288,174.560766,171.7637203,174.2005372,8459052
2014-02-10,174.1687622,174.9421926,171.8802688,172.7490502,10345205
2014-02-11,170.6300964,174.8150569,170.1003548,174.3912749,12609169
2014-02-12,173.3105774,174.1581696,171.0856654,171.2128,9828890
2014-02-13,171.0856476,173.5224644,170.5876897,173.5224644,8657303
2014-02-14,174.1899261,174.6031277,171.2127733,172.0391764,9218744
2014-02-17,172.1239624,174.1793616,171.0115064,173.2576075,9058505
2014-02-18,172.3040771,173.2999932,171.0221083,171.0221083,5741275
2014-02-19,172.1133728,173.7555705,171.6366039,172.2722911,6130140
2014-02-20,170.6724396,172.4205966,170.1744817,171.9120441,8041497
2014-02-21,171.9544525,172.9079903,170.7042532,171.0221038,6256274
2014-02-24,172.134552,172.6854827,170.6406781,171.2233925,6800627
2014-02-25,171.7531128,172.907961,171.1174258,172.5477322,7039336
2014-02-26,171.7849121,173.0880841,171.2657651,171.8484794,13608048
2014-02-28,169.5070343,172.7702404,168.0555386,171.784919,18949872
2014-03-03,170.2381134,170.9585712,168.913752,169.5388588,11635479
2014-03-04,172.261673,172.6219018,170.0685448,170.1533012,8997053
2014-03-05,171.000885,173.3317422,170.6088726,172.8125952,11827655
2014-03-06,174.2746887,174.6878902,171.4882518,171.4988464,10172590
2014-03-07,184.2232819,185.1980087,174.8150528,174.8150528,33597187
2014-03-10,187.6242218,191.4807509,182.9518982,183.312127,32869474
2014-03-11,185.3569641,188.1222127,184.7954388,187.5289037,12780183
2014-03-12,184.6364594,187.0838708,183.8524486,185.1979846,9431389
2014-03-13,186.374054,189.5948821,185.3463543,185.4099216,17221827
2014-03-14,187.772583,188.577783,184.1491335,185.1980223,16540547
2014-03-18,189.9551086,192.5720333,188.4824237,188.4824237,19034847
2014-03-19,191.3430176,192.8051078,189.7008059,190.7073163,16376397
2014-03-20,191.9786987,192.2965493,190.3153121,191.0463501,29711945
2014-03-21,187.6983643,193.5361301,186.9249481,192.19058,22050970
2014-03-24,191.8515625,192.5614114,188.8214367,188.8532203,28815466
2014-03-25,186.3210754,186.9991408,184.8801742,186.2575081,31299573
2014-03-26,188.8426514,191.3324414,186.7130761,186.7342652,13811011
2014-03-27,190.8662872,191.7456633,189.0333733,189.6160877,55407935
2014-03-28,194.1294556,194.9346696,190.7073172,190.7073172,18667646
2014-03-31,197.2231903,199.1408464,193.5043899,194.1506716,18751896
2014-04-01,199.7341461,200.2426986,196.9159111,198.3356232,15640608
2014-04-02,203.0397034,203.8449173,198.7805819,200.242672,26780181
2014-04-03,201.863678,204.0462114,199.267943,202.7430537,26550895
2014-04-04,200.0837555,201.9908309,199.5116357,201.7259671,12513877
2014-04-07,200.0625763,202.3510697,197.985988,200.0307926,12905249
2014-04-09,203.8767242,204.8408565,200.6982746,201.3021781,13438946
2014-04-10,205.3388214,206.366521,203.8873257,204.4170673,10649501
2014-04-11,202.0968018,205.7626293,201.429331,203.9085264,11691621
2014-04-15,201.1114502,202.1497584,198.4627423,201.3021662,9264526
2014-04-16,199.4586945,203.2092785,198.7806291,200.560556,12381278
2014-04-17,203.2304688,203.8025886,199.9884373,200.2427206,7845800
2014-04-21,203.3363953,205.5295236,202.5947485,205.5295236,11817203
2014-04-22,205.0633392,209.5131771,202.5947386,203.4211417,19331824
2014-04-23,204.9362335,208.0828999,204.3217354,205.328246,15288495
2014-04-24,204.9362335,204.9362335,204.9362335,204.9362335,0
2014-04-25,200.9313354,205.3282003,200.4545666,205.1163093,13252156
2014-04-28,200.2426605,202.5735175,199.4692303,201.2597654,16610579
2014-04-29,199.2467804,201.6730029,198.759417,200.4651819,8396497
2014-04-30,198.2932281,203.4211311,196.8735162,200.0095874,14391181
2014-05-02,196.6616211,200.7512443,196.21665,199.1832086,9070553
2014-05-05,200.6347046,203.1033054,196.004759,196.004759,15199246
2014-05-06,204.131012,204.9044282,200.7830353,200.8571972,12392211
2014-05-07,203.6012573,205.836778,202.7960574,203.4423391,10571569
2014-05-08,203.4846954,205.5612835,201.4610801,204.0780043,11949181
2014-05-09,211.3884735,211.685135,202.5311757,202.5311757,18452114
2014-05-12,217.9784546,222.2799687,210.6468289,210.8163416,30847764
2014-05-13,225.3312988,226.4755526,219.2074795,220.3729083,26863271
2014-05-14,221.5383606,226.3060353,220.6060119,225.4584572,19375695
2014-05-15,223.2123413,224.6108643,220.2139988,221.53836,20864719
2014-05-16,230.9463806,245.0695756,227.2764937,233.2681539,52633579
2014-05-19,239.6771088,240.6828516,232.5833993,233.460753,23797958
2014-05-20,231.0747681,241.5922706,230.1867296,241.3568907,22509088
2014-05-21,230.7644958,236.0178905,229.7694522,231.0747694,21991587
2014-05-22,235.5578308,238.2540866,232.1126245,232.3908151,18745180
2014-05-23,241.2605896,242.2342494,235.8146113,237.8581941,16566818
2014-05-26,235.750412,243.9461269,230.0369281,242.3412353,16073584
2014-05-27,232.808075,237.0985231,230.0583239,236.0285858,11273379
2014-05-28,233.0114136,236.7990055,232.1233606,233.1612008,11351815
2014-05-29,229.7266846,233.974337,228.6139365,233.7817534,27659174
2014-05-30,227.8328552,233.1825415,226.8271125,232.1768131,17293884
2014-06-02,231.577652,232.8722844,227.9612604,229.9834451,8806299
2014-06-03,234.4022827,235.814605,230.539798,231.8130322,10874352
2014-06-04,230.5718994,235.7718129,230.3044222,233.8138228,8826406
2014-06-05,233.2253723,234.2953097,227.7365831,230.7859089,19974435
2014-06-06,240.1799622,242.4482257,236.263982,236.9701361,29319340
2014-06-09,240.233429,242.3840167,237.9758646,241.8062375,13497804
2014-06-10,239.302597,241.9025465,235.4829089,241.9025465,15760599
2014-06-11,235.8360138,239.6663871,233.7817319,239.6663871,15164409
2014-06-12,234.1347961,238.2754715,231.9842225,235.0763444,11767348
2014-06-13,231.5134735,236.884573,229.5447841,235.4508523,14646904
2014-06-16,227.9933472,231.9628228,226.2172559,231.9628228,14371376
2014-06-17,233.2574768,233.9529318,226.4205595,226.4205595,15824961
2014-06-18,228.2715454,235.7397227,226.9662139,232.8187862,19212704
2014-06-19,222.9967499,230.0262507,220.7498842,229.822968,23126286
2014-06-20,221.7983856,224.5588213,221.3169125,223.809871,12855084
2014-06-23,222.1086884,223.5959044,219.1235572,221.9054057,14768300
2014-06-24,226.7950439,227.4263044,223.6173148,223.6173148,11890148
2014-06-25,224.9012146,226.6880192,224.2913524,226.324236,10564797
2014-06-26,216.534317,219.7441435,215.4215833,219.3375638,24480677
2014-06-27,216.5770874,219.0165506,215.5285483,216.1277115,9225499
2014-06-30,217.2832642,218.2676088,213.9878453,216.6734019,20656550
2014-07-01,215.6997681,218.3853105,215.4750729,217.6684574,9653273
2014-07-02,217.8931274,219.8404185,216.5556987,217.625636,12293489
2014-07-03,215.3787537,219.3375299,214.7367942,218.2675927,11575392
2014-07-04,220.8247681,221.8626081,214.6940195,215.0577884,12957117
2014-07-07,219.8083344,221.9054127,218.4816046,221.0494571,14019093
2014-07-08,212.9286041,221.3704267,211.8479678,219.5515248,17484768
2014-07-09,214.1911469,216.1063264,212.3829439,214.4158277,14903156
2014-07-10,213.3886719,218.5885709,209.9327669,214.0413305,18600100
2014-07-11,206.8192749,214.4158418,206.2094126,212.960723,17783841
2014-07-14,205.8028107,208.616742,205.1073414,207.2686285,13764770
2014-07-15,208.0389709,209.7080856,206.0809809,206.1558888,15345123
2014-07-16,211.7837982,212.4899523,208.4241845,208.4241845,13957671
2014-07-17,210.243042,213.6026407,209.7722679,211.41997,9426887
2014-07-18,209.0126343,210.4677531,207.4184274,209.7081035,9332698
2014-07-21,213.4850006,215.6997834,212.9286337,213.9878721,16987269
2014-07-22,220.6107788,221.2420536,214.2232519,214.8438133,28489939
2014-07-23,221.1029358,222.5045591,218.4922871,221.4881172,13721398
2014-07-24,222.7720795,223.2321546,219.123576,220.4075095,9673900
2014-07-25,218.6634979,223.2535351,215.496468,222.9539464,13532588
2014-07-28,215.1861877,219.0272601,214.3302322,218.4815924,9372911
2014-07-30,215.3038635,216.3417035,212.489918,214.8437885,18616706
2014-07-31,215.3680725,218.2462127,214.4158252,215.6890594,17722817
2014-08-01,208.9163513,213.7738802,208.638175,212.9179246,15826199
2014-08-04,210.7780304,211.7837732,208.8628367,209.9220749,14672155
2014-08-05,210.5319214,211.3878769,207.7821848,210.7994128,12233949
2014-08-06,211.4520569,213.6882372,209.6010579,210.756602,16358373
2014-08-07,211.6981812,213.2816889,210.4249469,211.6339723,10844144
2014-08-08,209.815094,210.4570535,208.2315862,209.611797,9118453
2014-08-11,209.815094,211.2595137,209.151722,210.8101377,6696796
2014-08-12,210.6496582,211.195326,208.9270479,210.992029,9556263
2014-08-13,211.8800659,213.260291,209.7080941,210.4142481,14113750
2014-08-14,214.6191254,215.0578023,212.2224725,212.9179275,12062077
2014-08-18,216.7803955,217.293966,213.4528793,214.2232422,7643510
2014-08-19,215.9779358,218.9095715,215.2931799,217.1976746,14559347
2014-08-20,213.6347504,217.9359118,212.9927909,216.341705,13022078
2014-08-21,212.9393005,214.8437952,211.8693633,213.9878396,16449220
2014-08-22,213.624054,215.4857522,212.9820945,214.0092354,8571614
2014-08-25,213.0891113,215.8067654,212.5862399,213.9878633,7455233
2014-08-26,212.5648499,213.3352128,210.3500814,213.1319158,9548209
2014-08-27,212.6397247,214.3730341,211.1739212,213.3886894,8391614
2014-08-28,213.7096558,214.8437875,212.8323021,212.8323021,15914040
2014-09-01,217.0050812,218.4815981,213.0463045,214.9187019,16197464
2014-09-02,219.0807495,220.7391651,216.2561191,217.9466177,16556769
2014-09-03,220.6749573,221.6807,218.5029713,219.3696259,21922291
2014-09-04,219.5301056,221.2420165,217.8610053,220.1934775,9346763
2014-09-05,219.4766235,221.1457239,218.3959872,219.9153004,9078852
2014-09-08,222.055191,222.4082752,219.9795109,221.2420461,13886787
2014-09-09,221.0494537,222.8255595,220.0223127,220.8568702,9166689
2014-09-10,217.3795319,220.2148754,216.684077,220.0115785,9459033
2014-09-11,218.1392059,220.4074839,215.6997569,218.3318038,10619105
2014-09-12,217.3260803,219.12357,216.4380274,217.9466417,8749882
2014-09-15,214.576355,216.5557437,214.2018868,215.9351822,8738403
2014-09-16,209.5796967,214.8759021,208.9591353,214.287438,13242995
2014-09-17,211.5590668,211.9656463,209.4833868,210.756621,10887270
2014-09-18,215.036377,216.1277124,210.4998355,210.7780261,9089107
2014-09-19,213.0142059,217.3688631,212.0619586,215.2717848,17169819
2014-09-22,212.1796417,213.1318747,211.3557835,212.4899152,7900222
2014-09-23,206.6802063,213.0142385,206.0810287,212.2117926,17694403
2014-09-24,206.5089722,208.4455641,204.4439912,207.2472378,15393998
2014-09-25,198.9766235,207.0974604,197.4359119,206.7336914,33092058
2014-09-26,199.7041473,201.5016367,196.2910388,198.7946964,15904980
2014-09-29,199.6827698,201.7263526,198.923106,200.4959147,12481132
2014-09-30,202.3683014,202.9567655,197.9494499,198.5807103,17642155
2014-10-01,198.4095306,202.346909,198.1527525,201.9189312,8656245
2014-10-07,198.184845,200.057228,197.6070657,198.4202249,12404189
2014-10-08,200.4424133,201.4695543,197.1149115,197.1149115,9827783
2014-10-09,204.283493,204.8398598,200.7633935,200.7633935,11164671
2014-10-10,205.5674133,207.354218,200.3140188,202.6464912,15465656
2014-10-13,204.9789734,206.4447913,202.8711959,205.8135308,13881865
2014-10-14,205.695816,209.4940919,205.1287502,209.4940919,19077913
2014-10-15,205.695816,205.695816,205.695816,205.695816,0
2014-10-16,199.222702,204.7649867,198.5807282,203.6415539,19017182
2014-10-17,200.6992188,201.2876829,197.9815647,200.2926391,15313270
2014-10-20,200.0893402,201.2769818,195.0606261,200.8276058,21187302
2014-10-21,198.8696136,200.5066169,198.3881404,199.9181528,17621790
2014-10-22,202.357605,203.4596395,199.6827618,200.1000262,13384016
2014-10-27,201.4374695,206.2736,200.4638239,206.2736,10072622
2014-10-28,199.875351,201.5765487,198.1741532,201.3839651,22023470
2014-10-29,203.6308289,204.0160103,199.8967474,200.421017,17516848
2014-10-30,209.5475922,210.0397645,202.6678934,202.860477,32745121
2014-10-31,214.105545,214.7796161,210.1039719,210.1039719,14086084
2014-11-03,214.4907074,215.9137288,211.8800588,214.8437915,12376151
2014-11-05,212.1261749,215.8067757,211.5056135,214.4158513,15730002
2014-11-07,209.815094,212.9928087,209.2908244,211.9442696,11633677
2014-11-10,207.4291077,211.8051627,206.9797317,210.3072477,10482542
2014-11-11,209.2159576,211.3772308,206.7657948,208.0818114,10100100
2014-11-12,208.4348755,210.3500694,207.2900445,210.1253742,9286081
2014-11-13,207.4077301,209.665309,206.1559083,208.424172,7041533
2014-11-14,207.386322,209.2266222,206.5089683,207.3542248,8424014
2014-11-17,210.8208313,211.3237027,206.7122675,206.7122675,10224348
2014-11-18,211.5590668,213.4956586,210.8208155,210.8743109,13410579
2014-11-19,209.3122253,212.2759584,208.9591412,211.5590909,8099318
2014-11-20,209.868576,210.4998365,207.6323955,209.280112,11342020
2014-11-21,213.4956818,214.2018501,209.7509011,209.7509011,11739875
2014-11-24,210.8529205,214.8758915,210.0718586,214.0306351,12426216
2014-11-25,212.4899292,212.8965088,208.2743746,210.7994306,14606201
2014-11-26,211.2167206,212.4899406,210.2644732,212.2652598,13155281
2014-11-27,211.5590668,212.4899159,210.3607405,211.8479564,12279963
2014-11-28,212.1903687,217.7005561,210.3928647,211.783789,20881173
2014-12-01,205.7707214,212.2652532,205.1180485,211.6339785,17382184
2014-12-02,205.9954224,207.8357227,205.0003786,205.8563342,9453044
2014-12-03,207.2151489,208.4241744,205.1180563,205.1180563,9789854
2014-12-04,205.118042,208.6274426,204.5081797,207.1616391,10775294
2014-12-05,204.8612823,206.9262635,204.3798091,205.6423301,10048267
2014-12-08,202.1329041,206.038185,201.630047,205.4283228,10238784
2014-12-09,201.1164551,203.4382282,199.2226739,201.3625483,10598750
2014-12-10,199.5543213,201.3518247,199.0086537,199.3189414,13242754
2014-12-11,193.9050751,198.7947005,193.3059119,198.7947005,22620658
2014-12-12,188.8121948,194.9429438,188.1702352,194.0869882,17874849
2014-12-15,188.0524902,188.694464,186.5973717,187.8706058,12647964
2014-12-16,185.0138855,189.0047593,183.9653464,187.6245485,20886278
2014-12-17,186.0624237,187.217968,184.9817873,185.152987,20779949
2014-12-18,188.3307037,189.3364465,185.0245858,188.6409915,14970699
2014-12-19,192.7067566,194.3865561,188.8442719,189.4006387,20073537
2014-12-22,193.6376343,194.0441996,190.6632019,193.0170586,8305143
2014-12-23,191.2516327,193.4770999,190.834354,193.0919185,10583206
2014-12-24,189.1973877,191.9792222,188.3093348,191.2516699,22479751
2014-12-26,190.2031097,191.0162547,188.3307123,189.7216365,4890141
2014-12-29,191.947113,192.3857899,189.7965392,190.1282252,6931660
2014-12-30,188.3414001,192.2466812,187.6887416,191.9684906,11627412
2014-12-31,190.6952667,191.2837308,188.1060163,188.3092989,8464992
2015-01-01,189.9997864,190.87714,189.0903355,189.6574156,2963643
2015-01-02,189.4969635,191.7438436,189.2294863,190.0426313,7331366
2015-01-05,187.4212799,190.6418056,187.0467975,189.3792703,10103941
2015-01-06,178.9152374,186.8113924,178.0378837,186.1694329,18627980
2015-01-07,182.8098145,183.7727609,179.1078304,179.1292285,20720312
2015-01-08,180.1884613,184.650109,179.7818817,184.0509316,19872227
2015-01-09,184.0937347,184.457518,180.8197284,181.5472806,13392787
2015-01-12,181.9538422,184.243518,180.0921583,184.1365271,10100113
2015-01-13,180.4238281,182.9488838,179.8567623,182.5316052,9948711
2015-01-14,178.6691742,181.2477259,177.866714,180.3917703,11380041
2015-01-15,184.9389648,186.4047824,179.7497655,179.7497655,16927085
2015-01-16,186.1052094,187.239341,182.3283178,184.0295153,19136963
2015-01-19,188.2344208,189.5932335,183.7620736,186.2122361,13339962
2015-01-20,193.241745,193.7767137,188.0632292,188.6303094,13361320
2015-01-21,194.0335083,195.0285522,190.8878904,193.6590402,17084297
2015-01-22,189.1117859,194.1298012,188.2023348,193.6911243,23721627
2015-01-23,189.7858124,192.1182704,187.6673361,190.44917,18080494
2015-01-27,190.2458801,191.8828832,188.4162792,191.0697241,17939876
2015-01-28,194.0548706,194.6861453,189.6146209,189.6146209,19298126
2015-01-29,198.8803253,199.9716609,194.0655927,194.1083891,36117653
2015-01-30,195.8523712,199.276179,194.5149425,199.0086876,21746801
2015-02-02,194.311676,196.8474313,193.8088046,196.0235729,19302710
2015-02-03,200.6350098,201.3304647,195.4136981,195.4136981,17092333
2015-02-04,198.7519226,201.9617346,198.1313612,200.9559918,14072894
2015-02-05,197.6605835,201.1271735,196.355252,200.2926304,12365643
2015-02-06,194.7075653,199.0087131,193.2310483,197.7461921,9045844
2015-02-09,191.8829193,196.4408595,190.8771764,192.8458658,8839692
2015-02-10,188.7372742,193.5519917,184.3077237,192.1610819,13651008
2015-02-11,192.7388763,193.6055311,188.9512848,189.5932444,9781008
2015-02-12,194.5470581,195.5741991,189.860729,194.3009791,8709626
2015-02-13,196.3338623,197.0400164,194.5256593,195.5848976,7393680
2015-02-16,193.1882477,197.7675859,192.5890702,196.5906434,12266698
2015-02-18,192.9421234,194.3009502,191.390713,192.5890393,9835036
2015-02-19,193.0277405,194.2153821,189.9249193,194.0762796,9550637
2015-02-20,186.8328094,191.7331348,186.447628,191.5726342,18717199
2015-02-23,182.1999664,187.613862,181.2691172,186.1587432,14104463
2015-02-24,180.0600739,183.3447937,179.1078408,182.799126,19946218
2015-02-25,180.4238281,183.2805698,179.9744522,181.6328677,15274116
2015-02-26,180.1777802,181.889677,179.0222358,181.0551196,21459750
2015-02-27,183.0772858,184.2435291,180.7341286,181.365389,18659378
2015-03-02,184.9389648,187.3463305,183.0772668,185.9554065,14579511
2015-03-03,192.7602844,193.96931,185.6130931,185.9554639,20636925
2015-03-04,189.9891205,194.6540657,188.3200199,193.8730037,14476047
2015-03-05,189.368576,192.3216103,187.9134571,190.9841813,10716702
2015-03-09,186.0945282,190.8236677,184.9176,189.4006462,14065391
2015-03-10,183.8476563,187.4105522,183.0451961,185.9447345,15234060
2015-03-11,183.1628876,186.0838096,182.4032239,184.2328248,11635873
2015-03-12,184.8427124,185.6130753,183.0880049,183.6015896,11782380
2015-03-13,181.9110718,186.0838302,181.2477141,185.9554411,12936157
2015-03-16,180.1991882,182.7349436,179.8140068,182.210674,13839990
2015-03-17,183.355484,184.0081426,179.9637734,182.0073562,19070082
2015-03-18,185.8805237,186.6508865,182.8953929,183.3875652,9269885
2015-03-19,183.2056885,187.6031274,182.7670116,187.3570484,13934612
2015-03-20,182.7670441,184.2756584,181.5901015,183.5801891,10405717
2015-03-23,180.1670837,184.8855101,179.3432254,183.280604,13251683
2015-03-24,181.4509888,182.8098157,180.199167,180.199167,9238431
2015-03-25,180.7983398,181.7826845,179.9637824,181.6756936,10264941
2015-03-26,177.4601135,181.7291778,176.3473799,179.9851695,20621346
2015-03-27,173.693924,178.679841,171.5005398,178.4444468,23326922
2015-03-30,173.4906464,174.9778624,170.4306216,174.7424825,17330588
2015-03-31,176.753952,178.2304688,175.042041,175.042041,20235395
2015-04-01,178.9045258,179.5357861,173.9935022,176.518558,14588531
2015-04-06,176.4650879,179.3218301,175.7696329,178.8938523,12334096
2015-04-07,178.2197876,178.9152426,176.7646688,176.7646688,21275454
2015-04-08,185.2920685,186.062417,178.2304713,178.3588603,24821205
2015-04-09,191.5405273,192.3750848,183.7727753,185.2064959,27276420
2015-04-10,193.5198975,194.4721448,190.2565903,191.508412,25323219
2015-04-13,197.4037933,197.8852666,192.3215839,194.0441799,20177342
2015-04-15,197.6498718,201.0629662,194.1297723,197.0827917,22231264
2015-04-16,198.6556244,200.7206054,196.6548379,197.8317661,20177302
2015-04-17,198.3346405,202.068722,197.4251895,200.0893337,23958678
2015-04-20,189.5183411,200.6029102,187.9883287,200.570813,37628162
2015-04-21,187.5496521,191.6261331,186.6937108,190.4812879,17707007
2015-04-22,188.2558289,189.7537441,185.5274756,188.7159039,14761313
2015-04-23,187.6780701,190.3208164,185.9661588,189.133189,13337818
2015-04-24,188.0739136,189.2615551,185.8805435,187.6673483,12709854
2015-04-27,187.3035431,189.9141915,186.4796849,188.3199848,11042925
2015-04-28,185.1422882,188.7372815,183.7192668,187.1751719,14687371
2015-04-29,181.8896637,186.287117,181.3332969,184.457516,16387960
2015-04-30,184.5324097,185.2920734,181.4509869,181.8896638,34802149
2015-05-04,190.6524963,191.2837568,184.1365659,185.3562905,15078502
2015-05-05,190.909256,192.974237,189.4006418,191.240942,17846755
2015-05-06,188.362793,191.8935916,186.5973865,190.449172,22438208
2015-05-07,186.3299103,187.9776125,184.0295352,187.2393612,16735535
2015-05-08,192.7836761,193.6612499,186.5865194,188.7316868,17104443
2015-05-11,194.1379547,194.8963412,191.4185624,193.4662248,14214007
2015-05-12,188.2333069,193.9104224,187.4640865,193.9104224,16650201
2015-05-13,191.7869263,192.5561611,185.741444,189.2408906,16701434
2015-05-14,190.2918091,192.0252888,188.5800116,191.9819388,12329713
2015-05-15,189.3708954,192.1877926,188.5366717,191.0935412,8331715
2015-05-18,193.1845398,193.7154147,188.99171,189.5767544,9847540
2015-05-19,194.0513,196.0447932,192.1119763,193.1195568,14513036
2015-05-20,196.933197,197.3990687,194.5171676,195.1022265,8708891
2015-05-21,194.3113098,198.3524655,193.7370993,197.4532239,10759523
2015-05-22,195.849762,196.2289625,194.365476,194.365476,8349048
2015-05-25,193.8237762,196.7490127,193.3579046,195.0155328,6617337
2015-05-26,191.6786041,194.1488028,191.2669019,193.9321106,9510249
2015-05-27,191.8302612,193.0436999,190.7251759,191.9819356,8078236
2015-05-28,189.7717896,193.7696099,188.9483851,191.9494589,26538868
2015-05-29,190.0318146,192.0794772,189.1867424,190.6601945,29277517
2015-06-01,195.5030365,196.0772614,190.2484573,190.6818272,19594976
2015-06-02,194.7230072,199.0891794,193.1628841,196.2614626,20178960
2015-06-03,194.2246399,197.2798829,192.5236762,194.7988504,15546279
2015-06-04,197.767395,198.5257815,193.4012088,195.9255766,15931395
2015-06-05,196.6948242,198.6883172,195.9797588,197.1606958,13066337
2015-06-08,191.8627777,197.1823755,191.3535705,196.4889778,10846953
2015-06-09,191.4835815,192.9895207,190.1076345,191.4510654,9153355
2015-06-10,196.2722931,197.1607007,191.765266,191.9819437,13509379
2015-06-11,190.0643158,197.0740436,189.3059147,196.3156426,14676438
2015-06-12,192.8161926,193.4337387,190.3026584,190.4651812,21543824
2015-06-15,195.3947449,196.0989765,192.8487088,193.9104588,12858570
2015-06-16,195.8714294,196.0989555,193.5420858,194.7988457,13929305
2015-06-17,201.776062,204.1920911,193.7154189,196.1097802,26232634
2015-06-18,212.1227264,212.783608,202.0577558,202.0685897,49366799
2015-06-19,215.9580383,218.0707042,212.8919614,212.8919614,45710935
2015-06-22,214.885437,218.5690597,213.7586694,216.023024,19394187
2015-06-23,215.6004944,217.2689563,214.7337545,215.0912872,16007498
2015-06-24,214.7120972,218.0815374,213.7911878,215.6005049,18603004
2015-06-25,217.6698303,218.6340752,213.4336648,213.8670347,27175118
2015-06-26,216.8355865,219.7391403,215.6871512,216.6622299,20966796
2015-06-29,214.7012787,215.3513409,210.6167872,214.0620648,20168946
2015-06-30,216.7055817,217.3014599,214.0837087,214.4954109,23184864
2015-07-01,217.9082031,218.9482853,216.9006226,216.9006226,14824266
2015-07-02,219.0349579,220.9634478,218.2223874,218.6340896,15931202
2015-07-03,218.2440338,219.6741503,217.3447923,218.7965765,13831096
2015-07-06,220.05336,220.7792449,215.6438377,215.8388622,12237733
2015-07-07,217.3881531,220.2808733,216.6839215,219.067449,11294999
2015-07-08,215.9472046,218.5690777,214.8746208,215.7846818,15190654
2015-07-09,213.9537048,216.9006089,213.0327955,215.8171768,16245867
2015-07-10,217.0739441,217.5506496,214.5712439,214.75542,16110573
2015-07-13,218.2007141,219.3924851,215.6330104,217.0739609,9860248
2015-07-14,216.2072296,219.1758017,215.643853,218.6124251,9942927
2015-07-15,219.0999603,219.8041775,216.5864261,216.6297616,13532911
2015-07-16,221.8193207,222.7077283,219.0999428,219.2841188,14854295
2015-07-17,221.3859558,223.4336183,220.5842337,222.1551907,10195142
2015-07-20,222.0468597,223.173613,220.5625738,222.7077413,6348354
2015-07-21,218.3740234,222.8485485,217.279772,222.7510435,7923338
2015-07-22,227.6047821,228.3740025,217.6806528,217.7673239,17309440
2015-07-23,226.4997101,231.3859234,225.6113024,228.276511,18642915
2015-07-24,222.1118469,227.4422638,221.2559409,227.0847456,13099664
2015-07-27,217.8431854,223.1627834,217.063131,222.0793657,20118553
2015-07-28,218.9049377,220.3025381,216.7055863,218.4824017,13382878
2015-07-29,215.8171844,219.4358186,214.9721268,218.7424208,14790821
2015-07-30,216.7164001,218.4173781,215.0154366,216.7055663,11701228
2015-07-31,217.0847778,218.3957215,214.5170744,216.6839096,16634259
2015-08-03,217.214798,219.6849966,216.5539164,216.9006152,9887787
2015-08-04,214.083725,217.908203,212.3502596,217.4206636,12006872
2015-08-05,214.0295715,216.8573032,213.2386687,214.1379104,14345010
2015-08-06,212.1227264,214.9504578,211.8085437,214.7337656,8708037
2015-08-07,213.2928314,215.3838296,211.7326938,212.1335621,8608888
2015-08-10,209.9450684,214.2570715,208.9916573,213.3253426,9288894
2015-08-11,209.3166809,210.9743091,207.583201,210.4000986,8762464
2015-08-12,204.3112946,209.3166956,203.8020873,208.7966545,9650325
2015-08-13,202.2419434,206.7056351,201.3860373,205.1996813,9340350
2015-08-14,209.5225372,210.6167889,202.4478058,203.7370818,12739366
2015-08-17,206.0014038,209.3166745,204.9938234,209.3166745,10857430
2015-08-18,204.5712891,207.1498266,204.1596013,207.1498266,6630334
2015-08-19,206.8464813,208.2332478,203.5637122,204.5496249,8877298
2015-08-20,198.5474854,208.0057443,197.9949426,208.0057443,19008087
2015-08-21,196.7381897,197.5940958,194.3654958,197.1823936,20050521
2015-08-24,179.7501373,190.6818474,177.2474371,190.6818474,35635706
2015-08-25,183.7804565,186.489015,178.3742024,182.1986657,49504268
2015-08-26,184.9180756,189.5551097,182.0145069,183.7046367,18955515
2015-08-27,188.3308258,190.9526988,185.7089528,187.8216186,26997546
2015-08-28,189.03508,191.3319222,187.6699666,189.5984566,10770215
2015-08-31,185.4597778,189.1325669,185.0047401,189.1325669,20708942
2015-09-01,181.9819946,185.0264037,180.9527464,185.0264037,21645696
2015-09-02,184.0838318,185.7197922,182.577878,184.1813368,19652369
2015-09-03,185.015564,186.5106837,182.9679015,185.0588995,11659978
2015-09-04,181.1261139,184.1163539,178.7859216,184.1163539,16199949
2015-09-07,180.5410614,182.8812536,179.3493048,181.635313,10234633
2015-09-08,183.8779602,184.8205373,178.7858888,181.1477484,12900468
2015-09-09,189.3925476,190.4001279,184.2896429,186.5648312,17340694
2015-09-10,187.8649445,188.6233454,185.3730782,186.5648491,11074406
2015-09-11,186.5540314,189.8367861,185.5247831,188.9483784,10634833
2015-09-14,187.1824036,187.5832718,184.5930322,186.7273658,7964072
2015-09-15,187.8649445,188.5150066,185.394746,186.7815269,11509788
2015-09-16,189.0675659,190.107648,187.4749411,188.9700609,13424811
2015-09-18,194.0187836,194.9071767,190.0642992,190.3459802,34261453
2015-09-21,190.2701721,192.4586754,189.8259682,190.6818743,12732187
2015-09-22,183.7263184,191.7436273,182.9895995,190.6818773,15745524
2015-09-23,184.2571564,185.6547711,182.014484,182.6645317,15221260
2015-09-24,181.4402771,183.7479528,180.8769005,183.7479528,29076982
2015-09-28,180.7685394,182.2094897,179.5659491,181.9711442,11624639
2015-09-29,182.177002,184.2354983,179.0025863,179.8476584,15853471
2015-09-30,186.8465576,187.3882665,181.6894822,184.398041,17292020
2015-10-01,187.3665924,189.3709195,186.0448292,189.3709195,8663393
2015-10-05,192.4152832,192.8486531,186.7490021,186.9548604,16015412
2015-10-06,194.5930023,195.1238773,191.9277793,194.0729613,12330294
2015-10-07,198.0057678,198.9266772,193.065385,193.8671071,11515191
2015-10-08,192.6536865,198.2441317,192.0361405,198.2441317,10753149
2015-10-09,192.2744751,196.1964579,191.0068814,193.7262594,9327873
2015-10-12,193.2278748,195.3622082,192.4153043,192.4153043,6212395
2015-10-13,193.6287537,194.213798,191.3102295,191.7761011,6162561
2015-10-14,195.6547546,196.0989585,193.7045971,194.1054654,8002587
2015-10-15,195.8172607,197.3990517,195.0372064,196.6840006,9048478
2015-10-16,198.2224579,198.2224579,195.8172626,195.9906048,15246935
2015-10-19,208.7749786,209.2083342,203.8995845,203.8995845,33505855
2015-10-20,207.3015289,209.4683644,206.4997923,209.0999977,18091895
2015-10-21,206.9331207,211.2234552,206.4997508,207.0414596,14404450
2015-10-23,207.0740051,210.8443139,203.9320908,208.8724884,12153422
2015-10-26,204.300415,208.6665868,203.9645501,208.4282413,10938775
2015-10-27,203.5854187,205.4705733,203.119547,203.4229104,11601798
2015-10-28,203.0219727,204.7446184,201.4943514,203.0111388,11958727
2015-10-29,203.8995819,204.7663219,202.5886381,202.8161642,13280382
2015-10-30,205.3513641,207.1281651,203.7045698,204.1379253,13366359
2015-11-02,207.9732056,208.3415722,204.8096241,205.6330139,7222044
2015-11-03,209.5766907,210.2809223,208.2874292,208.7207991,11373522
2015-11-04,206.1314087,211.2668303,205.0263233,209.7500427,10033187
2015-11-05,202.946167,206.0664134,202.1661126,205.6330434,10767454
2015-11-06,206.3697815,206.8789887,203.2278673,203.5637178,8367190
2015-11-09,208.2874298,209.0999858,200.0967651,202.2744487,17031699
2015-11-10,199.9450989,207.9082379,198.547484,207.366529,11486238
2015-11-13,202.1769409,203.3686974,198.157453,198.2766258,13682323
2015-11-16,202.4477997,204.1162618,200.3784692,200.6493309,15346549
2015-11-17,201.0285034,203.4445326,200.6926529,203.2603565,8588142
2015-11-18,197.6157227,201.7977184,197.1715189,200.9959819,11249222
2015-11-19,202.5453033,203.4012094,198.7533414,199.1108741,12183206
2015-11-20,205.16716,206.456436,200.551794,202.3827788,11304265
2015-11-23,206.6622772,207.5615188,205.0263169,205.8497212,10499517
2015-11-24,209.6850128,210.5300849,206.0772274,206.4997634,14806176
2015-11-26,214.2245636,214.9396291,209.8042217,210.4001,23805828
2015-11-27,212.1443787,215.0587809,211.071795,214.3003799,10891864
2015-11-30,209.5550232,213.3036639,208.5149411,212.0252218,29919205
2015-12-01,209.2950134,212.0902287,208.287433,208.8833112,12981379
2015-12-02,211.9060516,212.2852522,208.9916491,209.3708496,7573628
2015-12-03,211.7435608,214.2895971,211.0718452,211.2451874,11361395
2015-12-04,209.1974792,211.5268372,208.31992,210.6817651,13443688
2015-12-07,206.2939453,210.8334745,205.795572,209.1974996,14483909
2015-12-08,203.8778992,206.6297788,202.8378171,205.6113645,7532164
2015-12-09,198.4608154,204.4304613,197.7999338,202.8595041,9174419
2015-12-10,205.9255524,206.673105,199.3491953,199.890904,18592203
2015-12-11,206.4889374,207.7998811,204.3112683,206.2289241,18155513
2015-12-14,206.9548035,208.7749543,204.9829782,205.3296771,10563900
2015-12-15,211.4618225,211.9060263,206.6405985,207.3664978,15718833
2015-12-16,212.0577393,213.9862292,210.9418198,211.4618609,12097338
2015-12-17,218.7857361,219.9341714,211.9168641,212.3610679,19369032
2015-12-18,214.9288025,218.6340934,214.5171003,217.5073401,16016139
2015-12-21,214.9721222,216.467242,213.2928263,214.0620467,12331769
2015-12-22,213.9320374,217.2472936,213.2169719,215.1237939,11579277
2015-12-23,217.5073242,218.1790397,214.5170846,214.907119,12919467
2015-12-24,216.8030853,218.2440357,215.8821905,217.5289847,11901877
2015-12-28,218.9374542,219.6633392,216.6839332,216.8139399,12885935
2015-12-29,220.0208435,220.7358945,218.2331944,218.9374259,14913870
2015-12-30,217.6590118,220.1508784,217.117303,219.9342006,8151610
2015-12-31,219.8474731,220.9525729,216.4888818,217.4206249,18483713
2016-01-01,220.0100098,220.7792302,218.4607206,218.807405,5416562
2016-01-04,215.6654968,219.6741506,213.8020104,217.7673287,30170947
2016-01-05,217.7998352,218.8507512,216.0338682,216.7489192,14946239
2016-01-06,223.6611633,225.0046088,216.770608,218.3307313,26759864
2016-01-07,219.5549774,222.7510608,218.4282243,221.2451071,19739943
2016-01-08,222.2635345,223.8128238,220.3025431,221.0176086,21313199
2016-01-11,227.8647919,229.8582848,219.0674303,220.1400139,29016443
2016-01-12,226.532196,230.8550324,225.589619,228.6015262,23373377
2016-01-13,233.3361053,236.1313353,226.9114216,228.1898638,71802356
2016-01-14,230.0424805,234.235325,228.1790085,230.519186,27823189
2016-01-15,232.5668488,236.0771295,230.8983867,231.7976283,28767318
2016-01-18,220.335022,234.8745168,218.4390485,232.9351933,27254669
2016-01-19,226.1313629,227.474794,219.7391809,222.9677808,21489315
2016-01-20,217.6698303,224.2461878,214.5170824,224.2461878,45114225
2016-01-21,213.2603302,222.2635516,211.6352036,220.4867506,31768619
2016-01-22,217.5831604,219.0674463,215.3946573,215.3946573,23682648
2016-01-25,217.5398254,220.7467428,216.6839194,218.8507547,13099564
2016-01-27,216.5430756,218.8507513,216.0230345,218.4390636,17251028
2016-01-28,220.3458557,221.40762,216.0555211,216.9005931,23074633
2016-01-29,224.354538,225.3512846,220.5842438,220.7900877,19177163
2016-02-01,223.2494507,225.7413171,222.2202024,225.3404488,9918809
2016-02-02,216.9331207,223.7911596,214.6254304,223.2494507,14771279
2016-02-03,212.6535797,215.3838058,211.2668133,214.0836961,15691478
2016-02-04,210.8442993,216.9006159,209.2516745,214.0837184,18203784
2016-02-05,210.3784332,212.7836141,208.3199367,212.1552342,20998404
2016-02-08,208.2440948,213.390336,207.5723649,210.4217641,12078110
2016-02-09,207.4748383,209.9233689,205.8497119,206.4780918,19603494
2016-02-10,208.5907898,210.8334769,205.5572144,206.2181105,16883350
2016-02-11,200.3351135,209.3058321,198.3741222,208.6341022,17114833
2016-02-12,196.4348297,202.3611403,192.4370091,202.3611403,29319458
2016-02-15,205.1454926,206.1422391,198.915834,198.915834,19283523
2016-02-16,201.6352386,207.583202,200.8660037,206.0880822,13024856
2016-02-17,206.4131012,207.4640172,198.5691356,202.621125,15442221
2016-02-18,203.7045746,209.901732,202.8161669,208.6557915,14433087
2016-02-19,204.6254578,206.4456087,203.1086702,203.6828951,10235503
2016-02-22,208.5149231,209.8150329,204.5712727,204.5712727,12770834
2016-02-23,205.7739105,209.5767065,204.2787906,208.6882988,18989787
2016-02-24,206.4239502,207.7023779,204.1162598,204.7446542,15186204
2016-02-25,204.5712891,207.2690138,203.8670719,206.7598066,24826958
2016-02-26,205.9255524,207.7457031,204.6146087,206.4997628,8349402
2016-02-29,209.4575195,215.5138362,202.5994663,206.1314148,31032353
2016-03-01,212.6319122,213.4444826,209.0241269,209.0349607,16453192
2016-03-02,217.0089569,217.9298663,213.9212122,215.1454704,20105967
2016-03-03,219.4683075,220.5842268,216.142203,218.850747,15880459
2016-03-04,218.0707092,219.9341958,217.4423293,219.7175035,8987660
2016-03-08,222.5343933,223.379451,218.3090471,218.3090471,13222993
2016-03-09,225.719635,226.1963405,220.7142346,221.0175979,11854901
2016-03-10,219.2299652,226.6297274,218.6340869,225.7954892,20706353
2016-03-11,219.8258362,223.0869375,218.9807785,219.9125217,15319044
2016-03-14,220.9634247,222.4043605,219.4899727,220.8225697,11880095
2016-03-15,221.1259613,222.7185862,219.9558725,221.8843479,10487788
2016-03-16,221.3967896,222.2743633,217.8648556,221.2342812,11064129
2016-03-17,222.6295776,227.2092619,221.753079,225.0399416,16832997
2016-03-18,225.0837555,225.7301663,222.5638329,223.1225968,14030979
2016-03-21,227.2969208,228.217243,224.1086754,225.2481149,12708074
2016-03-22,229.6086884,230.5728194,226.9353687,227.2311918,15333442
2016-03-23,225.5220032,229.4004825,224.0319614,229.4004825,16806372
2016-03-28,223.5937347,226.0698341,222.552898,225.6973199,18070240
2016-03-29,227.0668182,228.3267722,223.5498826,224.3387197,15871250
2016-03-30,229.4333649,230.4632457,228.4801751,228.4801751,14453294
2016-03-31,229.0279694,231.3945098,226.2889295,228.1076619,30833349
2016-04-01,226.6723938,229.2690074,224.6016765,227.6913187,12381116
2016-04-04,226.803894,228.3706271,224.6674412,227.8885543,8632568
2016-04-05,225.0289917,228.4144426,223.988155,225.9931373,10259495
2016-04-06,226.5190277,227.1654385,224.0757961,226.1574695,6990781
2016-04-07,227.285965,229.6415498,223.9662491,226.7710245,8789163
2016-04-08,227.0887451,231.0548715,225.9602615,226.9901277,13411752
2016-04-11,227.9542847,229.0937388,226.3546841,227.2311828,10308361
2016-04-12,229.5100403,231.7122427,227.4612346,227.9542633,11164859
2016-04-13,233.5967255,234.4403566,230.6385679,230.6385679,16038542
2016-04-18,233.3118439,233.761049,231.2630382,233.5419171,19065716
2016-04-20,227.2969208,234.2869694,226.9682301,234.2869694,21687934
2016-04-21,228.1405334,230.5180152,226.7929179,228.1953128,11380697
2016-04-22,227.6584625,229.5319597,225.5439216,227.6694184,11705087
2016-04-25,222.8267822,228.8636408,221.8188132,228.8636408,61157544
2016-04-26,222.8377228,224.3606321,220.7670054,222.4980909,26429236
2016-04-27,223.3746033,224.8098659,222.6295896,223.0459272,14502641
2016-04-28,218.4004974,223.3307695,217.1405288,222.19133,61949033
2016-04-29,215.3327637,218.8058761,214.4891326,217.6883337,23479680
2016-05-02,216.2640533,217.4582722,214.3028944,214.5220118,10620873
2016-05-03,213.8207855,218.0169993,213.1524631,216.49409,17571826
2016-05-04,214.3247986,215.551885,213.2072708,213.437344,13546285
2016-05-05,213.7003021,215.4971083,212.7471124,214.7411388,21665684
2016-05-06,212.319809,214.039924,211.8925155,213.2072635,14748329
2016-05-09,215.4204102,216.0558651,213.1634429,213.6455157,15347096
2016-05-10,215.2998962,215.7710132,214.302883,215.4204108,7248302
2016-05-11,213.7331543,214.9054613,212.5498768,212.9443026,12339923
2016-05-12,217.545929,217.8527079,213.6564932,213.8646547,12786216
2016-05-13,214.3357391,217.0528673,213.6455049,216.7022649,14648291
2016-05-16,213.8536682,215.2889307,212.7909199,214.0837414,9327335
2016-05-17,212.3636322,215.420407,211.750089,214.7959079,12157600
2016-05-18,212.6703949,213.0976737,211.2570442,211.6514701,8228838
2016-05-19,208.4303589,212.9662196,207.2032725,212.9223961,9134784
2016-05-20,204.7052765,209.1534906,204.0807774,208.6056826,18544619
2016-05-23,203.7849426,206.1295714,202.8317529,205.395499,18365734
2016-05-24,206.0747986,206.8526798,203.3576556,203.3576556,12283217
2016-05-25,208.4303589,208.7809613,206.228171,208.1345505,9240115
2016-05-26,207.4771881,208.6933334,206.8746007,208.1674371,14190024
2016-05-27,213.5797577,214.0618305,207.8935018,207.959237,13401594
2016-05-30,212.2650299,215.0698051,211.4542665,213.9522774,9633652
2016-05-31,209.8875427,213.2072731,209.5917343,212.3307744,23332727
2016-06-01,208.9562836,211.6953385,208.5618723,209.9094734,9042808
2016-06-02,209.5369263,209.7341465,207.0937094,209.1534709,10253825
2016-06-03,210.2819672,210.9941132,209.449292,210.3586582,8643295
2016-06-06,209.2192078,211.0160139,208.7261791,210.5777645,8672842
2016-06-07,209.2739868,210.5668084,208.5180027,209.7560596,18954268
2016-06-08,209.0658417,209.920414,207.9811669,209.920414,12135516
2016-06-09,212.8018951,213.9632464,209.5259882,210.3586634,15643495
2016-06-10,214.0180054,215.7052674,212.1773758,213.4263739,16316760
2016-06-13,214.9821625,215.4971029,211.0269773,212.527975,10214469
2016-06-14,213.9193878,215.9243698,212.3964785,214.9492685,10923848
2016-06-15,215.7490845,216.1654074,213.3715883,214.7411155,11129082
2016-06-16,213.9303894,215.540946,211.9034952,214.9602703,9372207
2016-06-17,213.6235962,214.4453155,212.5718036,214.0837573,10534878
2016-06-20,216.976181,217.5020773,212.1116444,213.020996,10758608
2016-06-21,216.2969055,217.8417267,214.6753933,217.8307708,13933068
2016-06-22,214.8507233,216.0339864,214.1056949,215.8367807,12788710
2016-06-23,214.8397217,215.1793536,212.5498724,214.730163,9837526
2016-06-24,208.4851227,211.4323385,204.5299525,211.4323385,24985097
2016-06-27,209.4054871,210.0080745,206.0857711,206.0857711,9163399
2016-06-28,209.8765717,210.6982909,209.2630285,209.5698074,7604977
2016-06-29,211.8706207,212.319826,210.358667,210.7969164,7523987
2016-06-30,212.3636322,214.1933206,211.9034711,212.9881313,12758283
2016-07-01,213.3058624,214.0399202,212.5498783,213.1524803,6610193
2016-07-04,216.2092438,217.7211973,213.755071,213.755071,7803505
2016-07-05,217.6116486,219.7590572,214.8068733,216.0777832,11359882
2016-07-07,216.4721985,219.2331502,216.0887285,217.4801675,12029091
2016-07-08,214.3905334,216.7132359,213.9413282,216.2750012,7140617
2016-07-11,217.4801636,218.0170157,215.9462983,217.1514729,8266601
2016-07-12,219.8686218,220.2192096,217.151479,218.0827569,9767494
2016-07-13,221.0409241,222.7829508,220.032955,220.2630283,14915296
2016-07-14,220.1973114,222.2132496,218.7401371,220.8985162,10758372
2016-07-15,221.7968903,223.7251814,219.8905255,221.0957001,13992989
2016-07-18,220.493103,227.614621,219.5070458,225.2590366,32106850
2016-07-19,223.0240173,224.152501,218.0937303,220.4383593,16649300
2016-07-20,224.1634521,225.3248034,222.7501013,223.4951296,12265316
2016-07-21,220.5150299,224.6016854,220.2192069,224.3825534,6711097
2016-07-22,222.3776093,223.0240201,220.2411418,220.438362,6899519
2016-07-25,224.1086731,224.3277905,220.7341633,222.1913377,8241568
2016-07-26,224.3935089,226.7490935,222.4542765,224.1634357,10516399
2016-07-27,221.9941101,224.8207969,221.0847439,224.1743861,11030767
2016-07-28,224.897522,225.8068883,221.9831878,222.3995254,15610838
2016-07-29,222.3885193,224.579751,221.7530498,224.3825308,9629597
2016-08-01,221.2052612,223.5718017,220.2301598,223.0678171,7978251
2016-08-02,221.9283905,223.5060793,220.5040838,220.8765979,7710138
2016-08-03,217.7978973,222.278964,217.2610452,222.278964,11872282
2016-08-04,217.5897064,219.1235716,215.4861216,218.9044543,10187608
2016-08-05,222.6843567,223.286944,218.4771865,218.685348,12109001
2016-08-08,225.532959,226.5737956,223.210242,223.4841533,13556347
2016-08-09,225.8506927,226.6833679,223.7251959,225.0399439,13290768
2016-08-10,219.9234161,226.6943328,219.5618579,225.9712309,13471958
2016-08-11,222.2132263,224.1305615,219.0359372,219.5508775,14169454
2016-08-12,226.9682007,228.5239923,222.8486778,222.8486778,16365425
2016-08-16,224.5797729,228.9403251,222.5200114,227.0668279,13367575
2016-08-17,222.0379333,225.4343399,220.7012737,224.4044591,15486572
2016-08-18,223.0787811,224.3058675,222.6295759,222.6295759,7749690
2016-08-19,222.3885193,223.9442962,220.6793457,223.0677976,8177802
2016-08-22,221.7202301,223.44036,220.7013051,221.7530977,6684236
2016-08-23,221.4134369,222.41045,220.2192035,221.7530688,7320433
2016-08-24,223.6156464,223.9333812,221.5339729,221.6873551,8719596
2016-08-25,221.9064636,225.4781787,221.0957002,223.7690049,14960746
2016-08-26,225.2371368,225.8725918,222.3227884,223.0459049,9639663
2016-08-29,231.7122498,232.2162343,224.8427162,225.0947157,16193208
2016-08-30,233.6734161,234.1335626,230.7371558,232.7092705,18170724
2016-08-31,232.2710266,235.3387574,229.4224132,233.3447309,23295502
2016-09-01,225.5220032,235.0648267,224.7550632,230.7371422,42621045
2016-09-02,222.0489044,226.2560746,219.6275845,225.9383398,28124615
2016-09-06,223.4841614,224.6016891,222.4104571,223.4841614,11510431
2016-09-07,222.9911041,225.0508654,221.9831352,223.9442937,12927438
2016-09-08,226.4423218,227.0011003,223.5498996,224.1743987,12206479
2016-09-09,228.8855591,230.0578662,225.6973138,226.7929298,15269894
2016-09-12,229.312851,231.3945243,225.5110624,225.7849591,33684893
2016-09-14,228.9293823,232.0518924,228.0857659,229.641543,18604842
2016-09-15,233.3666382,234.5060777,229.4224088,229.4224088,31371009
2016-09-16,235.6783752,239.6883397,232.0737925,233.8048781,39324529
2016-09-19,237.1793671,238.4064681,234.6813709,235.0210028,16678060
2016-09-20,235.3825684,237.6943149,234.2540848,237.5299769,11531268
2016-09-21,234.9552765,237.7271841,234.2431305,235.3387465,10943394
2016-09-22,238.614624,240.1156217,236.434348,237.3108466,18761415
2016-09-23,241.6494904,243.1066645,238.6255833,238.6255833,31085948
2016-09-26,242.6136475,247.5110665,241.090738,241.7809723,38213411
2016-09-27,243.3367615,246.7222271,242.4821891,244.7610682,19374535
2016-09-28,238.9871368,242.788925,238.0339472,242.7670132,24820234
2016-09-29,234.9991302,243.3915598,233.8925582,239.9403734,21260295
2016-09-30,237.4642334,239.8417297,233.6514747,234.0239888,11199883
2016-10-03,238.9981232,242.7780001,235.8317895,238.1873597,18125170
2016-10-04,240.2361298,242.854655,239.2829401,239.5130279,13113580
2016-10-05,238.7132416,242.4602653,237.9244045,241.9124573,10789932
2016-10-06,243.4024963,246.7879471,239.2829586,239.2829586,21111045
2016-10-07,243.0080719,246.0867438,242.4602639,244.1036879,15280380
2016-10-10,240.2361298,245.8566648,239.7211894,244.1036676,11553662
2016-10-13,231.6465302,238.6365641,230.5180319,238.6256083,21938040
2016-10-14,236.1385345,237.0917242,232.6325546,232.9283777,15265659
2016-10-17,232.4134369,236.828783,231.9970993,236.6534745,9826781
2016-10-18,236.894516,237.2560742,232.7202136,233.5857417,11073137
2016-10-19,238.2640228,239.8745938,236.9602454,237.6285679,17073242
2016-10-20,238.3078461,240.5976806,237.5409062,239.7102262,10125508
2016-10-21,233.1913452,240.3785993,231.9204207,240.3785993,43608816
2016-10-24,232.9941254,235.3387542,232.4134497,234.4622555,10513017
2016-10-25,232.4572601,233.4214057,231.0000859,233.3666264,7658966
2016-10-26,230.9672241,232.1505017,230.5399307,231.4054734,10945927
2016-10-27,229.7949066,230.934346,228.6335555,230.3208029,12842476
2016-10-28,231.164444,231.8327665,228.7212124,230.0797838,8127969
2016-11-01,230.2988892,231.3835492,229.5100375,230.3646244,10223897
2016-11-02,224.3277893,228.5130625,223.7252019,228.1076808,7039997
2016-11-03,224.3715973,226.7381377,223.6375396,224.3496856,7311872
2016-11-04,220.3397369,225.0180239,219.1235918,223.5608497,11535892
2016-11-07,219.3756104,222.7501055,218.9154493,222.1913416,9506040
2016-11-08,219.8905182,220.3725909,218.7510642,220.3725909,13432073
2016-11-09,220.1315613,221.0957069,203.7849392,208.1674177,21640144
2016-11-10,221.4024963,225.4672403,220.6574681,223.1993025,9764091
2016-11-11,219.5070496,222.95825,218.0498754,218.6524627,14775330
2016-11-15,215.924408,219.1236092,214.6425275,218.3566838,14487470
2016-11-16,216.1763763,218.4224023,214.8945106,218.0279764,16550762
2016-11-17,214.2480927,218.7182034,213.5140203,216.0558546,12628378
2016-11-18,216.3845673,217.5240068,215.1793779,215.8367592,18163751
2016-11-21,217.2610474,217.7102379,215.4423149,216.3955046,13232434
2016-11-22,219.4413452,220.8327697,217.6554802,218.6196258,17646355
2016-11-23,221.0957336,221.4244243,219.025016,220.2192349,13107911
2016-11-24,216.3516998,220.3397528,215.2232162,220.3397528,18913793
2016-11-25,217.743103,218.2251758,215.694312,216.9323542,10454964
2016-11-28,216.1983032,219.2550782,215.6395393,217.5897424,8312777
2016-11-29,218.6195984,220.0658167,216.5050576,216.713219,9885281
2016-11-30,216.9432983,219.1126184,216.1982702,219.1126184,27596098
2016-12-01,218.6305695,222.4104608,218.0279821,219.1235981,12627845
2016-12-02,217.9732056,220.219217,217.3267947,218.2251905,12481430
2016-12-05,217.7759857,219.0578514,216.1654148,218.0279707,3987213
2016-12-06,220.263031,220.558854,217.9403286,218.2470929,6726369
2016-12-07,218.9373474,220.7889329,218.3238042,220.0000958,4930865
2016-12-08,223.5169983,223.9004682,220.076754,220.2301361,8750556
2016-12-09,225.4672089,226.1026637,223.5717855,223.9442996,8239158
2016-12-12,225.0837555,228.2610447,223.6156254,223.6156254,9023848
2016-12-13,227.8447266,228.107682,225.1604658,225.2590686,10365823
2016-12-14,232.1614532,233.2461134,227.4941222,227.8447099,24139260
2016-12-15,230.726181,233.9363378,229.7839472,230.6056665,19331986
2016-12-16,231.6465302,232.7092786,230.5180319,230.5180319,14942206
2016-12-19,232.8297882,233.7939338,231.0329674,231.1754083,15009634
2016-12-20,231.8108215,232.4900998,230.769985,231.1096315,11688169
2016-12-21,232.9831696,233.8706241,231.6574803,232.2929353,20367894
2016-12-22,230.8138428,232.8516926,230.2879465,231.8327677,28892834
2016-12-23,231.6793823,234.2321726,230.5180165,230.5180165,10265033
2016-12-26,229.5209961,233.5857398,228.9074529,231.0329496,15321770
2016-12-27,233.3009033,233.8267996,229.4224091,229.6086735,17442849
2016-12-28,230.0140228,234.3636336,229.4443031,234.0020754,9637310
2016-12-29,233.4652252,234.1992976,229.9702013,230.0797746,8772325
2016-12-30,237.1793671,237.7491014,232.9502854,233.3227995,15711974
2017-01-02,237.7710114,238.8447156,234.9771775,237.5299677,7097888
2017-01-03,238.7132416,240.3785919,236.8945237,238.811859,6434204
2017-01-04,233.8377533,239.5020978,233.2132542,239.480186,10392483
2017-01-05,236.0837555,236.6315635,234.1883466,234.6813752,8734164
2017-01-06,235.5469208,237.7491234,235.141539,235.3825828,7845839
2017-01-09,236.1495209,237.9682536,234.6814052,235.9961387,5228980
2017-01-10,238.8118286,239.8088271,236.6534499,236.6534499,11349916
2017-01-11,237.979187,240.093728,237.5299818,239.9403458,11475958
2017-01-12,237.3766022,238.9214234,236.6096622,238.187351,4371992
2017-01-13,238.9323578,240.4881347,237.6504775,237.6504775,7234429
2017-01-16,235.8317719,239.7102513,235.3277873,238.8337673,12013154
2017-01-17,228.1624603,234.0240106,227.559873,233.3666439,39234251
2017-01-18,226.256073,229.6415385,225.4233978,228.4582609,15867619
2017-01-19,226.5080566,229.0498909,225.9164106,226.8257768,15284274
2017-01-20,224.7769928,227.3297832,224.3606552,226.5628578,8784907
2017-01-23,222.6076508,225.9164103,221.9283724,223.9004869,13708502
2017-01-24,225.1056671,225.4343431,222.8486854,222.8486854,9419288
2017-01-25,222.914444,226.2889389,222.6624444,226.1355568,23856654
2017-01-27,224.6235962,225.4562714,223.2869365,223.5608478,21861796
2017-01-30,228.9403229,229.3018811,224.557859,224.5907266,15678126
2017-01-31,229.0279694,230.912437,227.9542651,229.3895276,15125194
2017-02-01,230.003067,230.2769783,226.8367337,229.2251858,11312284
2017-02-02,228.6554718,230.2550723,227.5050765,230.0797784,9099129
2017-02-03,226.4971008,230.1783745,225.719205,229.2032731,13219481
2017-02-06,228.2500916,228.9622376,226.1465065,227.2311666,9991907
2017-02-07,225.894516,228.4034828,225.0837672,228.3267918,9905562
2017-02-08,224.634552,227.505077,223.9443177,225.894506,16230826
2017-02-09,226.299881,226.5737923,224.9961036,225.2590444,9861688
2017-02-10,225.7301788,226.9134418,224.7222097,226.7929273,12518554
2017-02-13,225.664444,226.5738102,223.9443289,226.3546783,8565757
2017-02-14,230.0359497,230.7152428,225.6753974,226.7929251,18244623
2017-02-15,230.3646393,231.7232107,229.0389354,230.7152417,15236663
2017-02-16,233.9144287,234.3417221,230.6385367,230.6385367,19655195
2017-02-17,235.6674347,236.2590808,231.9313813,233.6953346,14847356
2017-02-20,235.6455383,236.4015225,233.6953498,234.5827898,11650581
2017-02-21,238.4503021,239.0528895,235.1305719,235.6016888,14186476
2017-02-22,264.5917358,265.5010874,239.2829517,239.5020837,127323130
2017-02-23,259.1684875,267.769094,258.4234591,265.9284494,62249698
2017-02-27,271.4722595,275.3945482,260.8338041,260.8666571,83422197
2017-02-28,271.2859802,273.4662711,269.1933363,269.9602763,36111716
2017-03-01,270.5081482,272.6774689,269.5220907,271.7352349,24385665
2017-03-02,271.0011292,274.9343881,268.8756323,271.2530995,18063590
2017-03-03,275.7779846,282.187357,272.0529021,272.0529021,84305639
2017-03-06,286.032959,287.4901331,277.2461199,278.0678245,66724743
2017-03-07,285.9453125,290.7769814,284.0170215,288.9911312,42071555
2017-03-08,282.9324036,286.5479277,281.8148758,286.5479277,43336972
2017-03-09,281.9572754,284.4224187,280.8068947,282.6694506,31094457
2017-03-10,280.8397522,283.9841886,276.3586708,282.7242199,24785585
2017-03-14,282.559845,289.0240111,281.6285817,288.9692171,27765035
2017-03-15,285.9453125,288.4323674,282.7570822,282.8994938,24107889
2017-03-16,284.3457642,287.1395837,283.458295,287.0519367,15924023
2017-03-17,285.0140381,289.232149,284.4333625,286.6136238,22727289
2017-03-20,280.6535339,286.2302317,280.1166818,286.1754377,12869337
2017-03-21,276.9284668,281.3328435,275.9424092,280.9603439,22596181
2017-03-22,276.0299683,277.388525,273.1485023,274.3427063,20291685
2017-03-23,279.0100708,279.9413341,275.6574877,276.7859566,11807911
2017-03-24,281.9572754,283.1076853,277.9473109,279.1853678,16282523
2017-03-27,274.1455383,280.2043235,273.2909514,278.5280025,32452615
2017-03-28,272.9732361,276.9722301,272.1734139,275.6574968,21707345
2017-03-29,275.3616943,276.0957521,270.2561134,274.2770195,18924345
2017-03-30,278.4293823,279.3277926,274.561859,275.0000937,27862325
2017-03-31,289.4403687,293.1106868,277.4104746,277.4104746,45390562
2017-04-03,301.2182617,302.5001421,292.979215,294.0638898,44886623
2017-04-05,310.0598755,310.7172568,302.4124754,305.7212351,40323877
2017-04-06,315.209259,317.4881378,307.2550952,308.7451223,50620850
2017-04-07,308.2192383,314.2232291,307.3317984,311.4403803,31875272
2017-04-10,302.6864014,312.2292108,301.7989322,308.9642745,30768410
2017-04-11,300.7142639,306.8716366,300.2212353,304.1106704,32249647
2017-04-12,296.6932983,303.8038746,296.0687994,303.0040525,27448279
2017-04-13,299.059906,300.9443445,295.2361765,296.6933508,12713918
2017-04-17,304.9871521,305.7979155,299.103691,299.103691,11837502
2017-04-18,300.2431335,308.9642372,299.5419288,306.7620642,16016414
2017-04-19,299.9364014,302.9493676,297.4712578,299.9802248,11572557
2017-04-20,300.1007385,303.8806154,298.906505,302.1714707,8393496
2017-04-21,307.3208313,311.3746189,302.0728104,302.5001038,30230907
2017-04-24,310.5857849,314.4423672,306.8168496,308.756082,25512511
2017-04-25,313.9602966,321.6186676,312.4921811,319.9204642,36764315
2017-04-26,310.377594,315.5489093,307.3427458,314.4423521,16763153
2017-04-27,308.8547058,312.0648773,307.2551199,310.4981444,12571594
2017-04-28,305.7212524,311.2212443,304.8009303,308.9095124,11848658
2017-05-02,300.3198547,307.2112859,299.3885913,307.2112859,18591411
2017-05-03,300.2212219,302.5548653,299.1036943,301.711249,9500038
2017-05-04,297.5588989,302.3029211,296.704312,301.2949521,14365934
2017-05-05,291.0509338,299.6186861,290.3387878,298.3587174,15598448
2017-05-08,289.5499268,293.516068,288.8816042,291.4343945,16066733
2017-05-09,291.5110779,292.2341651,289.297905,290.1196389,21106150
2017-05-10,297.8108521,298.7969093,291.576803,292.4861546,22906024
2017-05-11,297.9094849,300.1445403,296.1783993,298.9064834,13783848
2017-05-12,295.9154358,298.8845487,294.5130556,298.0190207,7523427
2017-05-15,294.5240479,297.2192792,292.2013453,297.2192792,6738085
2017-05-16,297.1973572,301.7112918,293.8447446,294.9513311,12655992
2017-05-17,296.4961243,299.3118552,295.3238026,296.4742125,9844573
2017-05-18,290.8537292,295.8168692,290.1415832,293.680431,9790379
2017-05-19,288.9911194,292.6833487,287.0518872,292.0917319,12813204
2017-05-22,290.1525574,292.2232899,288.1914128,290.6674979,8801430
2017-05-23,286.0767822,291.401509,285.2989011,290.4921281,9223001
2017-05-24,284.3566589,287.8626532,283.7869539,286.5040673,14326531
2017-05-25,285.397522,287.5777833,284.0827594,284.8606699,25922008
2017-05-26,293.0340271,294.5897897,284.8607151,285.7262434,21430443
2017-05-29,297.3288269,299.2023242,292.6614809,292.9682745,24022633
2017-05-30,297.8656311,299.0379527,295.488135,297.1096617,9658309
2017-05-31,293.7789917,299.7501295,292.7052875,299.5419534,16423338
2017-06-01,291.0509338,293.625636,289.900553,292.02605,9534069
2017-06-02,290.2839661,293.3407554,288.5857628,292.529992,11495005
2017-06-05,291.2919922,293.8447829,288.333849,290.6127283,10835031
2017-06-06,287.6654358,292.2998992,287.2710246,292.2998992,9591064
2017-06-07,293.4064636,294.0638448,286.8327684,287.3148265,11199223
2017-06-08,291.8068542,294.677379,291.0070614,293.6255866,7903123
2017-06-09,292.6833801,296.4632568,291.6534993,294.7431417,13836547
2017-06-12,289.1225891,291.3795853,288.585737,290.6783806,8432435
2017-06-13,288.0050659,290.7769733,287.2710082,289.3745931,6025338
2017-06-14,297.4602966,298.00809,288.3447513,288.3447513,52939271
2017-06-15,303.256134,305.6774541,297.8109064,298.008112,28290813
2017-06-16,304.3188782,305.8527289,300.0459434,304.3846134,32710880
2017-06-19,308.7999268,310.2351893,304.6256387,304.6256387,15236956
2017-06-20,309.479187,311.6156542,308.4054828,308.7451293,10142474
2017-06-21,311.59375,312.9084833,307.7042856,308.482196,19992472
2017-06-22,313.9274292,316.7212485,312.8427545,313.2262244,22118609
2017-06-23,314.6286011,315.9762166,313.4782204,314.6614833,31143289
2017-06-27,314.9134216,316.1953018,312.2510731,313.7849528,32591540
2017-06-28,306.444397,315.5270609,305.7979861,315.5270609,15567803
2017-06-29,305.1734314,308.9642787,304.6037263,306.7730466,12898245
2017-06-30,302.390564,305.1076775,301.3058892,305.0200306,7814271
2017-07-03,302.620636,305.6116902,300.4184627,304.1873689,9195278
2017-07-04,311.5827942,312.7112924,304.3626874,304.5818047,18816782
2017-07-05,316.1186829,317.1704754,312.0320125,313.226246,27209010
2017-07-06,316.0967712,317.7292394,315.0997434,317.4443576,13590313
2017-07-07,326.7461548,328.1923586,315.5379951,316.1953472,35845310
2017-07-10,327.1186523,328.8826201,326.2969477,327.611681,3504540
2017-07-11,327.4473267,329.6494997,325.8367704,328.9045008,20995547
2017-07-12,331.1176758,334.1634947,328.1375921,328.553915,17104482
2017-07-13,336.1793823,336.8199035,332.6565748,333.2308382,23010262
2017-07-14,338.7524719,339.2494199,334.7327163,335.7155841,20530867
2017-07-17,342.7280579,344.4618469,339.4702813,339.4702813,18749450
2017-07-18,335.693512,342.739098,333.7278059,341.6347724,19640167
2017-07-19,338.5757751,339.6911584,334.0811576,334.0811576,11790198
2017-07-20,337.6812744,342.3415215,336.5327476,340.077641,13626050
2017-07-21,350.0718689,351.5516552,341.2262063,342.3415601,97142371
2017-07-24,356.7530518,358.8843875,350.0718685,353.3848454,43429394
2017-07-25,353.8597107,358.8954485,352.854757,358.840219,20063064
2017-07-26,358.4094849,359.9886724,353.6277505,354.3124435,21954323
2017-07-27,352.2363281,360.3420677,350.811742,359.5690604,18409364
2017-07-28,352.1590271,354.6989966,348.5257897,351.4522481,14331863
2017-07-31,356.7419739,357.5370965,352.501359,353.8155156,16567422
2017-08-01,354.1799927,358.4095503,351.5075074,358.4095503,12311920
2017-08-02,359.8340759,361.2696902,355.1737993,355.5934613,20786240
2017-08-03,364.4501648,367.7189991,357.1505762,359.3150554,19707381
2017-08-04,358.2769775,367.2993267,356.7198759,367.2993267,18579866
2017-08-07,356.9960022,360.3641792,356.1567076,360.3641792,9537088
2017-08-08,353.9480591,358.0340728,350.469423,357.3604374,10961296
2017-08-09,353.119751,357.8021135,350.071835,353.7161003,10436651
2017-08-10,349.9282837,354.8535917,348.5147552,351.8498179,10188164
2017-08-11,341.5132751,348.9674646,338.5867876,342.5513428,16996281
2017-08-14,347.4324341,349.9613455,344.7710072,344.7710072,13440617
2017-08-16,345.8974915,348.0840566,342.385712,347.2005903,13576650
2017-08-17,346.1183472,352.8657877,344.8041906,346.5379797,15828719
2017-08-18,347.9514771,348.4815686,343.0372274,345.4336233,7935890
2017-08-21,345.5220337,349.8841362,344.6054531,348.3049485,7573558
2017-08-22,344.5612183,348.9453765,343.677752,347.2005593,9533641
2017-08-23,349.4202576,350.4141535,343.0372496,345.6213908,8320052
2017-08-24,346.328125,351.86081,345.5440601,351.1761465,12654347
2017-08-28,345.9968567,349.398177,344.8152157,348.7576853,12316426
2017-08-29,338.3991089,346.2067034,337.9242468,344.9588046,15164812
2017-08-30,345.4557495,346.4938173,340.4089837,341.8004263,10334911
2017-08-31,352.1700745,352.8216239,347.6423131,347.8631723,25104625
2017-09-01,355.6155396,357.0511538,353.1639435,353.351659,15431918
2017-09-04,356.3333435,361.3690806,352.4681896,356.8082055,21560532
2017-09-05,360.585083,361.082031,358.0340851,360.0108195,25216776
2017-09-06,363.4121094,364.9802688,358.4205731,359.2156663,48745984
2017-09-07,361.3801575,367.7411096,360.0108008,363.5446664,16205339
2017-09-08,360.8500671,363.6550676,358.7297598,362.2194237,13248413
2017-09-11,361.2917786,365.2452763,360.6954587,362.7936801,12690592
2017-09-12,363.875946,364.4280941,360.8942581,363.4341981,6500191
2017-09-13,375.0296326,379.8444812,363.1028817,363.986348,29377106
2017-09-14,372.7547302,380.5512968,371.9375511,378.0334426,11867640
2017-09-15,371.8492126,376.7303195,368.7350091,371.9375563,28595395
2017-09-18,373.5056763,375.9352162,372.4234366,375.4713823,5061995
2017-09-19,370.4356384,374.919228,369.7288889,374.8971421,7718697
2017-09-20,374.2124634,385.4103506,373.3069111,378.1659615,24942703
2017-09-21,371.6503906,376.2223239,369.3975676,374.1461882,12950541
2017-09-22,361.0708923,371.0098507,359.2156162,371.0098507,12294087
2017-09-25,362.9041443,365.7312308,355.6818412,360.0108,14229631
2017-09-26,362.2636108,365.3336424,358.7739467,362.9703898,10564143
2017-09-27,353.0093384,364.7373165,351.3970366,364.6931447,18448855
2017-09-28,347.3993835,354.6658585,344.6385548,353.230244,29547622
2017-09-29,344.9477844,350.4694125,344.1526617,349.7405475,16666208
2017-10-03,352.6559448,355.085455,346.9134286,351.1761587,18345748
2017-10-04,361.7114563,364.4059977,351.4412079,353.0314238,18907611
2017-10-05,364.0525513,365.9519991,361.6230414,364.4280119,10631751
2017-10-06,369.750946,370.7669279,363.3679087,363.986344,12997688
2017-10-09,366.9238586,370.9657,365.7532754,370.6122958,8850408
2017-10-10,372.4676208,374.2787255,367.0785082,367.0785082,14732024
2017-10-11,371.1203308,379.1819282,369.2871403,373.3952397,15420644
2017-10-12,385.5207825,387.3098012,371.9817284,371.9817284,18642942
2017-10-13,387.1551514,393.449816,385.7857947,388.4141079,21509701
2017-10-16,387.3097229,394.024019,380.4628818,388.2815328,32009221
2017-10-17,386.2275391,390.4902399,383.0691343,387.8398408,13898844
2017-10-18,403.9630432,405.4649154,386.5146635,387.5748173,36671941
2017-10-19,401.9310608,407.2318293,398.8831152,404.5372584,8014767
2017-10-23,415.1166992,417.3032938,401.5776466,403.2562356,27455320
2017-10-24,412.6871948,418.6284844,410.0147394,418.6284844,13857773
2017-10-25,415.1829834,417.8333528,410.5889645,415.2713271,10011782
2017-10-26,418.4960022,423.089992,411.2516132,415.2271972,16840049
2017-10-27,410.7435913,422.6040851,408.9104008,419.6444831,11498547
2017-10-30,416.3315125,417.6787832,411.0749156,412.5767878,7823263
2017-10-31,415.6026611,417.7671405,411.7816786,417.4137658,9504986
2017-11-01,420.7709045,423.0899853,417.7671307,418.650597,17571371
2017-11-02,418.1425476,422.5157072,417.1044799,420.8812901,10277678
2017-11-03,417.5683289,422.2727479,415.2934201,422.2727479,4798537
2017-11-06,411.9141846,416.3315164,410.3681405,416.3315164,9757496
2017-11-07,400.5175171,413.0185027,398.9052153,412.2896672,20447574
2017-11-08,392.1687927,400.2083039,390.5344051,398.66226,17752793
2017-11-09,397.7788391,401.9311107,394.0462001,395.2388694,15007224
2017-11-10,390.4239502,397.9775412,388.3699007,397.9775412,13923102
2017-11-13,386.6250916,393.97991,385.8520548,390.9319643,9088619
2017-11-14,391.6828918,395.3492431,385.6311727,386.514639,12481463
2017-11-15,390.3576965,393.4056125,387.8177273,390.7110713,15272059
2017-11-16,399.2585754,400.2082995,391.1528065,391.1528065,15160866
2017-11-17,402.8146057,408.5570937,401.3127038,405.9288096,12219276
2017-11-20,406.7680054,408.3140789,399.7665913,400.2966534,9231195
2017-11-21,411.9362793,415.0725688,408.8220757,409.3963392,13082246
2017-11-22,411.1411133,414.6307769,407.9164512,414.1006854,11058315
2017-11-23,418.3193054,419.6003184,409.3300698,411.251604,16031638
2017-11-24,420.1304016,423.8409546,418.4960138,419.6445113,13987125
2017-11-27,420.2408142,422.9574711,416.9940952,418.4297391,10237135
2017-11-28,416.7069702,420.2408062,414.3878894,419.5782285,10153618
2017-11-29,417.8775635,419.6444962,415.6689123,416.0443729,8038351
2017-11-30,407.07724,415.8676727,406.1716877,415.8676727,20637767
2017-12-01,402.0194092,411.3620193,400.9592555,408.3582455,11114967
2017-12-04,398.2646484,403.6537602,396.3872863,403.5212447,10103208
2017-12-05,403.6096191,406.7238225,395.5480516,398.0217337,18306627
2017-12-06,409.3300476,410.9423493,401.445138,401.9752296,24078081
2017-12-07,411.4945068,413.4602127,407.7176966,410.8318998,12095301
2017-12-08,406.8342285,413.8798433,405.9728776,412.5104868,12224184
2017-12-11,404.691864,409.0429379,403.5433666,407.4747785,10792248
2017-12-12,404.4489441,410.3681483,401.0917954,404.6035455,15782031
2017-12-13,404.0292969,408.5791147,402.2844501,405.0231928,9147866
2017-12-14,407.0551453,408.5570174,401.4230584,405.9508197,10983157
2017-12-15,406.2821045,412.1129645,405.3765522,411.2515841,24408414
2017-12-18,406.8342285,411.9803952,381.0592526,402.8365886,18581421
2017-12-19,409.0208435,409.4846478,406.3925305,407.9827757,8891691
2017-12-20,405.5752869,409.6612998,405.0673107,408.9987222,10443493
2017-12-21,403.2783813,408.137432,401.9752824,405.7078919,9071450
2017-12-22,406.5692139,407.4526802,401.6659921,404.029274,10658428
2017-12-26,410.7215271,414.741283,405.5753596,408.5349618,11596338
2017-12-27,408.0490723,414.1228485,405.9508506,412.1350859,9520350
2017-12-28,408.2478638,412.7535102,405.9950406,408.7116682,15511891
2017-12-29,406.8563232,411.8258027,405.7299118,409.263777,11089700
2018-01-01,401.8648376,407.5852391,400.8709416,407.5852391,9453202
2018-01-02,402.4831848,406.1937373,400.3849635,403.3003933,9499419
2018-01-03,404.09552,409.0429135,403.3224833,408.6011656,13507800
2018-01-04,406.5250549,407.1876621,404.4930912,405.5753308,9008932
2018-01-05,407.828186,409.4405174,406.5030012,407.1876943,7441284
2018-01-08,410.1693726,411.2516122,407.9386354,409.0871329,8827020
2018-01-09,415.6467896,416.9498883,408.1594561,409.992617,14294571
2018-01-10,416.2652283,418.4959652,413.2393687,416.5523452,11727682
2018-01-11,414.2333069,416.3977863,413.0185222,416.0222961,7849171
2018-01-12,419.2027283,420.8813173,414.4541372,416.5523587,15071161
2018-01-15,419.2690125,423.3991979,417.5241951,419.6445026,11120925
2018-01-16,407.6956482,418.6285038,406.3925493,418.6285038,10825151
2018-01-17,408.3803711,410.3681632,400.650062,409.0429783,13204016
2018-01-18,406.2600403,410.6331708,404.2280765,410.3681397,9381821
2018-01-19,411.3840942,412.7534508,407.3201669,407.7177135,9973533
2018-01-22,429.1416931,430.3785342,415.2271792,418.7610151,45700733
2018-01-23,434.3320313,437.7333516,430.6877657,430.6877657,22526810
2018-01-24,426.8667908,433.6694316,425.2323736,433.6694316,14289485
2018-01-25,426.6679993,429.3625406,422.3610972,427.5514361,13669901
2018-01-29,426.0495911,431.7037346,423.7525962,426.8005419,9897064
2018-01-30,419.821167,426.6238372,419.2027317,426.6238372,9182956
2018-01-31,424.6360474,426.0495758,415.911843,419.6444817,12551686
2018-02-01,416.9278259,429.6275847,413.7252788,425.4974289,16524809
2018-02-02,399.4794617,416.9720135,397.9996754,413.0185155,28965593
2018-02-05,398.5076599,403.0795934,389.5184534,394.907566,19191099
2018-02-06,394.0682678,396.6744952,384.747743,387.3981422,24062503
2018-02-07,395.084259,399.9433096,393.1406388,398.6843825,15532284
2018-02-08,399.5677795,402.2623504,394.1786674,396.6302931,13825894
2018-02-09,396.6082153,398.4413763,391.373675,392.6988893,11580639
2018-02-12,404.4047241,405.5973933,398.4634347,398.8830967,11877059
2018-02-14,412.4221802,416.3315063,406.8342651,407.7177314,22247829
2018-02-15,413.3056335,417.7671075,409.9926275,414.1890999,13363743
2018-02-16,406.9667664,416.3756333,405.5532085,415.0504192,9628162
2018-02-19,409.4846802,411.6933314,403.5433901,406.834281,8941900
2018-02-20,406.878418,410.6110565,405.8624656,410.3681114,8458450
2018-02-21,410.5227356,411.9141782,407.3422744,410.8098526,11917390
2018-02-22,408.3140869,411.251603,406.3925527,407.2760191,11196908
2018-02-23,412.6871948,414.3436979,407.6072856,408.7778689,10610664
2018-02-26,414.6529236,417.3916664,413.7252854,414.7854391,8435611
2018-02-27,419.8653259,422.2064925,414.4982997,414.7854167,14021366
2018-02-28,421.6543579,422.7807694,416.6407063,417.8554615,56650480
2018-03-01,418.9376526,424.0175614,417.8554131,419.5340019,8956590
2018-03-05,408.2036743,419.7107645,407.0993487,416.5523891,12325694
2018-03-06,402.350647,413.548532,399.8107074,410.3680713,16019726
2018-03-07,393.0302124,401.6439584,392.2792615,401.6439584,15853546
2018-03-08,402.6156921,403.9629922,394.598297,396.5198015,13283967
2018-03-09,403.344635,406.1054639,402.4390827,404.1397577,10638527
2018-03-12,410.9423523,412.1792228,405.310295,406.3925346,8315150
2018-03-13,411.6270752,413.4602657,406.9889135,411.6491611,11148731
2018-03-14,410.3901978,411.7153825,406.0391534,410.2797682,14724464
2018-03-15,402.7703247,410.5668907,401.9752316,408.6011848,12711836
2018-03-16,397.5800171,401.8427178,391.3957823,401.5334854,30814962
2018-03-19,395.5701599,400.6058681,394.0240864,397.9996703,12630833
2018-03-20,393.0522766,399.3248554,391.8375214,394.5983501,15192983
2018-03-21,396.1885986,398.5960233,394.5983826,395.2830463,14715126
2018-03-22,401.1580505,402.8366396,395.6805943,395.7910239,22129723
2018-03-23,394.8633118,397.5578528,392.7430046,393.4055822,23469999
2018-03-26,398.0438538,399.4573823,394.2449571,394.8854783,13227705
2018-03-27,397.469574,402.3065383,396.2327329,400.7384084,15179544
2018-03-28,389.9159851,395.7247595,388.7233158,395.7026736,19160609
2018-04-02,394.4436951,397.9775604,391.5945523,394.465781,12494499
2018-04-03,397.3591919,398.3089161,391.0424405,393.5824103,13922126
2018-04-04,395.3051147,402.7703631,394.0461876,399.6340736,14214534
2018-04-05,401.1800842,401.9752068,399.1039488,399.8107277,8527915
2018-04-06,402.4169006,405.7298768,399.7665315,401.0917161,9664888
2018-04-09,404.6256104,405.9508246,403.1016523,403.1016523,7813897
2018-04-10,405.089447,408.1153067,403.8084341,405.6857669,8455132
2018-04-11,411.1853027,412.0245677,404.6476641,407.1876333,13140816
2018-04-12,410.2356262,413.7473763,408.2478342,410.7436024,10822592
2018-04-13,414.7191772,415.9781043,410.2356172,412.0025204,12616816
2018-04-16,413.9240417,415.2271701,410.1472608,412.7755444,8934275
2018-04-17,417.1045227,418.4076511,413.4602571,415.2271898,9599816
2018-04-18,414.343689,418.8493347,413.0405607,417.5462359,7360987
2018-04-19,416.2431335,417.4358027,413.0184713,414.8295757,9802587
2018-04-20,409.8822021,416.0443511,406.9226297,414.3437057,7326696
2018-04-23,413.4602661,417.1487037,410.1472893,410.8098669,7674482
2018-04-24,428.5011597,430.9969572,413.0184868,413.371891,19921115
2018-04-25,428.7000122,433.6915489,425.6299804,430.0914549,14079382
2018-04-26,430.8423462,436.4302315,425.0556581,429.8042784,34096999
2018-04-27,440.0966187,446.5900563,435.3259123,437.2253605,25518647
2018-04-30,425.5195313,438.4622357,424.0618014,433.7799022,19406069
2018-05-02,429.671814,432.5430429,426.2925498,427.1539303,13381914
2018-05-03,424.7685242,431.9687404,423.7304565,431.9687404,8634812
2018-05-04,421.3893127,426.1379037,419.644466,425.3206951,8302649
2018-05-07,428.9208374,429.9147334,422.4494854,423.553811,7683268
2018-05-08,427.1980591,433.7798699,426.3587646,431.7920781,10792648
2018-05-09,431.4386902,434.7958387,425.0556819,426.6680132,9831044
2018-05-10,433.4043884,434.928376,430.3564428,432.8964122,8781584
2018-05-11,436.9824219,437.8879446,431.9025126,433.4485566,8774740
2018-05-14,435.8118286,438.1751107,431.4386981,438.1751107,5642499
2018-05-15,432.4325867,441.7310251,431.4166048,434.2436912,10501479
2018-05-16,422.3611145,430.2460245,420.7267268,430.2460245,18840763
2018-05-17,417.5904236,424.0617754,415.8897487,423.7746584,10353948
2018-05-18,412.5105286,421.1905318,411.69332,417.7008676,11440117
2018-05-21,411.406189,413.3277231,407.3201756,411.1411579,14491208
2018-05-22,409.3742676,412.5768149,408.6012308,412.2013542,11310073
2018-05-23,402.9691772,409.0429832,401.599791,409.0429832,9991028
2018-05-24,404.5593567,406.8342656,402.0415026,403.7421481,11632489
2018-05-25,406.7458801,407.8943774,403.9409094,404.6255729,17782410
2018-05-28,406.5692139,409.4846438,405.553232,408.5570057,11369679
2018-05-29,405.2661133,409.9263604,403.9188426,407.0551318,17878384
2018-05-30,404.6697693,407.8060585,400.4733264,404.1176213,13105124
2018-05-31,406.9888916,407.4085241,403.9851178,406.8342607,37080158
2018-06-01,411.0528259,413.3498208,405.7078559,406.392549,19174278
2018-06-04,415.6026611,416.9941037,411.0528431,412.3117702,12250151
2018-06-05,418.6064148,421.8531337,415.6688988,416.4640214,17436812
2018-06-06,421.5881042,422.2948537,416.3977652,418.3192994,9164022
2018-06-07,429.0754089,431.1294585,421.6101615,421.8089348,14999572
2018-06-08,434.8179626,435.7897432,424.3268253,426.8667948,14289325
2018-06-11,434.0670166,441.7089521,432.4767712,436.0327227,15018718
2018-06-12,440.4721069,441.731034,433.0289448,434.3983014,16285583
2018-06-13,442.8353271,444.3372287,437.0928404,441.7310016,12962502
2018-06-14,445.2427979,446.9434433,436.1652188,440.6046069,11997529
2018-06-15,448.0035706,452.1116696,441.3997035,444.3813912,24705890
2018-06-18,448.5999451,450.7644243,444.8231346,445.6182572,12363932
2018-06-19,439.9862061,448.2686626,438.9260228,447.8710865,13881382
2018-06-20,450.2343445,451.8466758,439.4561197,439.9640959,15735681
2018-06-21,455.8443604,457.6333791,451.1399114,452.0896356,22988909
2018-06-22,447.2527161,454.6296209,445.4636973,454.2762166,35370008
2018-06-25,443.6967163,449.0195707,442.7469922,446.7667478,11369371
2018-06-26,432.4325867,444.3814242,430.798199,444.3814242,17649122
2018-06-27,429.4979553,438.1915151,428.0971816,435.1231946,19595831
2018-06-28,420.20401,430.6763128,418.1362297,427.7858612,18770484
2018-06-29,432.4328308,433.7891373,422.0049942,422.0494614,17425606
2018-07-02,427.1633301,432.3883652,425.5624841,432.3883652,14570004
2018-07-03,431.9214478,435.1009358,427.0521498,429.1199302,11084063
2018-07-04,440.2815247,441.1264296,431.788067,432.143804,10938521
2018-07-05,428.8976135,448.4192437,426.273994,443.3498435,40946479
2018-07-06,434.7006836,437.1242007,428.8975471,429.0087149,20039239
2018-07-09,443.3942566,444.6838326,437.3465507,438.9474263,11309207
2018-07-10,456.1122437,457.3573527,444.6838675,445.9067429,22846197
2018-07-11,461.9375916,462.8714307,452.6214634,455.8009513,18953870
2018-07-12,481.3035889,488.7075722,463.627404,464.4056083,52736376
2018-07-13,489.063324,493.1544176,480.2585673,480.4809326,39301408
2018-07-16,478.5687561,493.1099186,477.1679826,489.0632923,14427529
2018-07-17,485.7503967,487.3512426,475.6338312,479.5025889,14150770
2018-07-18,485.8393555,491.1977916,479.0579123,488.4407412,10241565
2018-07-19,491.3089294,495.8224603,483.0822757,486.1728293,11885426
2018-07-20,501.8925476,506.2726485,494.4440666,495.1111032,17538801
2018-07-23,498.1793518,502.4038471,494.9776597,502.4038471,12779803
2018-07-24,494.0215759,501.0475591,492.4429338,498.9353412,9775749
2018-07-25,495.8892212,499.3800089,491.0199528,493.5991051,13014255
2018-07-26,493.888092,498.7129522,492.6207496,493.6435229,14053674
2018-07-27,502.4260864,505.783443,494.5551688,497.8235911,14610585
2018-07-30,512.0090942,514.632714,501.6034899,502.4928324,30344461
2018-07-31,527.3950195,529.351632,510.1190996,511.8311132,30350826
2018-08-01,530.218811,534.9102406,527.1282572,529.3516725,21227054
2018-08-02,519.5465088,529.8409756,518.4792977,529.8409756,13668930
2018-08-03,523.3707275,526.2834131,520.0800417,522.503589,14536058
2018-08-06,530.3300171,531.8418992,522.659231,523.2595075,8785462
2018-08-07,526.5946655,534.2432478,523.3929141,531.3527662,8879612
2018-08-08,541.4915161,543.6259971,526.9503534,526.9503534,17307566
2018-08-09,541.6027832,547.717161,538.9569004,543.1813957,14976885
2018-08-10,535.4882813,540.290908,534.643406,538.5121639,7833494
2018-08-13,528.151062,533.5984326,525.9276467,532.5311624,10211072
2018-08-14,538.3343506,541.26924,526.6391414,529.1738267,11592139
2018-08-16,533.9763794,540.7356192,531.6195626,535.0659129,13086024
2018-08-17,535.288208,540.4687756,533.6428653,537.6227613,8379864
2018-08-20,549.1401367,549.985012,537.0224607,537.1336581,16639535
2018-08-21,554.6096802,556.5218256,545.627085,550.1851129,15923396
2018-08-23,564.5039063,566.5271897,550.6964812,554.2094427,17429373
2018-08-24,568.0836182,569.1730922,560.3238986,562.636248,14550512
2018-08-27,574.3092041,576.2435534,568.6394982,568.9285048,12188510
2018-08-28,586.5380249,588.316769,575.8656198,576.310291,19018790
2018-08-29,575.5098267,590.9848587,573.7311419,585.3373566,24230135
2018-08-30,566.7272949,576.8216263,564.948551,575.2429548,21545859
2018-08-31,552.1417236,564.7484779,549.8960452,564.7484779,33479841
2018-09-03,546.5831909,559.3678738,545.2046508,553.6314372,26686176
2018-09-04,552.2752075,557.9893814,546.5165666,549.2513244,19333815
2018-09-05,545.6270752,557.0332171,537.4004212,552.5196564,22584608
2018-09-06,560.9241943,562.8363398,544.8933531,547.0278341,24487897
2018-09-07,568.572876,569.7957516,557.8560019,562.4807017,23389269
2018-09-10,558.4562988,567.8613624,555.8993502,566.9719606,15440786
2018-09-11,550.3851929,564.0370137,548.8510476,559.8569858,23787332
2018-09-12,556.9665527,559.7235734,546.449753,556.6552235,17642490
2018-09-14,557.2555542,567.2386891,554.8098034,560.034838,17233514
2018-09-17,545.1380615,556.1884691,543.2259157,556.1884691,14773803
2018-09-18,541.2469482,551.1412088,540.0018689,545.1824367,16660044
2018-09-19,538.4009399,544.2929811,534.0653072,544.2929811,24642640
2018-09-21,541.4026489,550.2518437,526.2834118,542.0696558,41713856
2018-09-24,547.8727417,551.3634993,535.6216654,540.0462919,22098277
2018-09-25,547.2280884,553.6315329,531.3973159,549.407037,21250513
2018-09-26,556.4772949,557.611236,545.693753,550.9632543,13992341
2018-09-27,557.5223999,561.6357569,550.2962851,558.0782686,23642923
2018-09-28,559.3900757,565.5045125,554.654179,560.2572142,24220992
2018-10-01,547.7171021,559.2789089,535.3993542,559.2789089,16039441
2018-10-03,535.8884888,551.2301192,533.6428697,546.7388216,16135428
2018-10-04,499.0464478,529.3516493,491.8203333,528.9514453,50774608
2018-10-05,466.4067383,495.955974,461.6486075,488.9299901,47998260
2018-10-08,493.3323059,496.7118961,456.0455567,466.9180942,53983473
2018-10-09,484.7276611,499.5133937,480.7922024,498.7796566,24042005
2018-10-10,490.0860901,496.2004969,482.1707056,486.4396677,20784941
2018-10-11,483.7271118,495.7113266,463.805279,473.1436409,28926389
2018-10-12,500.9585571,502.0480311,489.9971165,491.3533932,19814528
2018-10-15,506.8284607,510.0079489,497.2232955,502.4483009,19406012
2018-10-16,517.5231323,519.1239487,506.9396014,509.6077474,16358598
2018-10-17,511.9645996,524.4379543,506.9396365,524.2823491,27967162
2018-10-19,489.7303162,494.043775,475.9228903,489.1522436,55606079
2018-10-22,472.5432739,495.7335274,470.1864575,493.5990466,28798142
2018-10-23,469.0080872,473.4549178,464.0943221,468.1409487,23128845
2018-10-24,465.0281677,478.4576236,458.646958,477.9906892,29869514
2018-10-25,458.380127,462.7602866,451.9766837,460.6925062,30833933
2018-10-26,464.6501465,470.0308458,454.4669095,459.313944,20085933
2018-10-29,483.7271118,486.4174318,465.1393222,465.1393222,16781215
2018-10-30,470.0308533,482.7043381,467.8518754,482.7043381,19263668
2018-10-31,471.9207153,473.966262,465.5839732,470.9201755,35999348
2018-11-01,469.6973572,474.8779252,466.9181027,474.8779252,20552752
2018-11-02,477.9906311,480.7032141,472.7655968,474.4776401,36739798
2018-11-05,484.8388367,485.9060772,473.5883289,477.3459192,16585905
2018-11-06,490.9754639,494.4884553,485.416896,486.4841365,18886485
2018-11-07,493.9103699,495.8225154,492.1316554,495.8225154,2808599
2018-11-09,486.2395935,495.2889197,482.4820328,491.9315631,23712291
2018-11-12,480.2585754,488.6186314,477.8350581,488.1294931,12690610
2018-11-13,488.9077148,490.4863273,475.8339953,477.590506,14899604
2018-11-14,488.2406311,494.7774754,482.7043266,491.3978855,17034346
2018-11-15,487.7514954,490.4862824,483.1490003,487.7959625,14943663
2018-11-16,501.3365784,502.4705195,487.8626562,488.2406267,24131016
2018-11-19,511.3864746,512.1424156,502.9374845,503.7823598,15987574
2018-11-20,505.7834473,514.0101019,502.4927617,509.1630671,12511640
2018-11-21,494.8886414,509.3853667,492.2872557,505.8278786,16422494
2018-11-22,490.4195862,500.4249845,489.1967108,495.6001538,12670591
2018-11-26,493.487915,496.9342058,487.9960775,493.1544117,13969873
2018-11-27,501.6923523,502.4927604,491.5757857,492.6652598,14896607
2018-11-28,512.5648193,514.8327015,500.8474084,503.5821655,17507771
2018-11-29,519.6130981,524.6824682,515.8332745,516.2779457,27640198
2018-11-30,519.1906128,527.3950033,516.8560002,521.3028304,23443212
2018-12-03,514.2546387,522.4590291,510.7193547,522.4590291,12182825
2018-12-04,512.4091797,514.9438647,507.9178823,514.9438647,11358720
2018-12-05,513.6765747,515.2997137,506.6283283,508.6072043,12729759
2018-12-06,499.6690674,510.9417494,497.2677539,510.9417494,12831451
2018-12-07,504.1825562,505.5833001,492.865348,502.2482068,15779984
2018-12-10,484.8165588,495.5111969,481.637071,493.5990516,20521072
2018-12-11,488.0627747,490.0860879,469.1414817,474.0329834,29518062
2018-12-12,493.8214417,495.1555146,483.7049046,488.7075744,27572962
2018-12-13,492.287262,501.6033902,486.9510595,501.6033902,20337275
2018-12-14,494.5773926,495.7780345,485.5058332,490.5307661,15795834
2018-12-17,502.4482422,503.8267821,494.2660852,496.2449312,11077711
2018-12-18,505.3388062,506.4949513,498.2682962,499.513435,12841994
2018-12-19,505.5166626,510.1858291,503.9157869,507.6066767,16118419
2018-12-20,501.8035583,503.6045064,496.3339244,498.4906095,12609700
2018-12-21,489.2411499,503.048575,487.3734717,500.2692912,18115814
2018-12-24,484.3274536,490.5752622,483.1712788,489.5524888,9065704
2018-12-26,488.4185486,489.1522858,473.8773843,482.8377764,15771193
2018-12-27,498.1348572,501.15874,490.9310058,492.3539833,27294221
2018-12-28,500.5139771,504.8274067,498.5795682,500.4917138,16768547
2018-12-31,498.6017761,504.2048111,496.3561273,502.9152053,15799099
2019-01-01,498.4905701,501.2921172,493.6435356,500.3805116,9746670
2019-01-02,491.99823,501.1587234,489.5969166,495.6001556,15628818
2019-01-03,485.9282837,495.6446159,484.7498754,492.4873616,16288287
2019-01-04,488.5519104,491.1310923,480.7477235,487.9960714,18516544
2019-01-07,491.2644958,497.3566691,489.5969196,492.2650357,12060290
2019-01-08,491.2200317,493.5768484,487.3735073,491.4201338,12304389
2019-01-09,493.9325867,496.7118706,488.5741505,494.4884553,12614237
2019-01-10,492.4873657,494.0437742,490.4862861,492.5985335,8925160
2019-01-11,488.2850952,495.2888739,484.082834,492.5318236,14139060
2019-01-14,487.7293091,489.3746223,483.10458,486.9288712,8994060
2019-01-15,502.3371277,503.3821346,491.3756568,491.3756568,22011407
2019-01-16,505.1164856,509.1631126,502.6484712,504.7162221,13961606
2019-01-17,504.4715881,510.4525636,502.4927124,508.9184184,16379077
2019-01-18,526.6612549,529.1292688,504.8273082,510.8527506,56181172
2019-01-21,550.3851929,551.3857327,528.5734481,530.952528,48206814
2019-01-22,549.2512817,554.4985801,542.3364367,548.228538,36207430
2019-01-23,545.3158569,553.275709,543.4037114,548.4286148,19313542
2019-01-24,554.7209473,557.2778959,542.5588626,544.737811,28775487
2019-01-25,554.0761108,562.3916998,549.3624774,556.0549867,18703992
2019-01-28,546.7610474,558.500723,543.5815593,556.077176,18744303
2019-01-29,538.3565063,547.6948979,534.2209457,547.4058319,20405845
2019-01-30,531.7084961,544.7377779,529.6629492,540.2909471,17164298
2019-01-31,545.6939087,546.8278501,534.065429,534.5101002,22279301
2019-02-01,555.8325806,558.0782591,545.6493728,548.7399266,20187323
2019-02-04,574.0424194,576.7327692,552.3196086,554.5207607,25528059
2019-02-05,574.3314209,580.0456534,568.5727807,574.5315526,20479210
2019-02-06,582.6469727,585.9376579,575.5320561,576.4213984,20586783
2019-02-07,573.8200684,587.5162967,571.9079229,582.6469989,20150710
2019-02-08,568.1724854,578.3112835,565.7489387,571.3297096,14230054
2019-02-11,557.2999878,567.4165828,556.299448,567.3721157,16457901
2019-02-12,558.7007446,565.7934573,556.5217966,556.5217966,13998153
2019-02-14,544.382019,551.8527332,541.624998,551.8527332,14496604
2019-02-15,553.3867798,555.8103266,539.8461573,546.8499357,20994460
2019-02-18,542.5588379,556.9666007,540.2909554,555.8548633,21106139
2019-02-19,540.7800293,551.2745654,538.6010813,541.6249045,13658461
2019-02-20,548.8955688,551.4080503,542.0696578,544.2264023,13776558
2019-02-21,554.4763184,559.3234126,546.6721309,549.6292835,23142949
2019-02-22,548.0061646,553.7648047,545.1824135,553.4535349,19152470
2019-02-25,547.9839478,552.7421078,542.8033797,549.6292906,17176522
2019-02-26,542.6254883,549.0956619,536.2887754,537.8451245,22160532
2019-02-27,544.0707397,553.5870008,537.6228289,546.0940829,24308835
2019-02-28,547.4280396,551.3412647,545.4269599,548.6287111,24688859
2019-03-01,545.2045898,552.4529671,543.5148395,550.0738874,17329606
2019-03-05,550.3629761,551.3190488,541.8917231,544.0262041,15577500
2019-03-06,562.4361572,566.1270469,549.2290665,551.3190805,26332276
2019-03-07,564.8596802,569.106379,559.4789808,562.0803963,17738092
2019-03-08,563.4589233,566.7273455,561.191041,562.9919889,13211934
2019-03-11,579.9122925,583.4252544,563.8591867,564.7707924,21258869
2019-03-12,592.0299072,593.2083156,584.425792,585.6042004,24561597
2019-03-13,599.1225586,604.7700011,590.5846348,594.5423269,24577591
2019-03-14,596.5656738,605.6594673,594.1421267,600.2120965,22753310
2019-03-15,587.7164307,604.2364101,583.0694685,598.0997698,34764353
2019-03-18,600.345459,603.8584801,590.9848634,591.8742058,22104063
2019-03-19,612.1295776,613.6637228,597.2548819,604.7700027,21448030
2019-03-20,611.6404419,617.221214,606.5488081,612.6854489,21639437
2019-03-22,596.6546631,614.0640473,594.4090436,610.32869,25078643
2019-03-25,588.9615479,594.4756489,585.515257,591.6963648,17394088
2019-03-26,607.9940186,609.9283678,591.4295129,591.5629143,20734876
2019-03-27,599.9897461,612.7521658,597.7663307,612.7521658,22079870
2019-03-28,604.7700195,609.1279752,597.1214972,600.4343865,22930248
2019-04-01,618.9332886,625.5812716,605.9040659,609.2169554,22088854
2019-04-02,617.9771729,623.9359448,613.7082108,621.6680624,17526740
2019-04-03,611.5292358,623.8914503,610.1062288,619.3334225,17169813
2019-04-04,601.6795044,615.3090614,599.1002929,613.2190476,18320845
2019-04-05,602.0574951,606.5043259,597.2104603,605.1925161,14717266
2019-04-08,591.0960083,603.6583553,588.6280535,602.9913485,19081843
2019-04-09,593.4083862,596.1876107,587.4273513,590.9403722,20774977
2019-04-10,592.052063,599.433842,589.8731149,594.9647482,16651949
2019-04-11,598.9003296,601.6573507,590.984944,592.7414251,12558520
2019-04-12,597.2549438,603.3915847,594.3867255,600.3232346,12948769
2019-04-15,595.9431152,599.8563405,593.6529695,598.0998002,9285737
2019-04-16,597.5439453,604.7700002,595.8763394,598.0997546,17360317
2019-04-18,616.3096313,617.9993818,606.9935029,611.4403335,39286534
2019-04-22,598.2554932,607.8828922,596.4544857,604.7700749,23607922
2019-04-23,606.4820557,610.5508858,598.5444678,599.4338101,19807450
2019-04-24,617.8882446,620.2450613,607.549313,609.3503204,16101112
2019-04-25,610.2841797,628.0715629,605.926283,617.7104266,30469914
2019-04-26,619.3556519,620.7564551,609.5281813,611.4403267,15069884
2019-04-30,619.3556519,620.9565275,607.7939043,620.9565275,22348580
2019-05-02,624.8031006,628.7385297,614.5975702,618.9999337,18992003
2019-05-03,626.4928589,630.3394132,623.7358381,626.0926548,14240262
2019-05-06,615.8426514,623.8025025,612.8187688,621.6680216,15832114
2019-05-07,597.4327393,620.3339569,595.9652651,620.2450227,19417647
2019-05-08,577.8444214,595.8763418,574.6204664,595.8763418,31958919
2019-05-09,558.7230835,573.1085831,556.6330694,573.1085831,42670173
2019-05-10,556.3662109,568.1725569,553.6313942,562.525055,24557430
2019-05-13,547.8727417,560.657364,545.8493989,554.9209873,17603659
2019-05-14,560.5018311,564.4595236,547.6282135,549.851629,28438234
2019-05-15,558.9230957,568.3059541,556.121608,566.0825389,24419559
2019-05-16,562.6806641,565.593349,559.4567094,560.2793806,14451308
2019-05-17,563.5922852,567.8389835,556.7441122,563.4144167,17276949
2019-05-20,589.6063232,594.8536213,579.6453919,584.136749,26979100
2019-05-21,595.7874146,607.8828266,591.4517816,592.4078543,30343560
2019-05-22,596.0542603,604.636652,593.6974435,598.3888731,24689918
2019-05-23,593.1637573,618.9998631,589.2060654,610.1062028,38766006
2019-05-24,594.4755859,602.0129698,585.4262607,599.4338178,22269265
2019-05-27,582.8249512,594.7647598,581.2018715,594.5868913,16076686
2019-05-28,588.6502075,593.5639722,584.0255088,586.8937268,42594251
2019-05-29,583.8921509,592.8970095,579.9344586,587.4273758,15558515
2019-05-30,591.3184204,596.765791,585.3151811,585.3151811,23494381
2019-05-31,591.4962769,596.7213118,587.0716501,594.9425676,25724066
2019-06-03,604.8589478,607.9939683,587.5162394,593.6528791,18556942
2019-06-04,601.0568848,611.1067495,599.4782725,603.6360368,15442761
2019-06-06,590.2510986,605.6149326,587.4718148,605.6149326,16764835
2019-06-07,584.7148438,590.2066815,580.5792829,589.6286089,14722419
2019-06-10,586.6046143,590.0953716,582.5802516,587.3828184,11768468
2019-06-11,591.0515137,593.4305935,586.0933411,587.8053548,11492074
2019-06-12,592.3855591,595.1648428,589.2060713,593.5195002,10297599
2019-06-13,590.206665,593.5195544,581.9355435,591.4295405,15686169
2019-06-14,585.8932495,589.206139,582.2690902,587.8275989,14942768
2019-06-17,570.2180786,586.9826558,568.5282689,586.9826558,14908257
2019-06-18,569.6400757,572.7306296,564.3483103,568.7062068,16797371
2019-06-19,568.0168457,578.9783156,561.4577981,572.2636034,14492763
2019-06-20,576.6437988,578.0890693,568.306006,569.1953484,10748848
2019-06-21,568.9730225,576.3103349,567.2165415,576.2880717,23236832
2019-06-24,561.3688354,567.6166129,559.0120192,565.7044678,11267228
2019-06-25,576.2435913,577.1996641,557.744735,559.8125452,14966899
2019-06-26,575.4876099,580.134572,572.019056,574.086866,11593027
2019-06-27,566.5939941,576.7105312,565.1931908,575.0429845,24905533
2019-06-28,557.2333984,570.4627527,555.2545225,567.9058042,18942165
2019-07-01,564.2372437,565.9269944,554.2763106,559.434616,13478857
2019-07-02,568.5283203,569.6400576,561.7691402,566.5050367,10146746
2019-07-03,570.3292847,572.085825,566.9941913,570.4849493,8806492
2019-07-04,570.9740601,574.086877,569.195316,569.817915,9351405
2019-07-05,561.7913818,573.8645913,560.3017036,571.463248,10926753
2019-07-08,556.7664795,563.9036603,555.0544656,559.4123623,14009219
2019-07-09,569.2397461,570.7516874,553.8537087,555.3878539,17535754
2019-07-10,568.68396,573.353126,564.1703992,569.2175654,12018196
2019-07-11,569.8846436,573.5533296,568.8841036,572.3081908,8608376
2019-07-12,569.4177856,578.0891122,568.3282521,570.5294637,15692436
2019-07-15,567.4610596,573.4197717,564.9041114,571.4186922,10659498
2019-07-16,574.9761963,575.8211309,567.8834835,569.1730892,10070773
2019-07-17,570.0180664,576.7550435,569.1953949,575.5543718,9482233
2019-07-18,561.1243896,572.0413948,559.4123757,570.0847821,11942908
2019-07-19,555.4100952,566.060236,552.6085483,563.9480184,16336536
2019-07-22,569.4177856,571.1964706,545.7605634,556.2995686,29092589
2019-07-23,566.3272095,575.3764766,560.4795751,571.418784,20316348
2019-07-24,559.9015503,568.6618115,557.4335358,566.3049945,15189179
2019-07-25,547.6281738,564.3260813,545.6270941,562.0804028,21805071
2019-07-26,539.7572021,552.51962,538.0673925,547.6281187,20387504
2019-07-29,538.4898682,543.4036327,535.8884529,541.1357505,17626045
2019-07-30,525.1271973,542.514376,522.9260451,539.8240261,20853117
2019-07-31,518.6125488,526.9503408,516.9004758,522.8370436,21229950
2019-08-01,524.8382568,528.3734825,511.5421703,517.3452788,22628222
2019-08-02,529.8225708,536.0407802,519.8689803,525.9529876,23766807
2019-08-05,511.4811707,522.0610383,504.6142875,522.0610383,30399133
2019-08-06,504.7484436,514.2770904,501.93014,507.6338781,29067994
2019-08-07,496.2935181,509.3338769,493.4751844,503.9432766,25349369
2019-08-08,515.5073242,518.0348268,489.9858132,495.8237535,31198568
2019-08-09,519.8690186,525.8635583,515.4849638,519.7572133,21970009
2019-08-13,570.2633057,582.8115292,548.4548396,551.6534122,104827144
2019-08-14,576.3026733,583.5497664,572.768565,583.3484931,31688983
2019-08-16,571.7172852,577.8907613,569.4805236,577.6223571,21977767
2019-08-19,578.2485352,580.1274241,572.6118684,573.0816056,16317602
2019-08-20,570.8002319,578.2486583,569.3016118,576.9961052,14969299
2019-08-21,568.5634155,572.0080556,566.5727212,570.6659748,10677848
2019-08-22,557.7374878,568.5857598,554.2257765,568.5634227,14031953
2019-08-23,570.7554321,574.4013454,548.6785598,554.2704931,21307915
2019-08-26,566.7069092,578.8748646,563.2175352,578.8748646,19202504
2019-08-27,570.3080444,574.848638,564.2016404,574.848638,28401906
2019-08-28,565.1411133,573.0592753,561.8978066,569.8159686,11605488
2019-08-29,555.5007935,563.7768297,552.6153583,562.0768765,18890222
2019-08-30,558.5427246,561.1597553,546.2181692,557.1783066,24735240
2019-09-03,539.6868286,556.0599639,536.8237308,555.7244287,18730619
2019-09-04,537.3380737,539.1722285,530.5830566,537.0696696,32949395
2019-09-05,536.1973267,542.7286736,533.8263636,539.8656363,22995486
2019-09-06,546.8890991,549.7969305,534.6987476,538.1657245,23186819
2019-09-09,546.7549438,551.5863389,542.7064242,546.0615365,11747929
2019-09-11,552.2127075,554.7178733,546.8891781,546.8891781,12127900
2019-09-12,541.4537964,554.9190984,539.373634,552.4810638,11880005
2019-09-13,548.276001,549.573288,539.9104972,542.1919928,12947715
2019-09-16,541.6326904,545.3680714,530.6054239,531.9027704,20547730
2019-09-17,535.6829834,541.7446544,533.9159591,541.7446544,15640772
2019-09-18,539.3737183,544.1156459,535.5712055,539.0381831,14933909
2019-09-19,527.4516602,541.1630301,524.5886222,540.3354206,13766222
2019-09-20,561.1373291,568.0936804,525.3267496,531.4330945,48165560
2019-09-23,554.3600464,573.0594125,552.481157,569.9950412,21610844
2019-09-24,572.0303955,581.0221752,555.9480624,556.3283316,34958974
2019-09-25,572.4106445,579.3222616,567.6239836,574.4013388,18192270
2019-09-26,580.1274414,581.022122,574.1776363,577.9801483,18350457
2019-09-27,585.6074829,588.2692471,574.4012805,578.2037923,19058663
2019-09-30,595.986145,597.5518959,584.0417999,586.0325539,25263770
2019-10-01,583.7510986,600.3479038,578.5617713,598.1111423,17920384
2019-10-03,586.5023193,588.1351415,573.1935557,575.2961151,13524851
2019-10-04,585.1826172,594.3533936,583.2813907,590.4614129,14992253
2019-10-07,586.0773315,590.8639929,582.3195531,585.1825911,10061584
2019-10-09,592.6310425,594.9573319,578.203927,585.45108,17588647
2019-10-10,609.6304321,612.426339,590.9534063,592.7428274,35006390
2019-10-11,605.0898438,610.9054477,597.9098218,610.0554413,16597126
2019-10-14,607.5055542,610.6146594,604.3069809,610.6146594,13394275
2019-10-15,610.2567749,612.8738057,605.850323,609.5186334,9672791
2019-10-16,613.9249878,617.1906317,610.0553449,612.8289742,19403660
2019-10-17,624.7285156,625.8469261,613.7683798,615.1104605,16038940
2019-10-18,633.6085815,638.775512,625.7128152,628.0837788,28121951
2019-10-22,632.6244507,642.779316,627.7929955,637.4781833,27786502
2019-10-23,622.8944092,637.9031251,618.7564216,633.5862013,18446160
2019-10-24,642.6003418,644.8147661,620.2774614,626.7416787,22642488
2019-10-25,640.25177,644.8370981,631.3270615,644.6805588,13539957
2019-10-27,641.6162109,646.4252691,639.7149248,644.6358479,3014841
2019-10-29,656.2894287,662.0826359,645.1279577,646.6489748,25768505
2019-10-30,661.6799927,664.1180872,653.2697551,662.082599,16341366
2019-10-31,655.0814819,666.3995507,653.8960002,663.8719883,19463741
2019-11-01,651.7486572,653.9406844,644.6357673,650.8987107,13904301
2019-11-04,652.0842285,658.0563712,646.4699581,655.7748758,14063434
2019-11-05,647.4541626,657.1393502,644.6358586,654.5223792,12685356
2019-11-06,641.9069214,647.0738516,639.0438835,645.3962954,14625505
2019-11-07,652.5091553,654.4774525,640.6990137,641.9516262,14084039
2019-11-08,646.6489868,652.9790026,644.7700975,648.2147379,12019353
2019-11-11,638.7307129,646.0896701,636.3820867,643.7857779,11357841
2019-11-13,658.6379395,660.2484244,639.7149055,639.7149055,25225749
2019-11-14,654.3658447,662.7984204,651.2567393,660.2932544,14258133
2019-11-15,657.9893188,665.1246063,654.5446788,655.6630894,15691605
2019-11-18,652.7775879,664.7666063,651.0776351,658.7944641,14076051
2019-11-19,675.3913574,677.6952498,655.3723093,656.26699,30176255
2019-11-20,692.3459473,703.4179481,690.3552531,695.6563849,43538120
2019-11-21,687.8500977,696.0813988,683.801578,691.1605356,14897371
2019-11-22,691.831543,702.1206694,687.8500945,689.8631858,22352865
2019-11-25,698.564209,700.0180949,693.8446192,693.9117501,15146156
2019-11-26,697.9827271,705.1850861,696.0814409,701.4944385,35330983
2019-11-27,702.2772827,704.8048453,696.1261439,697.8484938,9642739
2019-11-28,706.9520874,708.6743775,699.6378642,703.5297847,13747479
2019-11-29,693.9118042,707.6902458,692.4355213,707.6902458,18559594
2019-12-02,709.725708,722.2291992,705.4758553,715.7649819,31225364
2019-12-03,706.3258667,713.0808857,703.5075625,712.5217401,12990426
2019-12-04,694.6051636,705.6995025,686.1277955,703.6864112,20987607
2019-12-05,693.7775269,706.7060203,690.7131561,704.1337239,19942460
2019-12-06,695.5893555,701.4496934,689.4158793,694.7394088,13085234
2019-12-09,703.5075684,705.654862,691.8316258,696.1486099,12642677
2019-12-10,698.7431641,703.9548283,695.25379,703.261421,10173333
2019-12-11,698.944397,704.3573338,693.6656025,695.9023636,12364641
2019-12-12,701.5391846,704.0667473,696.3722539,702.4562622,10326606
2019-12-13,708.1152954,711.2915317,703.4181018,706.8179485,12668303
2019-12-16,700.8233643,713.0360538,699.8168187,712.1861072,11892718
2019-12-17,699.0786133,706.3704391,695.8800406,700.8903713,20324601
2019-12-18,704.9614258,706.8179182,698.7656123,699.2129527,14742077
2019-12-19,720.2160645,722.4304886,703.1495833,703.9995299,20507816
2019-12-20,715.3623657,723.6160041,714.020285,722.4752563,21271510
2019-12-23,702.9706421,705.7218149,696.8866346,697.9155173,25107772
2019-12-24,691.8092041,703.2614154,690.0421202,701.8522634,18048449
2019-12-26,677.9188843,694.7169615,675.570258,689.6618964,29761019
2019-12-27,689.9750366,691.6973268,680.5582539,683.1081535,17677571
2019-12-30,690.8026733,692.3460274,683.5779177,691.5855488,17123749
2019-12-31,677.3149414,690.5789703,674.6308397,689.818432,22203005
2020-01-01,675.3242188,683.1529137,673.4901233,679.0819971,14004468
2020-01-02,686.821228,689.3487906,676.3978993,676.3978993,17710316
2020-01-03,687.6488037,689.6618949,681.318729,685.7922518,20984698
2020-01-06,671.7006836,683.510767,670.1349327,679.9767187,24519177
2020-01-07,682.0345459,686.4633347,677.068889,679.5293206,16683622
2020-01-08,676.9122925,686.4408797,675.5031407,677.7399019,16047902
2020-01-09,692.5026245,693.3973052,685.0094647,688.2975058,14982742
2020-01-10,692.3459473,696.9536718,688.7671055,694.2471734,12478359
2020-01-13,690.5790405,697.2893253,688.2080768,691.1829799,18282382
2020-01-14,684.1818848,693.3973352,680.8043754,688.9238121,15816535
2020-01-15,681.6990356,688.8790573,679.1938699,687.067299,15817859
2020-01-16,687.9842529,690.4223472,683.5554644,684.0028644,12847975
2020-01-17,707.2653198,709.0323442,694.8288991,694.9631012,29463471
2020-01-20,685.5015259,719.7911482,682.8397613,719.7911482,32545850
2020-01-21,686.1948853,691.5407512,680.8713564,683.8239219,18922720
2020-01-22,685.9489136,691.9434537,684.9423679,690.7132378,10322817
2020-01-23,683.0411377,689.7961564,680.2899049,687.3580618,11247739
2020-01-24,680.670105,687.2909209,679.3280243,683.1081396,14628445
2020-01-27,673.9598389,681.9674704,673.2664314,677.6952803,13387750
2020-01-28,658.3919678,675.5032445,654.7460542,674.8769082,24532236
2020-01-29,662.0154419,668.5243925,654.9472263,659.4207487,24746565
2020-01-30,645.8660278,661.9483607,644.1884717,661.6352224,22402689
2020-01-31,631.5059814,650.1158766,629.5152871,650.0040117,34750310
2020-02-03,619.8077393,626.2720164,609.7646795,612.8290506,30712290
2020-02-04,638.1044922,640.8333281,625.3101998,626.2943486,25383901
2020-02-05,647.9909058,649.9145289,639.8491328,641.9068983,18472100
2020-02-06,652.1513062,656.2669566,644.2332032,650.4961469,15538577
2020-02-07,641.3478394,649.7133433,638.9544787,649.109404,12209212
2020-02-10,642.2201538,646.6489428,630.9692153,638.8202476,15142476
2020-02-11,649.8922119,655.9090887,646.4475719,647.4988516,13999816
2020-02-12,657.7432861,659.7787744,650.8987994,651.4132707,13533565
2020-02-13,659.4655762,661.0760612,654.2986457,661.0760612,13565659
2020-02-14,665.4824829,671.6782959,650.0487634,660.8523611,21227841
2020-02-17,661.2997437,673.7808983,659.5327193,666.1088019,13149130
2020-02-18,656.4458618,660.2483739,651.9723393,660.2483739,11127161
2020-02-19,672.7296143,673.9150961,659.8905874,661.7918138,14084409
2020-02-20,664.7443237,674.6084467,663.7825122,669.6875837,16892268
2020-02-24,646.402832,660.7404778,643.9871345,657.4971708,21370214
2020-02-25,633.6309814,649.2883121,630.7678837,649.2883121,27745062
2020-02-26,622.7154541,631.8190982,620.6352918,630.7678186,29362748
2020-02-27,620.1432495,623.5207586,612.4263599,620.9260652,25054993
2020-02-28,594.3756714,607.0581582,592.7428493,606.1186837,39315769
2020-03-02,588.7838135,612.4263781,582.0511322,606.208168,29500495
2020-03-03,600.7280273,605.6712869,591.4007134,594.8453531,27398798
2020-03-04,599.3189697,605.6266481,585.093128,604.8214354,22105261
2020-03-05,586.5469971,607.4831207,584.2431049,604.9108244,30510390
2020-03-06,568.5856934,576.2578481,555.2098604,568.1383531,33734039
2020-03-09,498.4184265,555.165158,489.8516206,554.7401549,88187018
2020-03-11,516.0441895,527.1832629,495.667239,495.667239,59578576
2020-03-12,475.5363464,492.5357574,469.1392003,485.3781327,55970485
2020-03-13,494.4593811,509.9825092,421.585578,446.4583882,73297403
2020-03-16,454.3765869,483.0071777,449.5898955,474.4403705,38482258
2020-03-17,450.9319153,474.194269,448.784622,468.4905007,45445979
2020-03-18,433.2614746,463.413079,429.9063325,458.6711222,44730415
2020-03-19,410.5359192,432.5904242,399.1284125,411.6095658,61404010
2020-03-20,455.3830872,462.9657149,416.0383697,420.2882223,63360475
2020-03-23,395.4824829,424.985412,391.7247049,409.8648619,40670949
2020-03-24,422.032959,433.9325419,400.7389591,416.0384186,45734887
2020-03-25,484.1478577,515.1494078,430.9128665,431.1589037,73130298
2020-03-26,476.967865,499.6486775,466.2984991,490.2095275,45744488
2020-03-27,476.6994324,495.3540612,468.0207913,489.851626,41657940
2020-03-30,460.9749756,480.8150863,456.3001498,465.5156292,30229866
2020-03-31,498.239502,505.4194934,468.8260394,480.4348493,44292810
2020-04-01,483.3426514,503.0932643,467.5734569,502.0419846,41597459
2020-04-03,482.0005493,507.4996933,472.5390331,507.4996933,41367807
2020-04-07,539.5526123,543.0866608,492.0884269,493.0278715,54373624
2020-04-08,533.3120117,549.7970117,518.9296309,527.876677,49880330
2020-04-09,545.7484131,551.4968858,533.6922623,543.0866484,33032857
2020-04-13,531.9699097,543.5339847,527.8765967,538.5907252,23673784
2020-04-15,514.3889771,552.9284541,511.324606,535.5040394,35321842
2020-04-16,522.5307617,531.2094028,512.2192986,514.388929,37455706
2020-04-17,547.5600586,550.2442196,533.5355534,543.9812768,33269335
2020-04-20,556.4179077,562.3229208,537.7185404,548.4550092,36030932
2020-04-21,553.5323486,560.0860337,520.71901,541.2972025,61371628
2020-04-22,610.0106812,619.5393292,581.5590585,590.5061044,142683366
2020-04-23,613.2763062,619.9642526,605.4028781,611.6882183,65464502
2020-04-24,633.8994141,668.7705821,602.6741597,603.9938437,134986308
2020-04-27,639.6031494,659.8458688,636.5835123,641.5043759,58482901
2020-04-28,638.8873901,651.1000808,622.7826591,648.6620459,78453401
2020-04-29,638.3505249,650.2948711,635.2414198,646.3805533,37494672
2020-04-30,655.8196411,668.7705323,643.31615,650.4290406,71345899
2020-05-04,642.0411987,655.3722994,634.1006388,644.1884921,53456868
2020-05-05,653.4262695,661.6352335,647.4093927,650.3172243,44903763
2020-05-06,653.4710693,664.2970042,646.6489201,654.9249553,40489094
2020-05-07,674.1387939,677.136094,646.4253106,650.8988339,50026966
2020-05-08,698.6760864,706.7731257,687.6264218,691.1605299,84262770
2020-05-11,705.3863525,722.4752308,703.3732613,706.8178416,67085063
2020-05-12,661.7470093,701.6062261,655.3722604,700.0180784,100683202
2020-05-13,675.7871704,689.583349,656.6169952,689.583349,66430125
2020-05-14,648.4657593,675.9000855,645.8013667,663.3909205,49266771
2020-05-15,659.055603,662.3522443,639.0499951,652.101044,62152260
2020-05-18,650.6333618,669.2615917,644.8755725,663.8425028,62796089
2020-05-19,636.2501221,660.0943173,633.6986696,657.9718099,42315854
2020-05-20,647.449646,653.3881034,629.0697531,636.7468652,55320985
2020-05-21,650.8591919,659.9813508,643.5207801,648.0367074,39167981
2020-05-22,646.4788208,658.423466,644.1982807,655.6236169,37828973
2020-05-26,643.0918579,654.6752262,639.591972,653.975249,33216635
2020-05-27,652.8010864,656.617037,637.6501047,646.2303793,35667956
2020-05-28,664.8585815,668.2455272,654.3590441,657.0685887,40126278
2020-05-29,661.3135986,664.7456964,656.0073898,662.9393134,40022527
2020-06-01,686.5802002,694.7088928,666.529441,668.3583999,39943702
2020-06-02,693.512207,695.4541061,686.7834677,689.1317955,22153960
2020-06-03,696.1992798,704.4860063,692.4509975,697.7121144,25381289
2020-06-04,713.4274902,717.8079614,695.9056654,697.2604078,34202350
2020-06-05,714.2855225,730.678366,710.6727565,720.2917086,33076685
2020-06-08,708.776001,730.8589637,706.7438576,730.8589637,31414953
2020-06-09,694.1670532,714.8726405,692.292942,704.6214391,25857161
2020-06-10,709.9728394,713.314633,695.476683,696.8540015,22132647
2020-06-11,694.4154053,708.0760679,691.3897363,707.1954824,20385805
2020-06-12,717.4918213,719.3885084,676.0354981,677.3903002,38548899
2020-06-15,729.1204224,734.7201801,704.9827365,706.7439675,53107403
2020-06-16,730.5429077,744.4745432,715.9112354,741.9682428,51187003
2020-06-17,729.4816895,738.5586972,723.4980791,726.275352,41782053
2020-06-18,747.7937622,751.9032611,725.0786081,725.7108571,40471557
2020-06-19,794.5338135,807.8106255,750.5486065,754.1613132,105804173
2020-06-22,788.5499878,814.7649638,783.5146923,800.8559065,60198705
2020-06-23,777.1473999,796.4981856,774.9797402,790.2887548,37962078
2020-06-24,780.2858887,800.5398942,772.9926884,783.9212306,51586221
2020-06-25,775.7925415,789.8371168,773.6023059,779.9020404,39679374
2020-06-26,786.5179443,791.1919643,775.3861572,780.7150022,30921913
2020-06-29,778.1634521,785.6598968,774.7313543,780.3762638,25621946
2020-06-30,769.5606689,786.2244265,765.6995063,784.4181031,30276420
2020-07-01,784.6889038,789.8370801,771.3443062,776.7408788,28464103
2020-07-02,798.1977539,801.4851429,786.7259245,790.3307243,28789533
2020-07-03,810.6897583,813.0023065,801.6664846,807.0169547,29434266
2020-07-06,839.6639404,842.4751826,812.5940628,818.4433464,47016185
2020-07-07,826.8092041,845.3545651,819.0329065,843.3821558,35189589
2020-07-08,815.2694702,832.0237061,811.6420024,827.0813187,26204095
2020-07-09,827.1719971,832.0463808,809.9416146,820.2572002,36418942
2020-07-10,851.5665894,854.5365672,827.1719444,829.0990778,43759967
2020-07-13,877.3895264,883.148079,861.5193998,863.0383907,69608392
2020-07-14,869.2277222,880.4274761,855.760816,876.9360759,67331128
2020-07-15,836.1272583,897.2498215,815.2694682,878.7271276,139669773
2020-07-16,835.8552246,847.4630615,821.8215,837.4875551,60961724
2020-07-17,866.8245239,870.587999,833.4066071,836.5806562,49726765
2020-07-20,870.5426025,876.0291396,861.3606542,869.5904298,36592938
2020-07-21,893.9624634,896.4336872,878.0697281,879.2033043,42173371
2020-07-22,908.6762695,911.3968403,889.0426683,899.1541819,59771457
2020-07-23,933.0708618,943.0009721,902.9403321,908.6535487,58333751
2020-07-24,973.1315308,980.7718211,933.0708895,933.1615612,120597372
2020-07-27,977.6884766,997.004667,964.8563921,987.9360578,80304827
2020-07-28,987.4372559,994.8281989,975.1719293,977.6884888,55114422
2020-07-29,950.6867065,989.74978,938.8067943,987.5280234,72663399
2020-07-30,956.2185669,970.206896,939.509607,951.7522659,72857444
2020-07-31,937.2877808,965.3551703,930.8037346,958.7804524,74958061
2020-08-03,910.9434814,932.7081689,908.2681864,930.1236055,46715383
2020-08-04,975.149231,982.5855096,906.9758674,916.2032119,92041055
2020-08-05,964.1989136,995.735035,960.5034421,983.4924364,74549993
2020-08-06,967.6676025,982.9029064,955.7423554,978.051191,49322975
2020-08-07,973.2675171,978.4139757,961.3649974,965.7178986,32984416
2020-08-10,961.2062988,981.6787343,955.8784967,979.0034992,26958997
2020-08-11,967.5316162,979.4115278,952.3643158,967.9850347,46828306
2020-08-12,964.7203369,972.6100942,955.2889808,961.727691,30264617
2020-08-13,962.2037964,969.8440863,956.7399271,964.9016992,24830322
2020-08-14,958.4630127,978.0512182,947.3312625,962.4304992,33224635
2020-08-17,948.2835083,954.4728114,938.6480809,954.4728114,30979066
2020-08-18,960.6168213,967.758357,944.2026051,945.404185,30547672
2020-08-19,966.5114136,976.6909913,961.8864371,970.7963711,34087543
2020-08-20,950.867981,963.0426354,946.764427,961.2742374,22537845
2020-08-21,943.9759521,962.1812359,941.7768034,960.3675019,25280895
2020-08-24,950.2786255,954.2461123,938.8294637,948.3062161,32717218
2020-08-25,944.0891724,957.3293989,942.2301028,954.9261791,19388008
2020-08-26,969.1186523,973.9477001,928.1738419,945.404224,59870421
2020-08-27,957.0120239,974.8772272,953.6792993,973.9703303,28085062
2020-08-28,959.5285645,967.1235185,955.0395958,961.2742345,27166900
2020-08-31,943.4544678,985.759593,934.2271229,985.759593,62076132
2020-09-01,946.4243774,962.3624465,935.1565603,952.2055975,38616258
2020-09-02,964.9923706,969.4360034,945.4041656,948.5781548,26949439
2020-09-03,957.6921997,969.7761229,953.5659776,964.9017394,18586429
2020-09-04,941.8900757,950.8226775,939.6002554,944.746714,28475945
2020-09-07,944.338623,954.8128835,926.9268381,944.950777,21926473
2020-09-08,955.4250488,961.7276916,943.3637336,948.578196,27397082
2020-09-09,980.0236816,982.9483239,943.7945187,945.4042413,55310877
2020-09-10,1049.239868,1063.273591,986.371583,989.8857107,140304404
2020-09-11,1051.84729,1060.054399,1037.042854,1048.333281,59470807
2020-09-14,1044.048096,1070.097738,1034.73002,1054.227672,44063445
2020-09-15,1051.439087,1054.56774,1037.518702,1048.310434,27178393
2020-09-16,1054.02356,1074.337258,1047.675581,1051.960419,33952295
2020-09-17,1042.325073,1058.17247,1039.1963,1051.96038,25828669
2020-09-18,1045.476563,1051.711202,1032.259002,1049.353378,33074915
2020-09-21,1022.873047,1059.215491,1019.01878,1042.891945,33627381
2020-09-22,1002.604553,1032.462948,998.251592,1032.462948,34792254
2020-09-23,1011.514343,1032.349523,999.9519033,1024.754569,42988708
2020-09-24,989.024353,1009.337993,986.6891368,1001.130945,29826318
2020-09-25,998.3195801,1003.352699,982.7215891,992.5610276,28374935
2020-09-28,1004.916992,1014.779158,1000.745434,1009.791375,19666849
2020-09-29,1017.975952,1026.568416,1004.917127,1008.884674,25842539
2020-09-30,1013.124207,1027.92864,1008.884585,1024.754651,24465159
2020-10-01,1008.997925,1026.477654,1003.896802,1026.477654,20783227
2020-10-05,1003.080627,1019.834863,1000.269385,1017.499707,18922799
2020-10-06,1002.24176,1012.920032,998.2968818,1008.997881,18412175
2020-10-07,1023.621094,1046.972774,1006.617392,1013.418849,53170865
2020-10-08,1015.345947,1028.382164,1007.569649,1024.301217,21077808
2020-10-09,1012.716003,1021.580601,1005.302393,1013.418829,18545499
2020-10-12,1014.348389,1022.827512,1009.451397,1013.418884,14226473
2020-10-13,1034.140869,1036.43069,1009.270074,1011.423887,23112012
2020-10-14,1037.224121,1044.705736,1028.60887,1033.324638,26742011
2020-10-15,1000.496033,1038.357523,995.2815706,1038.357523,20036197
2020-10-16,986.5757446,1012.28525,985.1474255,1004.350276,21583600
2020-10-19,986.7570801,1010.562239,977.2123845,993.0371147,31200385
2020-10-20,977.5524902,994.3747896,975.8974318,988.0267509,18482288
2020-10-21,963.3601074,993.921389,951.1854522,983.0390455,34082321
2020-10-22,955.3569336,966.9421018,948.1247264,964.6296138,30802210
2020-10-23,958.1229248,968.0757029,950.5733065,954.9262077,23422125
2020-10-26,920.057312,953.0897537,915.2509326,953.0897537,37324416
2020-10-27,922.5059204,934.0003573,909.1296859,922.6872638,36478896
2020-10-28,912.0542603,933.0254473,910.2178586,925.8158484,29924017
2020-10-29,919.0598145,925.9066673,902.7816655,905.5022363,30655304
2020-10-30,931.5745239,936.3809035,916.7473025,922.0524364,34021563
2020-11-02,851.2944946,919.1051103,842.9967151,919.1051103,99366895
2020-11-03,839.0292358,865.6003029,832.091771,856.9851117,88691623
2020-11-04,867.5046997,874.6689636,832.9532637,832.9532637,80180117
2020-11-05,886.4580688,889.1559716,876.0291447,886.4354009,37205373
2020-11-06,920.0800171,924.9997363,896.9550162,902.3282138,66674086
2020-11-09,929.8515015,938.1492815,923.1860519,935.0206281,35838510
2020-11-10,945.2000732,947.6712967,925.5438649,941.776677,36934242
2020-11-11,905.5928955,949.9384928,896.9323689,947.2179221,56724780
2020-11-12,897.7938232,910.6939707,890.9923667,898.2473017,40046527
2020-11-13,905.2301636,923.4807819,898.587442,898.7007816,45388670
2020-11-14,907.9053955,913.8000156,904.7540742,913.6186722,5226220
2020-11-17,903.8018188,945.404177,900.0610116,945.404177,46542562
2020-11-18,901.0586548,909.8099137,888.7706597,903.8018937,30402290
2020-11-19,894.6878662,911.6008364,892.4433819,901.0585724,27796343
2020-11-20,861.2927856,899.5170279,859.2523124,895.526813,57471248
2020-11-23,884.5084229,893.2596217,873.4220078,884.6444304,45327567
2020-11-24,890.5616455,895.0732821,876.0291672,890.5389776,30936268
2020-11-25,883.1934204,903.6658556,880.6542529,897.7939034,32637879
2020-11-26,885.3699341,890.9924794,875.14508,885.5740054,25838637
2020-11-27,875.0315552,886.9568018,871.2227444,879.8832704,47336811
2020-12-01,886.4127808,891.5592393,875.1450229,879.8153351,19750687
2020-12-02,887.8864136,889.6321436,877.3894854,888.045089,22188887
2020-12-03,890.5616455,898.2926671,888.1130899,894.1664452,27785372
2020-12-04,882.7172852,892.8061307,879.6566356,892.8061307,18464552
2020-12-07,887.9091187,890.9924363,879.9287495,879.9287495,18242188
2020-12-08,904.0285645,913.3239128,884.1909519,889.2467387,43403061
2020-12-09,919.0824585,922.1885039,906.5224493,911.3741648,29175254
2020-12-10,910.036438,919.7852039,907.3158675,916.6565508,16065507
2020-12-11,909.4924316,924.0929139,895.1866324,912.7570925,26944202
2020-12-14,902.9176636,913.6639991,900.6731792,910.467282,17312747
2020-12-15,895.2320557,902.1921882,889.224036,902.1921882,18551265
2020-12-16,896.2294922,904.5726673,891.3097732,901.4212863,18561011
2020-12-17,900.3331299,909.1297243,896.5016508,899.8343755,20252358
2020-12-18,903.0310059,909.0843613,890.9924187,897.8392714,18466344
2020-12-21,879.5205688,916.8379694,841.2283276,911.396828,44135540
2020-12-22,878.1603394,888.2265173,856.2822534,883.7375485,28140001
2020-12-23,881.4024048,884.8484692,870.8827483,875.12237,19501410
2020-12-24,904.210022,906.3184389,882.3319351,882.8306895,20776988
2020-12-28,908.3589478,915.0243977,904.7314797,909.9006067,17221499
2020-12-29,902.3508911,912.4397367,898.9501027,910.9434138,18611939
2020-12-30,904.8220215,910.1271552,895.7760807,904.7086819,22043630
2020-12-31,900.1970825,912.2583375,897.1591009,903.9152219,18781189
2021-01-01,901.1947021,905.5022677,898.7008105,901.4213814,10015175
2021-01-04,902.7136841,906.3637598,892.3527629,904.6407576,24513534
2021-01-05,891.4912109,899.4262438,886.9115106,892.8061305,24123091
2021-01-06,867.9807739,891.4457932,863.8545521,891.4004574,46401468
2021-01-07,866.5751343,881.9237777,863.8545636,870.8146958,32325918
2021-01-08,876.8000488,878.9311937,867.0059457,869.6811807,27540187
2021-01-11,860.2723999,879.1124427,858.1185874,879.1124427,33307825
2021-01-12,887.3876953,888.7252828,861.4740587,862.87971,41161546
2021-01-13,879.1125488,895.504098,869.8852637,890.3349713,26619458
2021-01-14,888.9973145,891.8539527,879.2258799,881.9237827,21553242
2021-01-15,878.5003662,894.9825854,870.6106694,888.9972941,20593268
2021-01-18,899.5849609,905.502249,872.1070575,883.7828982,35100458
2021-01-19,914.2987671,920.9188203,904.4366012,904.4366012,32006615
2021-01-20,931.6651611,933.161484,907.4972564,916.5659252,30924537
2021-01-21,951.9335938,961.2742782,940.869907,944.0438964,39087742
2021-01-22,929.3527832,959.165904,922.800673,957.1934346,30532660
2021-01-25,880.1100464,922.7099125,876.0291604,922.7099125,54207104
2021-01-27,859.2522583,872.8552327,856.0782689,872.8552327,42370131
2021-01-28,850.8864746,872.0844035,847.9164966,852.5188051,34067814
2021-01-29,835.1977539,867.4593698,829.7792201,858.9348504,43712383
2021-02-01,859.3883057,863.7865428,837.9409701,843.1100967,34180952
2021-02-02,873.2179565,879.6566668,841.0923491,867.9808262,41470034
2021-02-03,875.4170532,885.097756,861.519337,874.3514809,30301696
2021-02-04,872.5378418,879.6567101,863.786583,872.4017743,25626981
2021-02-05,872.2883301,881.7650814,870.5879959,875.1449682,20248046
2021-02-08,884.8485107,892.8062123,874.6916605,876.5053345,21183400
2021-02-09,886.9795532,902.1468541,885.2338831,889.6095123,19604141
2021-02-10,895.2092896,899.9476654,873.8980224,885.8913334,21234156
2021-02-11,932.1186523,935.9728593,894.2798278,897.793896,42539278
2021-02-12,925.7252197,942.2301071,913.8453085,932.0279221,30497029
2021-02-15,921.6443481,934.6578357,918.1982839,928.6498762,15791099
2021-02-16,933.8416748,942.864948,922.7325927,924.8864054,21421660
2021-02-17,944.6107178,950.3692704,929.8061637,934.0683933,23742994
2021-02-18,937.5598145,956.0144435,933.6602718,945.4041757,18646877
2021-02-19,943.2729492,954.4500341,931.030292,932.7080182,23403483
2021-02-22,910.5352173,947.6259366,904.5726539,943.1369682,23804335
2021-02-23,917.4953613,930.8489263,913.0290611,928.6271101,25644108
2021-02-24,934.5218506,936.4489241,918.7197282,920.4654583,10807663
2021-02-25,972.3153687,975.784101,939.9630214,941.3233368,34855693
2021-02-26,945.7669678,967.5769904,938.9201148,959.9140322,37481215
2021-03-01,952.9765015,957.6468737,935.2019694,956.8306485,17680764
2021-03-02,954.9262085,965.8085514,947.2632506,962.1811438,17150760
2021-03-03,998.5009766,1006.572077,955.4703591,961.7503937,31924461
2021-03-04,986.5983887,992.9917629,978.3686128,988.4801263,21435754
2021-03-05,987.890686,1002.967315,976.2601812,977.5978287,25511666
2021-03-08,993.5133057,1012.013272,983.0390448,983.265724,19506841
2021-03-09,993.4905396,1003.806125,973.3355759,997.5487578,15154484
2021-03-10,989.3643188,1004.395612,984.0591848,1000.722808,11519358
2021-03-12,969.2546997,1000.450742,963.0426687,995.2816158,16864952
2021-03-15,956.2411499,974.3783674,943.3636703,970.3655452,16698099
2021-03-16,952.4777222,963.9948871,950.165234,958.5536855,13873801
2021-03-17,931.9599609,953.5659718,922.777952,951.3214874,19210236
2021-03-18,910.9887695,945.3135252,907.315966,939.9176595,20647480
2021-03-19,944.0438843,950.323919,899.0635245,902.7816639,41787429
2021-03-22,935.1566162,940.4164144,921.916449,939.056159,18572478
2021-03-23,946.5377808,956.6039587,932.254709,934.9526119,17421165
2021-03-24,928.3098145,943.0236365,925.1811611,943.0236365,16822814
2021-03-25,902.9857178,931.3478511,900.0610755,931.3478511,22001648
2021-03-26,904.4365845,913.0744425,894.9372254,912.3036132,20180202
2021-03-30,920.1480103,929.0352757,903.030969,910.4899154,20441701
2021-03-31,908.2681885,929.4887857,906.4091187,915.0243699,16250796
2021-04-01,916.7699585,920.4654298,908.2907755,915.0242884,11723312
2021-04-05,903.5070801,918.1982331,889.6774281,918.1755652,14875099
2021-04-06,899.7436523,909.1070043,892.8061281,908.6762538,14009194
2021-04-07,908.1548462,928.1285275,903.8246126,906.8625945,24266353
2021-04-08,909.2883911,916.8380097,903.688514,911.8502865,15369188
2021-04-09,898.7234497,909.7418005,897.7938849,906.1597286,14037885
2021-04-12,866.5751343,889.3600562,861.6327472,888.2718159,20901482
2021-04-13,875.9384766,879.9286908,869.6131063,872.4016807,19411189
2021-04-15,881.6063843,889.1786705,867.4139846,873.4446121,19723716
2021-04-16,876.0745239,884.1456245,873.5126286,878.114997,15656948
2021-04-19,862.2902832,868.9557332,856.9851487,863.3331878,18478808
2021-04-20,862.0408325,870.1345408,857.1891171,866.280394,17203668
2021-04-22,864.4213867,868.0715225,850.9544799,858.0053442,14490954
2021-04-23,863.4918213,870.0892067,859.4109353,864.2399827,11828857
2021-04-26,878.6817627,889.6321696,866.7338471,870.5880541,20846778
2021-04-27,901.7160645,905.5928792,878.8631385,879.6566358,19992524
2021-04-28,905.6382446,910.4899602,897.8619469,905.8876518,17122437
2021-04-29,917.7675171,927.0401972,910.1725632,917.2460349,17412606
2021-04-30,904.3685913,923.1859662,901.2172702,910.7166293,19828769
2021-05-03,888.2944946,897.3404357,881.0622873,891.4458159,23640186
2021-05-04,869.0462646,892.2619962,866.5070974,884.1908962,21849830
2021-05-05,870.6333618,878.9764773,865.1694925,872.1070168,12393609
2021-05-06,875.5757446,877.3894784,864.5119985,871.4268548,14624666
2021-05-07,875.9158325,886.7528396,873.3086014,878.6364032,12288548
2021-05-10,873.399353,882.740038,871.0188609,879.2033017,13941237
2021-05-11,876.5507202,878.9992161,866.0537313,868.3209437,13478264
2021-05-12,867.4819946,876.4372642,864.6934201,875.1676805,13177961
2021-05-14,878.4324341,880.5635189,864.2400338,874.2381482,13291616
2021-05-17,888.8839722,890.2895634,875.3036667,878.43238,11873078
2021-05-18,901.3986816,908.0414632,894.3931534,898.2473603,12064918
2021-05-19,905.5249023,914.3214965,894.1664728,897.7938805,16317002
2021-05-20,900.2424927,911.8049943,898.2474153,905.9103738,11422532
2021-05-21,908.0187378,911.2153948,900.5144557,903.2350263,10785605
2021-05-24,900.3557129,911.306119,898.7007146,910.4898939,8551760
2021-05-25,890.1536255,905.5022701,888.7253063,905.2301951,14780102
2021-05-26,893.2822876,897.5672453,891.1285348,895.5267721,7480204
2021-05-27,896.0255737,903.6885321,889.7455388,893.3956745,26819294
2021-05-28,949.8478394,954.4728157,902.3282519,902.3282519,56469931
2021-05-31,979.5474854,993.7852202,945.4268032,953.1124286,59124142
2021-06-01,983.4470825,998.4556475,973.2901731,982.132103,28013832
2021-06-02,998.1155396,1001.856347,978.0511883,978.0511883,24630162
2021-06-03,1001.924377,1020.220331,995.7804103,1007.070776,23974257
2021-06-04,993.2412109,1005.007723,990.4072405,1004.259562,14468646
2021-06-07,1009.972778,1016.592892,990.7473191,998.4556731,16336573
2021-06-08,1004.168884,1009.859433,996.7099375,1009.610086,9674735
2021-06-09,986.2130127,1007.070802,978.4819908,1006.163965,11409161
2021-06-10,989.8403931,1011.151659,987.3691696,994.5560408,14155653
2021-06-11,1007.009888,1013.766876,991.9717457,993.2458157,13762778
2021-06-14,1021.456543,1027.530942,998.7741617,1007.8517,20332436
2021-06-15,1023.7771,1035.106887,1019.363469,1028.782271,15174215
2021-06-16,1006.304504,1022.434679,1003.688184,1021.45644,10797349
2021-06-17,1008.147278,1016.951791,991.8806222,1001.02634,15745975
2021-06-18,1012.69751,1016.951912,993.9055194,1012.629269,29369026
2021-06-21,1017.975586,1022.639433,1001.094701,1002.618988,12186448
2021-06-22,1012.743042,1028.782291,1009.830951,1025.597116,12871913
2021-06-23,1003.460815,1024.050056,1001.799987,1023.777093,16653951
2021-06-24,979.8684082,1007.669635,973.7257687,1004.143316,91461975
2021-06-25,957.5499878,979.8683558,946.9254774,979.8683558,55355022
2021-06-28,949.1550903,967.5830691,946.8800342,965.5355426,20277042
2021-06-29,949.9740601,959.6203313,948.2905451,950.7475767,27144063
2021-06-30,960.3711548,965.8312655,951.4529058,953.8189497,19762858
2021-07-01,954.5925293,966.0587979,953.2502185,963.7155009,12534407
2021-07-02,968.7432861,970.4951021,952.3173409,954.1601447,14086620
2021-07-05,978.3668823,979.8911687,969.8581386,972.1104478,11702287
2021-07-06,966.8095703,977.7753459,964.7165499,975.978096,10070124
2021-07-07,960.0980835,968.1518276,954.6152261,968.1518276,10454892
2021-07-08,952.1580811,963.2376503,946.8799465,963.2376503,11185460
2021-07-09,942.4208984,951.7486525,940.1003484,950.0650773,9037675
2021-07-12,948.2905273,956.2077294,943.922391,946.3111817,8585292
2021-07-13,955.3887939,956.9130804,950.0878517,955.5252757,6717133
2021-07-14,949.1550903,958.6420732,946.993769,955.6844882,8532544
2021-07-15,947.4943237,953.2502049,945.7425076,953.2502049,9448356
2021-07-16,961.1674194,962.2367067,949.8831264,949.9513673,8828185
2021-07-19,955.0474854,966.4455126,951.9989126,955.5252315,8354449
2021-07-20,952.7041016,959.1653184,948.2450375,955.297675,6741464
2021-07-22,964.9439697,966.4000152,954.6834705,964.1704531,7972397
2021-07-23,958.1187744,971.2003764,956.4579462,971.2003764,9937030
2021-07-26,944.9917603,965.0805076,942.3754396,959.1653976,12389668
2021-07-27,935.0496826,948.1085383,929.1345729,944.9689778,10824523
2021-07-28,927.0186768,936.414671,917.4178998,936.414671,12897848
2021-07-29,934.253418,943.8769426,929.7715466,934.5946824,13765738
2021-07-30,926.0859985,940.942104,924.1748936,936.4147388,11350608
2021-08-02,943.0124512,946.1520118,928.7478264,934.7312372,10925104
2021-08-03,949.9512939,951.4300864,939.2357959,950.9750872,11817299
2021-08-04,957.2315674,961.8954143,949.6100753,952.9771655,13169800
2021-08-05,971.109436,980.4598769,957.4590392,962.0318984,21252078
2021-08-06,950.5428467,976.8880266,945.8561928,969.1528001,16620987
2021-08-09,945.1281738,950.8841149,940.2822913,946.8799898,7494143
2021-08-10,950.0878296,961.4404234,943.5811787,947.3350273,11919198
2021-08-11,963.3970337,964.6255496,947.9721328,954.1375197,9184963
2021-08-12,960.3029175,967.4466035,957.8003316,966.8550624,8137612
2021-08-13,976.2965698,978.2304218,959.5976596,963.3970023,12780901
2021-08-16,988.9686279,1002.391495,968.333834,977.9801057,21935444
2021-08-17,984.7597656,994.2922422,977.2975624,986.8528461,12658169
2021-08-18,988.5819092,995.0203195,979.4589374,989.1961972,10075860
2021-08-20,977.4796143,988.2861008,972.3607079,975.0907632,9426282
2021-08-23,983.8953247,989.1962069,970.2221802,989.1962069,9854395
2021-08-24,993.6098022,997.3863979,980.8239097,985.1238055,11864472
2021-08-25,1002.209473,1010.126735,991.97172,994.383318,13380559
2021-08-26,1014.881531,1021.456482,1003.301468,1004.666525,18589616
2021-08-27,1013.493774,1020.478292,1008.329434,1017.861911,10480636
2021-08-30,1032.991089,1035.539229,1017.770971,1023.777129,14027062
2021-08-31,1027.485474,1039.133718,1020.250739,1036.016904,26485463
2021-09-01,1031.557739,1043.297092,1029.692249,1034.242361,11145486
2021-09-02,1043.979614,1050.07676,1026.052128,1026.052128,9956770
2021-09-03,1086.796387,1089.753972,1047.665367,1051.077892,30664428
2021-09-06,1103.677246,1128.4299,1097.488992,1097.944052,33641710
2021-09-07,1110.638916,1118.419577,1097.489012,1105.679238,17349882
2021-09-08,1106.293457,1116.59951,1095.054658,1115.689512,14301651
2021-09-09,1103.677246,1109.251092,1099.354603,1104.723726,8963249
2021-09-13,1079.083862,1107.044319,1077.491335,1107.044319,16311160
2021-09-14,1077.673218,1089.298714,1076.558377,1080.65355,8908356
2021-09-15,1082.155151,1090.095041,1077.696027,1077.696027,9071075
2021-09-16,1104.860229,1108.75056,1077.013508,1083.633954,13448882
2021-09-17,1087.729004,1117.441337,1080.926582,1112.959465,34882133
2021-09-20,1089.45813,1100.378351,1078.378559,1079.334052,11779819
2021-09-21,1094.16748,1099.582097,1084.748678,1094.303962,9915736
2021-09-22,1105.90686,1111.139381,1091.232669,1095.669047,10995912
2021-09-23,1132.934448,1136.164996,1112.731907,1113.596412,15748397
2021-09-24,1129.658447,1140.009996,1124.789877,1139.145491,15192163
2021-09-27,1148.655029,1151.134928,1126.291287,1131.614916,15373834
2021-09-28,1159.393311,1167.060236,1143.354064,1153.000335,18035258
2021-09-29,1150.202271,1169.38096,1146.653144,1169.38096,9719875
2021-09-30,1146.28894,1153.273457,1137.68927,1148.905321,13590654
2021-10-01,1148.313843,1155.639564,1135.255047,1138.417355,8958928
2021-10-04,1163.078979,1171.587663,1154.3882,1161.645681,10918552
2021-10-05,1187.217163,1188.491233,1159.074617,1162.600996,13533634
2021-10-06,1164.762573,1192.108741,1160.781255,1192.108741,10258881
2021-10-07,1170.473022,1182.462591,1168.334448,1180.756209,6336665
2021-10-08,1215.450928,1221.434339,1174.613532,1176.319794,15772493
2021-10-11,1206.987549,1237.632624,1203.666013,1229.169435,14768666
2021-10-12,1213.880981,1220.797258,1201.800425,1203.506808,6682011
2021-10-13,1226.234741,1237.4053,1214.563629,1218.97726,9959762
2021-10-14,1228.714478,1236.472512,1222.70832,1228.691731,8623469
2021-10-18,1231.990723,1249.008091,1211.378614,1214.245211,13594479
2021-10-19,1243.024536,1251.897291,1232.172556,1239.361675,8833409
2021-10-20,1228.714478,1247.984274,1224.664918,1247.984274,12710570
2021-10-21,1193.269043,1241.272811,1184.487276,1240.999848,20831669
2021-10-22,1195.498657,1212.561639,1188.263923,1192.131507,11027475
2021-10-25,1183.85022,1219.432227,1169.380873,1219.432227,17198417
2021-10-26,1210.809814,1214.381688,1184.464631,1190.812114,9750178
2021-10-27,1195.498657,1217.976256,1192.10876,1206.691963,9896298
2021-10-28,1182.394165,1200.298903,1178.708678,1192.131424,9886181
2021-10-29,1154.024414,1181.279596,1138.303742,1181.279596,14233025
2021-11-01,1154.729614,1163.010828,1134.845529,1154.024338,15481114
2021-11-02,1137.894043,1159.370654,1135.36877,1158.005597,10569130
2021-11-03,1130.067871,1146.630298,1119.784565,1140.282816,11989430
2021-11-04,1137.006714,1139.759576,1132.979902,1134.322092,1705656
2021-11-08,1138.417358,1146.630331,1117.691516,1146.357248,20337183
2021-11-09,1147.403809,1150.679851,1131.637645,1139.805124,15682497
2021-11-10,1160.235229,1163.920837,1139.190929,1145.128846,10253470
2021-11-11,1162.350952,1169.608312,1153.705667,1155.753254,10722478
2021-11-12,1179.891724,1182.462611,1163.465777,1166.150398,8712341
2021-11-15,1172.929932,1184.032248,1169.380806,1183.031142,4803269
2021-11-16,1145.674927,1171.656038,1135.255138,1170.313727,11337581
2021-11-17,1121.149658,1137.052304,1119.7846,1137.052304,10202029
2021-11-18,1125.381104,1132.524849,1114.802087,1119.329452,8505625
2021-11-22,1075.53479,1114.324603,1069.733354,1108.454927,24124307
2021-11-23,1085.590332,1092.597596,1050.622735,1061.565702,25326999
2021-11-24,1069.915405,1096.533552,1066.343532,1082.928708,16820296
2021-11-25,1134.322144,1138.440064,1072.531559,1079.743546,42401936
2021-11-26,1097.762085,1127.337815,1092.711419,1122.878691,15763138
2021-11-29,1110.911865,1137.530131,1091.619322,1109.819891,24325354
2021-11-30,1094.48584,1126.564214,1086.955396,1122.969594,32172299
2021-12-01,1122.514771,1125.699825,1103.449696,1107.044316,10104610
2021-12-02,1129.726685,1135.801084,1120.057665,1123.743273,12720411
2021-12-03,1095.782715,1136.84758,1092.028866,1136.802086,19222481
2021-12-06,1075.011353,1103.40412,1072.531574,1099.309067,10332254
2021-12-07,1083.770386,1093.848849,1073.828404,1081.176872,11235122
2021-12-08,1100.264648,1106.498276,1094.895525,1102.994764,8744178
2021-12-09,1117.714233,1126.109182,1103.404115,1107.954227,13213547
2021-12-10,1118.851807,1122.059608,1105.838385,1110.343003,8364414
2021-12-13,1096.4198,1125.745314,1093.848913,1125.472351,12901733
2021-12-14,1082.996826,1094.758925,1079.925507,1082.928585,12991523
2021-12-15,1079.834595,1094.303942,1074.32887,1084.748658,9366969
2021-12-16,1093.803223,1099.081357,1077.764097,1094.622233,9761279
2021-12-17,1064.932983,1095.66905,1055.627915,1091.141685,21049821
2021-12-20,1036.221558,1054.649474,1022.457368,1054.649474,14325846
2021-12-21,1051.646484,1067.458142,1042.978573,1051.691978,12836561
2021-12-22,1076.603882,1079.243009,1056.537943,1057.857386,17658543
2021-12-23,1076.217163,1082.928596,1072.941121,1080.198481,9072401
2021-12-24,1079.652588,1088.388741,1063.61334,1078.378518,7886494
2021-12-27,1078.492188,1082.018566,1068.413724,1074.533617,4017223
2021-12-28,1091.300781,1094.235619,1079.766273,1080.926487,6374613
2021-12-29,1093.166382,1100.674079,1083.884062,1087.933741,15425312
2021-12-30,1073.418823,1094.281146,1067.276184,1092.028837,29333171
2021-12-31,1077.536865,1084.703238,1073.82851,1079.743681,9477290
2022-01-03,1093.78064,1095.646251,1075.443709,1076.103491,5421611
2022-01-04,1118.464966,1119.78453,1093.848795,1099.263532,10847728
2022-01-05,1123.697754,1127.064905,1107.02159,1120.239736,11643813
2022-01-06,1099.536621,1116.599603,1096.123977,1115.325533,14447422
2022-01-07,1108.409302,1118.442271,1097.284238,1106.111499,13112115
2022-01-10,1109.319336,1117.964622,1099.33186,1115.689565,9246731
2022-01-11,1117.30481,1126.13195,1107.954248,1108.409308,16205164
2022-01-12,1147.130737,1148.882614,1121.604567,1124.471164,14800442
2022-01-13,1153.592041,1156.185675,1141.352255,1147.199185,11856712
2022-01-14,1155.275513,1168.152333,1149.292102,1153.455516,19930176
2022-01-17,1161.304443,1167.105879,1154.36554,1154.820599,8036453
2022-01-18,1147.449341,1165.900006,1144.696478,1162.441988,6215029
2022-01-19,1147.358398,1156.640599,1141.625204,1151.180488,9755485
2022-01-20,1127.269653,1142.05758,1117.054587,1137.552961,16494486
2022-01-21,1127.45166,1138.553979,1115.68968,1115.68968,13338594
2022-01-24,1081.973145,1139.691425,1071.59885,1126.154703,21868937
2022-01-25,1079.8573,1086.864444,1048.802658,1069.07344,24510205
2022-01-27,1063.863647,1072.053874,1051.555621,1062.908155,20020431
2022-01-28,1062.839722,1081.062916,1059.449945,1076.103359,14667727
2022-01-31,1085.931763,1094.941,1072.099329,1073.919447,12143683
2022-02-01,1082.337036,1101.401988,1067.958677,1095.668915,13200509
2022-02-02,1084.543945,1095.21395,1080.699109,1095.21395,10017691
2022-02-03,1070.529419,1092.688558,1068.004147,1088.388662,9572839
2022-02-04,1060.769531,1068.573059,1056.128431,1065.183162,11061241
2022-02-07,1054.30835,1072.372316,1048.802625,1065.638136,10714467
2022-02-08,1072.031128,1073.828498,1051.077815,1060.473871,12060849
2022-02-09,1084.521118,1086.204633,1072.918369,1078.901659,11486225
2022-02-10,1083.406372,1090.072191,1076.148892,1090.072191,12464491
2022-02-11,1081.290771,1084.97638,1066.593832,1079.857473,15943370
2022-02-14,1064.068481,1071.530685,1052.442863,1064.841998,10719633
2022-02-15,1100.196289,1102.903657,1062.771539,1069.824177,11212671
2022-02-16,1097.921265,1107.044236,1090.186098,1105.679178,10392840
2022-02-17,1111.821777,1117.008924,1096.578914,1101.17452,12853252
2022-02-18,1103.131226,1117.691561,1101.197374,1112.23145,6775458
2022-02-21,1091.983276,1109.09175,1085.021627,1097.48888,11107193
2022-02-22,1087.02356,1090.16324,1067.981355,1070.597615,13494914
2022-02-23,1080.221313,1095.009239,1077.468571,1092.52946,7310110
2022-02-24,1026.393311,1064.682686,1020.773971,1048.802667,24846650
2022-02-25,1039.224731,1050.144952,1035.721099,1037.472855,14570089
2022-02-28,1073.623535,1077.172661,1020.59197,1020.59197,21297446
2022-03-02,1091.369019,1092.48386,1059.813945,1062.202736,21471786
2022-03-03,1082.155151,1098.78582,1078.401303,1092.028893,10186748
2022-03-04,1058.153076,1075.784728,1055.787033,1070.643076,10805667
2022-03-07,1019.022278,1052.0334,1011.036774,1036.835909,17983310
2022-03-08,1017.179382,1021.957085,991.9262348,1006.259101,21289374
2022-03-09,1071.143799,1077.013475,1016.565078,1017.406956,20414228
2022-03-10,1088.502441,1094.303876,1073.828372,1092.02882,17980493
2022-03-11,1091.641968,1097.033958,1081.131192,1081.131192,12257423
2022-03-14,1100.605713,1103.131106,1080.19845,1086.068126,8340678
2022-03-15,1075.398193,1104.746453,1065.114887,1104.746453,15925769
2022-03-16,1093.553101,1095.623434,1081.609026,1083.838589,11149828
2022-03-17,1129.203369,1136.346995,1098.899497,1106.930494,21422098
2022-03-21,1122.696777,1130.249969,1109.774462,1112.049519,11999466
2022-03-22,1151.703735,1153.432744,1116.417559,1119.375023,22557065
2022-03-23,1155.366455,1167.037566,1147.99536,1147.99536,15462187
2022-03-24,1173.316772,1175.819419,1142.080273,1142.080273,13168266
2022-03-25,1181.143066,1190.311532,1172.566021,1175.068667,14222488
2022-03-28,1193.018799,1196.567804,1176.888563,1187.581315,9891424
2022-03-29,1193.291748,1200.321639,1186.398339,1200.321639,8684065
2022-03-30,1216.224487,1223.072403,1190.812051,1201.186345,15811550
2022-03-31,1198.842896,1214.745662,1196.04466,1212.58434,13223718
2022-04-01,1208.443604,1212.675258,1193.041512,1199.41162,7922880
2022-04-04,1212.015625,1217.157279,1201.982654,1208.261776,7929162
2022-04-05,1194.884399,1214.836726,1192.450114,1206.282428,13149870
2022-04-06,1191.699219,1198.729109,1177.161631,1177.161631,12257215
2022-04-07,1170.677734,1185.76137,1168.01586,1180.801692,15496499
2022-04-08,1190.1521,1194.406501,1164.830654,1164.830654,15152495
2022-04-11,1187.672363,1200.571929,1175.295977,1183.031143,9254209
2022-04-12,1165.308716,1184.214443,1162.737829,1177.11619,13217742
2022-04-13,1161.031494,1179.664256,1158.233138,1171.428536,10354235
2022-04-18,1157.4823,1164.739781,1147.44933,1152.545489,9974224
2022-04-19,1201.595703,1213.97209,1160.758429,1163.920737,26141820
2022-04-20,1236.927368,1244.002873,1205.372294,1209.012408,25072240
2022-04-21,1265.888916,1269.028476,1243.092742,1251.692533,21708633
2022-04-22,1255.287231,1274.943726,1248.644039,1255.332725,15054154
2022-04-25,1226.257446,1255.105154,1211.992821,1247.825046,17063215
2022-04-26,1262.954102,1271.758615,1232.036062,1233.082542,12227666
2022-04-27,1264.182739,1286.774072,1253.580855,1253.944926,19338945
2022-04-28,1283.065674,1297.239311,1267.708955,1278.561056,25614076
2022-04-29,1269.597412,1299.582709,1263.704989,1299.582709,18214862
2022-05-02,1265.138184,1276.536211,1254.945865,1256.743235,9467006
2022-05-04,1225.643066,1269.483539,1217.748671,1267.208483,19247660
2022-05-05,1201.641357,1242.182926,1197.591798,1239.225341,17210669
2022-05-06,1192.427246,1209.876925,1180.096353,1188.58241,19649948
2022-05-09,1145.856812,1181.711783,1140.715158,1171.633199,18083752
2022-05-10,1125.995483,1149.633417,1118.419545,1135.255057,19511677
2022-05-11,1114.460938,1130.682161,1102.01631,1125.085448,16643899
2022-05-12,1091.755981,1107.886098,1078.378607,1104.541815,20490321
2022-05-13,1104.132202,1127.519799,1099.013296,1103.859239,19308778
2022-05-16,1104.405396,1128.884969,1099.604946,1107.704185,13437911
2022-05-17,1150.793579,1155.685016,1106.589155,1107.999707,16551828
2022-05-18,1154.979736,1169.380842,1141.283906,1155.571277,17276788
2022-05-19,1128.361572,1143.217739,1122.082451,1130.24993,14699118
2022-05-20,1194.15625,1203.233727,1138.440064,1143.217645,21793091
2022-05-23,1186.170898,1207.397173,1179.846163,1197.364083,15252755
2022-05-24,1190.243286,1200.32175,1181.984819,1186.216474,13527818
2022-05-25,1188.491333,1208.830354,1183.713631,1198.956614,12714544
2022-05-26,1177.161621,1198.911195,1159.370618,1194.133493,17882023
2022-05-27,1171.701416,1185.374499,1155.776024,1179.868895,16521973
2022-05-30,1212.515991,1216.702032,1180.392124,1189.856299,13853398
2022-05-31,1197.887451,1218.886257,1190.175031,1201.868769,70620653
2022-06-01,1198.27417,1208.147911,1190.402401,1198.638121,9776989
2022-06-02,1239.589233,1243.297588,1198.501623,1198.501623,22126569
2022-06-03,1264.705811,1281.928019,1247.642831,1248.552949,23939791
2022-06-06,1259.268677,1280.403966,1252.102183,1264.933631,11093152
2022-06-07,1261.634521,1269.983976,1252.21584,1260.337705,12358255
2022-06-08,1239.475586,1265.388455,1235.949207,1261.634607,12479250
2022-06-09,1273.464844,1275.398575,1233.08251,1233.08251,17278305
2022-06-10,1235.016479,1269.438153,1229.215044,1261.247927,18093057
2022-06-13,1211.651489,1216.156108,1190.447961,1205.781933,17620803
2022-06-14,1195.817139,1215.723971,1189.151199,1205.804736,14714312
2022-06-15,1181.347656,1200.003164,1175.93304,1191.016674,11195535
2022-06-16,1164.830688,1209.899615,1162.100573,1193.496417,17111475
2022-06-17,1178.481079,1194.338231,1163.05624,1164.830743,24457187
2022-06-20,1157.118286,1190.811934,1147.130691,1185.306209,12066797
2022-06-21,1175.796631,1180.028165,1150.406942,1164.830795,11720049
2022-06-22,1140.078125,1164.057262,1137.985044,1163.966274,10617206
2022-06-23,1121.581909,1148.905451,1112.504431,1144.378086,19446323
2022-06-24,1137.552856,1142.535161,1122.969654,1128.429885,14240234
2022-06-27,1134.185669,1157.98283,1129.135004,1157.98283,15474529
2022-06-28,1150.133911,1152.977762,1129.385441,1129.385441,13572847
2022-06-29,1173.999268,1181.666314,1137.985067,1140.80617,19205146
2022-06-30,1181.05188,1190.265838,1167.560773,1173.930882,23112959
2022-07-01,1095.987427,1179.391106,1076.103463,1171.610446,81997149
2022-07-04,1098.262573,1111.139394,1076.603984,1082.450914,41857728
2022-07-05,1107.158081,1121.559189,1099.809612,1102.494234,17647327
2022-07-06,1097.420654,1111.116484,1086.568675,1101.174503,23943726
2022-07-07,1086.614258,1107.158004,1080.653594,1103.813721,23301033
2022-07-08,1088.115845,1100.219149,1084.088912,1100.219149,19010108
2022-07-11,1102.903687,1105.133128,1078.378503,1081.336088,13847467
2022-07-12,1101.333862,1110.092883,1093.848912,1093.848912,10778989
2022-07-13,1081.813843,1107.499363,1079.743629,1104.450791,14224132
2022-07-14,1090.732056,1107.47658,1081.540843,1086.568762,16970315
2022-07-15,1092.8479,1098.854058,1084.339217,1098.854058,9603210
2022-07-18,1102.152954,1103.404157,1088.525244,1101.58416,15160908
2022-07-19,1108.909912,1113.414531,1092.165388,1092.165388,16439888
2022-07-20,1138.89502,1156.867999,1131.273588,1155.730531,23924246
2022-07-21,1131.296387,1137.530135,1122.651221,1134.800019,16523230
2022-07-22,1138.940674,1144.946832,1135.255066,1137.530122,10969995
2022-07-25,1101.311035,1122.719405,1093.393893,1122.719405,23110452
2022-07-26,1101.811523,1112.003841,1097.193171,1101.629548,11303288
2022-07-27,1100.765137,1104.314142,1092.938862,1101.106341,8655086
2022-07-28,1118.010132,1122.946942,1101.584185,1108.409354,12496073
2022-07-29,1141.829956,1145.310841,1121.149727,1126.018297,15130683
2022-08-01,1171.587646,1177.457322,1140.988065,1146.243453,15700044
2022-08-02,1176.046875,1186.580398,1165.536098,1170.518523,13917913
2022-08-03,1185.920532,1187.5813,1168.220637,1183.031188,14250977
2022-08-04,1170.245361,1191.107684,1153.455465,1187.581305,14467127
2022-08-05,1153.000366,1173.384882,1149.792565,1172.110933,13942438
2022-08-08,1168.084106,1175.54631,1151.635413,1151.635413,10165178
2022-08-10,1175.068604,1178.435634,1163.48848,1172.520464,10724688
2022-08-11,1178.981812,1187.53599,1174.022133,1184.441923,8198226
2022-08-12,1198.046631,1201.845973,1174.932118,1178.617606,12650587
2022-08-16,1206.373169,1209.103284,1195.452949,1204.052619,6607378
2022-08-17,1212.675293,1218.021669,1208.307156,1212.607052,6595965
2022-08-18,1214.874512,1218.389455,1205.242409,1214.281041,7410035
2022-08-19,1193.213745,1215.057105,1189.150853,1209.716107,9460724
2022-08-22,1189.904175,1201.179644,1180.500403,1194.651824,9471680
2022-08-23,1208.255371,1211.176964,1182.942588,1184.152352,9678484
2022-08-24,1205.036865,1218.845966,1203.028361,1205.196734,10369622
2022-08-25,1201.521973,1215.604807,1197.208047,1209.236735,7871946
2022-08-26,1195.108032,1209.715994,1190.086651,1201.955469,10742038
2022-08-29,1185.818481,1211.998588,1176.871134,1180.04376,19838975
2022-08-30,1204.21521,1207.547704,1176.209169,1193.28218,23139054
2022-09-01,1168.813843,1189.150763,1164.385812,1178.970953,19909939
2022-09-02,1155.164673,1175.638521,1152.973478,1168.813905,12999345
2022-09-05,1173.10498,1178.445979,1155.392856,1155.392856,11327815
2022-09-06,1185.453247,1189.630246,1174.109315,1174.565859,10899618
2022-09-07,1178.560059,1184.562992,1173.196239,1175.478718,7488501
2022-09-08,1180.226318,1185.978219,1173.652856,1181.527366,7057077
2022-09-09,1172.876953,1191.456284,1170.457426,1191.456284,8314850
2022-09-12,1186.001099,1192.369292,1173.447403,1173.447403,7435419
2022-09-13,1195.906982,1200.449119,1187.347716,1195.108121,8888657
2022-09-14,1181.572998,1191.456134,1174.451707,1175.47878,8678219
2022-09-15,1169.864014,1188.511808,1167.147811,1179.130858,10365600
2022-09-16,1140.876465,1165.43603,1137.133189,1161.213388,20217708
2022-09-19,1142.359985,1151.604008,1132.727882,1140.876368,7580254
2022-09-20,1142.54248,1158.451491,1138.822026,1151.489827,8411448
2022-09-21,1145.692383,1156.305916,1138.959052,1139.757913,9207309
2022-09-22,1134.89624,1142.611003,1128.505347,1134.850598,10308170
2022-09-23,1113.623535,1139.39274,1112.071454,1134.39418,9528051
2022-09-26,1085.252197,1103.717541,1084.247945,1092.875675,12479523
2022-09-27,1093.880127,1107.460896,1077.377765,1092.852933,16154822
2022-09-28,1064.755493,1085.548958,1062.313266,1077.491757,16997059
2022-09-29,1061.491699,1080.755785,1055.876725,1077.332127,14671827
2022-09-30,1085.434814,1096.504771,1054.963606,1054.963606,18613024
2022-10-03,1081.668823,1103.329493,1078.701588,1091.711707,11852723
2022-10-04,1101.617676,1103.80887,1091.095426,1094.587669,8948850
2022-10-06,1105.68042,1118.416685,1103.877306,1108.830345,13352162
2022-10-07,1110.359619,1115.632154,1102.279597,1102.279597,7714340
2022-10-10,1098.239502,1103.626142,1090.113839,1097.874243,6329527
2022-10-11,1076.373291,1101.982746,1073.269129,1101.982746,9215177
2022-10-12,1084.293579,1087.237993,1069.617153,1073.680046,7417103
2022-10-13,1087.740112,1092.852778,1077.377612,1082.536041,7328492
2022-10-14,1082.216431,1103.055537,1081.486033,1102.439245,9106089
2022-10-17,1099.586182,1101.982767,1069.845491,1075.049562,16729355
2022-10-18,1118.987305,1124.351124,1104.790244,1105.634748,12415820
2022-10-19,1138.456909,1153.955018,1114.627746,1120.470931,19247142
2022-10-20,1141.515503,1149.915022,1134.394211,1134.394211,8717053
2022-10-21,1128.276978,1148.910694,1126.177189,1144.756517,8243452
2022-10-24,1132.043091,1142.382771,1120.836207,1122.981638,3370033
2022-10-25,1114.559326,1140.785075,1112.938782,1140.785075,12233241
2022-10-27,1118.94165,1126.839103,1110.564954,1122.068633,12513059
2022-10-28,1153.178955,1157.218905,1122.730567,1125.264079,17609592
2022-10-31,1163.883911,1169.065162,1155.940816,1159.958066,12419943
2022-11-01,1154.868042,1186.891214,1144.893621,1186.891214,13963166
2022-11-02,1162.080566,1164.157655,1148.089017,1155.986349,8981896
2022-11-03,1166.417236,1168.425861,1152.676721,1154.867915,6693449
2022-11-04,1183.581665,1186.891218,1164.568612,1165.846719,12575815
2022-11-07,1189.904175,1191.593304,1175.022477,1182.782883,11789748
2022-11-09,1188.717285,1196.911413,1182.349092,1191.593235,11254205
2022-11-10,1174.337524,1185.316196,1170.000778,1182.32614,5966242
2022-11-11,1201.407959,1203.325179,1181.413354,1186.89128,12310132
2022-11-14,1195.587402,1206.064008,1189.242031,1200.928401,9043112
2022-11-15,1190.223755,1198.94277,1182.326302,1197.071193,7086433
2022-11-16,1183.399048,1194.17233,1178.377546,1191.456128,9716161
2022-11-17,1186.457642,1192.825714,1177.761327,1180.020985,6661451
2022-11-18,1185.818481,1190.999732,1173.698509,1189.972538,5303197
2022-11-21,1164.477295,1181.413258,1160.916589,1181.413258,6390268
2022-11-22,1170.936646,1172.511548,1157.903706,1161.783908,6611488
2022-11-23,1167.284668,1176.802665,1165.093474,1175.478796,6413408
2022-11-24,1177.350464,1184.152259,1163.244688,1171.370352,9389439
2022-11-25,1194.925537,1198.257911,1178.719851,1181.869776,7349922
2022-11-28,1235.987427,1242.150108,1142.154514,1190.954019,31527484
2022-11-29,1238.110107,1246.988991,1229.801874,1234.344011,11058913
2022-11-30,1246.852051,1253.288707,1231.719201,1238.247142,26164986
2022-12-01,1243.177124,1257.648038,1239.844751,1251.622284,9485801
2022-12-02,1242.652222,1254.452698,1232.814728,1246.235749,11589592
2022-12-05,1224.529419,1240.187277,1222.498093,1238.018904,14828536
2022-12-06,1228.067139,1231.1713,1214.737404,1216.609102,8594245
2022-12-07,1209.944214,1230.258312,1206.132475,1225.693355,8462111
2022-12-08,1209.373535,1216.56341,1205.196658,1214.280931,7757008
2022-12-09,1191.04541,1214.281104,1187.735737,1207.89009,12655763
2022-12-12,1192.871338,1197.390654,1180.043788,1180.27212,9479842
2022-12-13,1198.303711,1201.955581,1189.949714,1192.871307,8333348
2022-12-14,1193.966919,1204.671737,1191.912652,1204.078266,7268947
2022-12-15,1177.007935,1193.738506,1173.65274,1188.032369,8688551
2022-12-16,1171.187622,1195.473329,1167.786785,1173.652791,15837349
2022-12-19,1186.571655,1188.717207,1171.689839,1178.21778,7729933
2022-12-20,1196.842896,1198.760115,1171.370366,1179.541673,7467588
2022-12-21,1179.815552,1201.955587,1175.980992,1196.477661,8527550
2022-12-22,1176.756958,1189.013857,1171.712635,1185.978159,7451122
2022-12-23,1142.24585,1182.554553,1137.703713,1170.137785,10257115
2022-12-26,1152.220215,1160.414342,1137.772122,1147.974874,5990242
2022-12-27,1161.646851,1163.518428,1148.20301,1154.936341,5763271
2022-12-28,1161.532837,1163.975064,1151.05623,1158.588423,7459393
2022-12-29,1161.007935,1163.564268,1152.88227,1153.567026,6930648
2022-12-30,1162.788086,1176.391675,1160.003541,1161.829476,7289476
2023-01-02,1175.889648,1177.304802,1163.244669,1164.066352,5316175
2023-01-03,1167.284668,1174.565828,1163.062148,1170.936659,7658932
2023-01-04,1149.709595,1169.110728,1147.632506,1167.261851,9264891
2023-01-05,1147.655151,1157.857903,1143.067373,1151.969076,13637099
2023-01-06,1158.086304,1163.130627,1149.595501,1153.40724,6349597
2023-01-09,1185.430298,1187.804182,1161.030607,1161.920753,10722753
2023-01-10,1167.901001,1189.630256,1162.240506,1189.630256,8047142
2023-01-11,1153.178955,1167.718333,1150.873534,1165.207642,11509553
2023-01-12,1128.276978,1156.077628,1125.2641,1152.585506,17688773
2023-01-13,1126.45105,1128.870456,1111.386664,1122.25123,20618583
2023-01-16,1115.723267,1131.951651,1107.9171,1128.779026,13623855
2023-01-17,1131.563843,1133.481062,1118.690651,1122.068667,10751000
2023-01-18,1129.692139,1137.178689,1123.141497,1129.144431,13448286
2023-01-19,1128.482422,1132.636478,1121.452295,1128.870382,11940054
2023-01-20,1115.061523,1129.829114,1112.596475,1129.829114,14930286
2023-01-23,1109.423706,1125.811962,1107.0043,1117.960272,10954118
2023-01-24,1102.873047,1115.517906,1089.817165,1113.851719,16488755
2023-01-25,1087.625854,1102.302279,1086.461854,1101.275206,12385018
2023-01-27,1066.992432,1089.817224,1055.260419,1088.470654,25830975
2023-01-30,1077.218018,1082.764407,1050.398796,1064.413289,21772103
2023-01-31,1074.524658,1089.954305,1068.658651,1087.37503,22691594
2023-02-01,1068.156616,1086.439272,1052.224782,1086.439272,19347800
2023-02-02,1062.244873,1071.854034,1054.963713,1058.159159,13662663
2023-02-03,1063.180542,1072.310457,1046.746646,1072.310457,24699575
2023-02-06,1055.169067,1059.528635,1052.589913,1056.789612,14837879
2023-02-07,1052.63562,1062.450293,1046.746792,1055.420286,15135435
2023-02-08,1073.657227,1077.286396,1053.137736,1055.876639,21160332
2023-02-09,1075.528931,1082.285084,1065.463225,1074.342109,13172763
2023-02-10,1066.672852,1075.003906,1059.665546,1075.003906,10790445
2023-02-13,1060.60144,1072.767055,1056.127767,1068.293381,10352493
2023-02-14,1085.594604,1087.329255,1060.738368,1063.614319,14321920
2023-02-15,1110.17688,1112.573585,1083.266497,1084.635888,33503591
2023-02-16,1109.30957,1124.716394,1107.027091,1118.165632,17264487
2023-02-17,1113.942993,1117.275487,1100.430688,1104.721792,11809520
2023-02-20,1102.165527,1118.30263,1100.202545,1116.134257,8836937
2023-02-21,1111.158569,1116.955992,1101.22967,1106.547968,13311592
2023-02-22,1085.959839,1109.286817,1084.202367,1107.438061,11024335
2023-02-23,1080.755615,1093.195204,1077.94825,1085.548905,9851910
2023-02-24,1088.151001,1093.834438,1080.984067,1082.810002,9434053
2023-02-27,1080.915527,1090.867248,1073.543203,1087.375005,11199715
2023-02-28,1060.236206,1080.527485,1056.173434,1075.551625,21994038
2023-03-01,1069.982422,1070.71282,1060.55571,1070.028064,11551145
2023-03-02,1061.833984,1073.520355,1059.802538,1066.832666,9333535
2023-03-03,1088.927002,1092.601814,1068.909698,1072.378999,14643807
2023-03-06,1099.563354,1106.821693,1095.591868,1095.591868,10171916
2023-03-08,1103.512207,1104.265426,1088.744496,1099.56342,15782657
2023-03-09,1076.989624,1103.306657,1075.095226,1102.895876,16235128
2023-03-10,1060.304688,1070.028075,1056.812445,1068.886896,13334091
2023-03-13,1042.866577,1070.028115,1038.529831,1063.180678,12771592
2023-03-14,1038.963501,1052.201831,1035.813697,1040.812257,16027522
2023-03-15,1021.20575,1049.166148,1016.80054,1042.683971,21728555
2023-03-16,1016.115784,1028.943333,1005.296859,1023.921952,18363159
2023-03-17,1014.837708,1028.007575,1010.090119,1024.720843,34014213
2023-03-20,1004.863159,1013.422486,995.1625933,1011.140007,19524589
2023-03-21,1036.110352,1038.073334,1012.052977,1012.943123,21400360
2023-03-22,1039.260254,1046.039228,1036.247377,1043.094814,10920094
2023-03-23,1026.113281,1036.201809,1023.944908,1035.334483,16249370
2023-03-24,1005.799011,1027.117424,1003.379605,1024.949051,12375945
2023-03-27,1021.43396,1028.943332,1004.383891,1012.281283,14054323
2023-03-28,1026.204468,1030.08467,1021.182965,1024.834956,12576424
2023-03-29,1020.133057,1024.743657,1009.359714,1022.095919,18804065
2023-03-31,1064.116455,1069.777071,1029.262976,1029.399903,28171201
2023-04-03,1064.299072,1072.310631,1056.7897,1070.484696,10293043
2023-04-05,1061.742798,1071.854146,1053.845465,1071.854146,16262928
2023-04-06,1068.863892,1074.592971,1058.227537,1058.227537,18435046
2023-04-10,1061.286133,1072.949682,1059.779694,1072.767113,12961408
2023-04-11,1066.535889,1068.65862,1060.921036,1065.463173,10542367
2023-04-12,1071.237915,1080.892719,1063.660079,1066.535909,18179087
2023-04-13,1075.277832,1079.979717,1069.11515,1074.136532,12378208
2023-04-17,1080.73291,1106.98148,1072.333392,1106.98148,17929479
2023-04-18,1068.361938,1085.092512,1061.811176,1085.092512,10405576
2023-04-19,1073.680054,1076.373314,1064.641422,1067.768405,12273475
2023-04-20,1070.963867,1076.875516,1064.595795,1074.638679,7007330
2023-04-21,1072.310669,1077.788595,1066.558768,1073.063888,7647317
2023-04-24,1076.419067,1086.872732,1071.853989,1084.179472,12936186
2023-04-25,1084.658691,1086.73578,1072.995264,1080.070912,9236126
2023-04-26,1078.290771,1089.246745,1074.615959,1086.005535,8617834
2023-04-27,1085.115234,1088.28786,1079.157944,1084.179446,9167125
2023-04-28,1104.949951,1106.502153,1087.26077,1087.374875,15565210
2023-05-02,1114.331055,1116.499428,1108.419406,1112.117039,12981805
2023-05-03,1104.767334,1116.134086,1101.549067,1116.134086,7061872
2023-05-04,1117.503784,1119.7178,1102.256828,1105.246884,8635233
2023-05-05,1114.650513,1123.597859,1112.025716,1114.308195,8746585
2023-05-08,1128.41394,1133.77776,1115.74614,1118.416579,9153782
2023-05-09,1131.906128,1135.215801,1124.46522,1129.829039,6464721
2023-05-10,1139.689575,1141.173193,1132.659447,1136.676698,10872255
2023-05-11,1132.248535,1145.578149,1130.536585,1140.762159,10557860
2023-05-12,1134.097412,1135.489745,1121.383968,1127.455365,6955341
2023-05-15,1136.334106,1143.31847,1128.984483,1136.630902,6833343
2023-05-16,1120.151489,1141.05894,1118.485182,1138.502607,8717229
2023-05-17,1113.532349,1125.264242,1108.830463,1124.351274,8798967
2023-05-18,1111.13562,1121.612227,1107.985695,1118.211269,10525531
2023-05-19,1114.741943,1116.567999,1104.196872,1111.135716,8050447
2023-05-22,1120.699219,1125.720721,1110.359659,1111.569302,7434906
2023-05-23,1120.493652,1126.633512,1119.078499,1123.278318,6092034
2023-05-24,1113.965698,1124.807563,1110.861537,1116.544973,8112254
2023-05-25,1113.828857,1117.960213,1102.918649,1111.067134,11487863
2023-05-26,1144.208862,1145.350042,1118.759153,1122.068706,12626260
2023-05-29,1150.645386,1154.93649,1144.528347,1150.827955,10010304
2023-05-30,1150.348633,1158.451475,1147.792179,1150.645308,11342504
2023-05-31,1127.500977,1145.738109,1123.438205,1141.241614,27107927
2023-06-01,1124.465088,1134.348343,1122.068503,1132.17997,14592692
2023-06-02,1120.790405,1133.412564,1118.873186,1128.003102,15800644
2023-06-05,1130.856323,1133.823558,1122.274115,1126.268544,10908682
2023-06-06,1131.814819,1135.626558,1123.894667,1133.686517,7493309
2023-06-07,1140.397095,1141.241599,1128.733546,1135.307129,10312545
2023-06-08,1141.081787,1148.933598,1137.133121,1143.980559,12071109
2023-06-09,1133.001709,1145.144501,1131.198475,1144.436924,5877018
2023-06-12,1134.005981,1136.311282,1125.264026,1130.057316,6391969
2023-06-13,1150.759521,1151.946464,1134.964737,1138.959166,11248016
2023-06-14,1164.910889,1166.348864,1149.001999,1150.827934,13277380
2023-06-15,1165.230469,1169.795427,1157.447122,1164.88803,11813494
2023-06-16,1176.574585,1178.857064,1168.722774,1168.722774,24171579
2023-06-19,1164.888184,1179.587432,1160.711306,1179.587432,6798554
2023-06-20,1167.307495,1170.457299,1157.218969,1162.948048,6921096
2023-06-21,1170.59436,1173.127872,1163.153452,1167.261866,6961603
2023-06-22,1157.447144,1174.702724,1155.84942,1166.805392,7619166
2023-06-23,1147.974976,1156.4886,1146.71957,1154.434333,6628570
2023-06-26,1139.210205,1148.271658,1136.083222,1144.437098,12641159
2023-06-27,1139.621094,1145.578264,1135.14742,1139.666736,9689466
2023-06-28,1154.708252,1158.519991,1140.260037,1147.176059,11354006
2023-06-30,1164.18042,1167.102012,1156.5113,1162.422949,11151555
2023-07-03,1194.05835,1196.9343,1166.508729,1167.741314,12154387
2023-07-04,1181.755737,1198.303742,1174.679967,1198.303742,8061643
2023-07-05,1179.815552,1190.999736,1175.844065,1190.999736,10248062
2023-07-06,1204.580444,1207.18242,1175.958112,1175.958112,19117987
2023-07-07,1202.229492,1216.540658,1199.673038,1202.868606,13375267
2023-07-10,1248.541138,1258.104778,1221.128566,1227.473817,33240016
2023-07-11,1262.076172,1264.495578,1249.705167,1256.689531,20069348
2023-07-12,1263.468506,1279.103542,1260.68384,1262.806571,18733835
2023-07-13,1252.170166,1277.733979,1249.54537,1270.8409,14682934
2023-07-14,1251.120361,1260.341563,1243.998949,1255.365703,15124144
2023-07-17,1276.684204,1285.060902,1245.322846,1253.996339,22220040
2023-07-18,1287.525879,1295.286284,1274.995005,1285.950977,25867313
2023-07-19,1297.294922,1303.754399,1276.821074,1291.88546,39122156
2023-07-20,1295.723877,1301.213636,1276.01484,1276.01484,38717624
2023-07-21,1255.613403,1293.275575,1248.120574,1290.357605,30249238
2023-07-24,1230.216675,1243.842361,1221.264861,1227.051415,23727866
2023-07-25,1229.425537,1239.020329,1226.556952,1233.481064,12026020
2023-07-26,1249.406372,1259.693647,1229.029726,1229.029726,12911012
2023-07-27,1237.783813,1255.069339,1231.67583,1253.288926,17226898
2023-07-28,1250.222534,1257.641225,1236.720493,1242.408156,20827852
2023-07-31,1260.806519,1263.106264,1245.326159,1250.222568,8551174
2023-08-01,1242.976929,1265.628689,1239.0698,1263.650372,9536632
2023-08-02,1229.69751,1242.383423,1218.445829,1240.998576,12748214
2023-08-03,1224.529175,1236.893661,1215.701004,1224.2325,10168350
2023-08-04,1241.171753,1244.361766,1222.402489,1235.855024,22885610
2023-08-07,1248.244385,1250.494625,1238.921514,1246.834785,5982870
2023-08-08,1240.726563,1253.486735,1236.225962,1250.296722,9844072
2023-08-09,1248.911865,1250.791291,1227.100986,1238.847247,11486586
2023-08-10,1254.47583,1261.177405,1240.627608,1248.788167,15470598
2023-08-11,1259.767822,1265.554498,1242.556556,1252.49753,22179330
2023-08-14,1274.654663,1277.152313,1248.812891,1255.737002,9575812
2023-08-16,1273.616089,1277.399694,1261.672045,1261.672045,10203112
2023-08-17,1255.242554,1275.075237,1252.695518,1269.634863,13673744
2023-08-18,1264.540649,1274.827925,1240.677193,1251.904121,18639978
2023-08-21,1250.742676,1268.337425,1248.583607,1260.644364,9221746
2023-08-22,1250.444824,1259.651704,1240.319813,1249.204008,7713044
2023-08-23,1251.834595,1262.083809,1249.228881,1252.827248,9517952
2023-08-24,1230.790405,1260.619553,1226.422708,1260.619553,14140020
2023-08-25,1225.107544,1243.297861,1212.327137,1218.977863,22222400
2023-08-28,1212.897827,1232.874968,1206.619346,1226.91905,12580826
2023-08-29,1201.283813,1217.712147,1195.228534,1217.017338,16876644
2023-08-30,1200.142212,1212.525533,1198.628392,1207.065942,12168946
2023-08-31,1194.657715,1203.591591,1191.133749,1202.598938,21638600
2023-09-01,1197.461914,1203.914158,1192.002323,1194.434396,18112842
2023-09-04,1196.494141,1202.921544,1193.814026,1197.461953,9347626
2023-09-05,1202.896851,1208.033757,1197.362738,1201.110027,8675876
2023-09-06,1205.428101,1209.125709,1199.745187,1201.656092,8200370
2023-09-07,1207.065918,1210.167958,1196.643063,1201.953731,13652572
2023-09-08,1215.106445,1218.977816,1202.574202,1211.036592,23109288
2023-09-11,1228.209473,1229.326207,1216.992446,1216.992446,13271074
2023-09-12,1210.465942,1232.378709,1209.026523,1232.378709,16255666
2023-09-13,1216.520996,1222.27831,1204.212076,1211.036564,12803338
2023-09-14,1217.637695,1223.841776,1213.518162,1220.963058,9209636
2023-09-15,1219.896118,1224.933784,1215.751743,1224.933784,25468592
2023-09-18,1209.274658,1216.496233,1207.09087,1211.061482,7516300
2023-09-20,1182.323975,1204.882108,1168.84876,1202.623799,57081884
2023-09-21,1173.712891,1186.269975,1171.330499,1178.750556,12226182
2023-09-22,1168.824097,1182.473076,1166.367305,1179.271794,19176786
2023-09-25,1161.627319,1171.677931,1158.972045,1166.565744,14254884
2023-09-26,1162.644653,1166.466343,1159.220049,1160.684188,10087782
2023-09-27,1175.747681,1177.1871,1160.659405,1163.141037,11722778
2023-09-28,1158.475586,1182.7459,1153.958967,1182.7459,14518346
2023-09-29,1163.88562,1175.847137,1158.47571,1162.2974,12342014
2023-10-03,1150.559082,1159.220075,1149.492029,1156.415758,8859056
2023-10-04,1148.573853,1150.981084,1139.11893,1146.01782,10286386
2023-10-05,1148.549072,1156.14277,1146.017759,1151.105105,10953682
2023-10-06,1150.484741,1153.859785,1147.531623,1150.013255,5431026
2023-10-09,1140.682251,1147.481899,1139.06919,1145.571115,7576878
2023-10-10,1145.719971,1150.435072,1143.412101,1144.801839,10236032
2023-10-11,1163.9104,1166.21827,1148.003113,1148.722762,9814118
2023-10-12,1166.069336,1171.007881,1160.485663,1163.314821,12554450
2023-10-13,1166.019897,1170.089751,1156.018846,1161.404037,10150316
2023-10-16,1163.414063,1168.62549,1159.41861,1163.885548,5929036
2023-10-17,1168.9729,1171.181529,1162.04917,1169.345145,7928180
2023-10-18,1153.462769,1174.804808,1151.973789,1168.972971,8918320
2023-10-19,1144.603271,1152.370854,1142.047239,1147.50683,12032556
2023-10-20,1141.104248,1148.846868,1139.71451,1141.550893,8913312
2023-10-23,1123.286133,1144.653013,1119.340361,1136.587708,7853962
2023-10-25,1120.680298,1132.219888,1113.260242,1116.759367,11620688
2023-10-26,1105.070923,1120.705207,1101.993723,1117.230922,15222534
2023-10-27,1124.576538,1128.398228,1109.761145,1111.771291,11771084
2023-10-30,1147.754883,1153.958963,1126.636169,1128.646315,16813304
2023-10-31,1135.545288,1155.448028,1133.063656,1155.448028,12808438
2023-11-01,1140.260376,1150.236586,1129.241953,1136.165683,10309190
2023-11-02,1151.57666,1153.611647,1145.496661,1148.47462,10562104
2023-11-03,1151.328491,1158.89747,1149.368026,1155.05094,8850156
2023-11-06,1160.907593,1161.403919,1154.256867,1157.58223,10647304
2023-11-07,1153.363403,1160.957222,1151.254016,1158.450749,6960204
2023-11-08,1159.368896,1161.90021,1152.345926,1157.433272,7884494
2023-11-09,1146.787109,1159.368912,1143.635388,1159.344193,14513610
2023-11-10,1148.946045,1149.665815,1140.583017,1144.305465,7734954
2023-11-13,1148.797241,1153.760506,1147.357822,1152.916654,3854810
2023-11-15,1169.568481,1172.298277,1154.951691,1161.403935,12220648
2023-11-16,1171.677856,1178.353423,1164.853368,1166.913195,13134910
2023-11-17,1169.121826,1177.90678,1167.384684,1167.806488,7758634
2023-11-20,1166.044678,1170.536335,1159.617153,1165.647592,4490186
2023-11-21,1180.710938,1185.227557,1171.429657,1174.308375,8214450
2023-11-22,1185.326904,1188.428945,1177.38568,1178.775419,8534814
2023-11-23,1188.950073,1191.183542,1185.326866,1185.326866,8531542
2023-11-24,1188.155884,1192.474021,1186.741426,1187.01443,6749486
2023-11-28,1188.404053,1191.034607,1178.899449,1188.155889,13792174
2023-11-29,1191.530884,1197.114556,1190.215667,1195.154091,12531306
2023-11-30,1179.991333,1191.530923,1176.244044,1188.552965,28439984
2023-12-01,1188.354492,1189.396705,1180.065864,1180.264346,14342842
2023-12-04,1201.209229,1215.999781,1190.48865,1215.999781,15590990
2023-12-05,1209.9198,1211.45846,1201.928896,1210.540208,12693624
2023-12-06,1221.509155,1227.390551,1208.554986,1214.560585,16422442
2023-12-07,1219.499023,1221.434648,1212.029286,1220.963162,8142096
2023-12-08,1218.85376,1229.251775,1213.51825,1222.874053,10204894
2023-12-11,1220.640503,1224.735196,1217.190937,1218.977761,7066138
2023-12-12,1203.120239,1223.419944,1201.184493,1220.963152,9197124
2023-12-13,1208.033691,1210.2176,1194.310314,1202.102615,10031182
2023-12-14,1223.022827,1228.383177,1212.351808,1217.985162,16972354
2023-12-15,1238.632446,1240.816234,1225.95128,1229.897052,15932152
2023-12-18,1251.239014,1258.137903,1236.324379,1238.63237,14165188
2023-12-19,1269.65271,1277.494571,1253.323497,1268.11405,16820604
2023-12-20,1254.291382,1289.878086,1250.742696,1276.080186,17736722
2023-12-21,1271.86145,1277.296201,1249.874163,1254.21702,13765454
2023-12-22,1273.102173,1280.968874,1264.46602,1270.397218,16541784
2023-12-26,1279.554443,1286.453333,1271.935784,1274.566338,7465664
2023-12-27,1283.922119,1290.399082,1277.09763,1281.514887,9204156
2023-12-28,1293.203369,1296.40465,1283.922089,1285.386228,12302636
2023-12-29,1282.979126,1297.397435,1280.17493,1295.958136,10864584
2024-01-01,1285.609741,1293.84881,1277.122509,1280.795398,4030540
2024-01-02,1296.255859,1297.893761,1277.048049,1283.003966,7448800
2024-01-03,1282.160156,1307.323883,1279.132516,1295.412048,9037536
2024-01-04,1288.786011,1295.337617,1280.075579,1284.492835,9612778
2024-01-05,1294.270508,1300.300947,1289.456165,1291.888117,8086406
2024-01-08,1284.17041,1306.306499,1275.03793,1295.412157,7734652
2024-01-09,1280.770386,1293.823795,1279.132484,1290.448751,5403074
2024-01-10,1315.314819,1319.732076,1278.065494,1279.033306,11102740
2024-01-11,1349.908813,1352.489687,1318.739486,1319.732139,23725852
2024-01-12,1360.654175,1363.235048,1335.862692,1349.908755,15012164
2024-01-15,1383.882202,1386.190072,1355.96384,1364.897716,8610594
2024-01-16,1364.525513,1386.041313,1360.430819,1379.762711,9069024
2024-01-17,1351.571411,1376.090012,1345.069607,1349.511705,12197382
2024-01-18,1357.899536,1360.927176,1341.322281,1341.471203,10279438
2024-01-19,1357.403198,1365.890429,1349.015329,1365.890429,10422704
2024-01-23,1318.813843,1361.671682,1312.833206,1361.671682,20055420
2024-01-24,1334.001465,1339.585138,1314.198087,1325.414993,21919128
2024-01-25,1343.133789,1354.127493,1325.390118,1333.083178,11808872
2024-01-29,1437.411133,1441.82839,1350.181756,1354.474932,23893438
2024-01-30,1397.283081,1449.248438,1394.10664,1449.223597,14093978
2024-01-31,1416.143433,1423.712411,1392.195682,1393.684661,15130226
2024-02-01,1416.168335,1432.745591,1407.631544,1424.456963,13349362
2024-02-02,1446.990234,1464.063939,1422.645516,1422.645516,19652588
2024-02-05,1428.452393,1459.696119,1421.007496,1450.017753,8814432
2024-02-06,1417.309937,1431.256638,1409.393432,1431.256638,9047984
2024-02-07,1431.554443,1438.850418,1418.749196,1425.375203,9296568
2024-02-08,1439.470825,1448.752106,1417.036893,1439.346744,14694634
2024-02-09,1450.0177,1461.160205,1440.289653,1443.317293,12556798
2024-02-12,1441.679443,1450.265915,1431.752914,1450.017752,6674430
2024-02-13,1454.335693,1468.133592,1443.317271,1444.80625,7715594
2024-02-14,1470.491211,1472.749521,1446.791623,1446.791623,7117888
2024-02-15,1459.79541,1473.816633,1455.750398,1472.451735,10006782
2024-02-16,1449.843994,1466.148367,1447.833969,1465.6272,9767498
2024-02-19,1463.17041,1468.630001,1442.845866,1451.308256,6729828
2024-02-20,1460.217285,1464.659383,1451.060086,1464.187897,7117496
2024-02-21,1456.916748,1477.588819,1446.841417,1463.17051,12720292
2024-02-22,1470.863525,1474.039966,1447.288018,1457.363469,18493728
2024-02-23,1482.651245,1486.547456,1472.451712,1478.556552,14438584
2024-02-26,1476.397461,1483.544635,1471.607959,1482.576822,7513106
2024-02-27,1474.734863,1488.929728,1467.190725,1472.129149,10826044
2024-02-28,1444.93042,1480.318521,1439.52051,1472.104294,8647950
2024-02-29,1450.067505,1468.1089,1443.838583,1454.236599,23628976
2024-03-01,1481.162231,1488.979373,1451.754889,1452.747542,12132926
2024-03-04,1496.325073,1501.337898,1476.298252,1479.524374,10024420
2024-03-05,1489.177979,1496.325153,1475.132036,1494.712092,7107668
2024-03-06,1491.957275,1497.913193,1467.63728,1482.477392,7805676
2024-03-07,1468.059326,1492.056639,1464.709122,1491.932557,8315726
2024-03-11,1455.824829,1478.06028,1452.747629,1478.06028,11277130
2024-03-12,1464.584961,1477.067523,1454.261346,1455.824726,9432678
2024-03-13,1421.65271,1472.203486,1417.285013,1468.902964,13522134
2024-03-14,1420.957764,1437.882544,1415.026687,1429.122309,18571102
2024-03-15,1407.805176,1422.69497,1402.519347,1415.473395,19223818
2024-03-18,1428.89917,1431.132639,1406.117832,1409.567277,9169392
2024-03-19,1414.778564,1427.037804,1406.837341,1418.25285,8275764
2024-03-20,1433.1427,1434.383516,1413.562645,1417.458735,8488806
2024-03-21,1440.314575,1447.188745,1434.060934,1441.853236,13006936
2024-03-22,1444.334839,1449.273263,1436.716179,1439.321893,19527608
2024-03-26,1430.983643,1441.729184,1428.42761,1434.383527,11415906
2024-03-27,1481.881836,1488.979328,1436.368725,1437.361378,16326644
2024-03-28,1474.93335,1494.88565,1467.786297,1481.906761,21854364
2024-04-01,1473.866211,1482.998569,1471.607901,1481.50959,5013880
2024-04-02,1476.025146,1483.023398,1464.162993,1473.096869,8910166
2024-04-03,1460.788086,1473.543652,1458.107971,1471.186102,7008292
2024-04-04,1452.176758,1468.878094,1439.346671,1468.878094,14490272
2024-04-05,1449.372437,1459.993895,1445.302584,1450.141767,7442298
2024-04-08,1475.057373,1480.020638,1450.265891,1452.226356,8357118
2024-04-09,1452.896484,1478.854383,1451.754909,1478.060212,7071414
2024-04-10,1468.704468,1476.074965,1455.576656,1455.576656,9138330
2024-04-12,1456.37085,1475.55382,1452.325716,1465.031723,15551012
2024-04-15,1454.062744,1471.235688,1435.698665,1450.265895,12902062
2024-04-16,1454.980957,1460.366147,1440.264927,1442.672037,9366184
2024-04-18,1453.566528,1475.08233,1448.628104,1452.747638,19005692
2024-04-19,1459.323975,1463.170505,1432.423103,1446.072081,15741778
2024-04-22,1468.977417,1471.930535,1457.016022,1461.631761,10350362
2024-04-23,1448.603271,1482.527236,1444.856103,1468.133767,14605554
2024-04-24,1439.520508,1457.760505,1438.850419,1452.74756,10462776
2024-04-25,1449.248413,1457.189636,1430.909175,1431.901828,15943926
2024-04-26,1441.878052,1454.236532,1439.346738,1453.194198,9413848
2024-04-29,1454.261353,1457.11523,1439.346718,1439.346718,7247974
2024-04-30,1456.221924,1472.178772,1452.12723,1457.214577,11474262
2024-05-02,1455.775146,1466.470884,1453.367915,1461.185056,14512646
2024-05-03,1423.464355,1464.113446,1405.745524,1460.192515,17226958
2024-05-06,1409.095703,1429.420248,1407.581883,1424.95331,7394208
2024-05-07,1391.178223,1410.311632,1381.772861,1405.57169,14517472
2024-05-08,1408.127808,1422.421912,1387.232416,1387.232416,9439002
2024-05-09,1383.882202,1413.289544,1379.787509,1402.618525,11009612
2024-05-10,1397.084595,1399.640628,1377.876664,1386.487976,10505096
2024-05-13,1392.394287,1396.637903,1373.831725,1389.614931,8456620
2024-05-14,1409.641602,1416.590172,1389.738982,1390.681954,7188300
2024-05-15,1405.869629,1419.468926,1402.643507,1410.063564,5046534
2024-05-16,1414.877808,1417.012036,1387.753615,1408.127841,14711774
2024-05-17,1425.151855,1426.640835,1402.866844,1412.594892,10916476
2024-05-21,1425.57373,1431.231804,1415.126034,1415.126034,11176128
2024-05-22,1449.918457,1457.983762,1425.722543,1425.722543,10281604
2024-05-23,1475.131958,1481.261517,1444.310036,1447.834002,14608260
2024-05-24,1469.374512,1477.563898,1465.254978,1472.724715,7094776
2024-05-27,1455.477417,1473.990419,1450.811997,1469.349718,6629010
2024-05-28,1445.501221,1467.637431,1442.076616,1457.214574,7820162
2024-05-29,1430.189575,1447.287998,1427.881584,1435.872489,7383556
2024-05-30,1414.38147,1429.817271,1409.666368,1424.953247,13206858
2024-05-31,1419.890747,1431.65366,1411.800602,1420.784159,31069832
2024-06-03,1499.228516,1503.37289,1448.280652,1472.104322,21527942
2024-06-04,1387.009155,1487.043779,1349.313184,1487.043779,36709098
2024-06-05,1410.311646,1420.63526,1373.930892,1411.552462,17464890
2024-06-06,1421.081909,1433.092985,1410.907217,1424.456953,17855722
2024-06-07,1459.150024,1461.185011,1416.019306,1418.004612,18558696
2024-06-10,1460.589478,1482.37816,1457.288834,1459.150058,9251760
2024-06-11,1445.972778,1462.847878,1443.987472,1458.207177,11774902
2024-06-12,1452.57373,1465.155654,1444.483706,1446.791576,10081742
2024-06-13,1454.484741,1461.433312,1449.372554,1461.185149,9181160
2024-06-14,1466.694458,1468.803846,1446.518713,1459.19988,8157998
2024-06-18,1470.143921,1476.472084,1460.539955,1476.422403,7196766
2024-06-19,1447.933228,1476.57124,1445.302673,1476.57124,8725874
2024-06-20,1462.872559,1471.955357,1439.445974,1448.280609,16113776
2024-06-21,1443.515869,1463.865255,1429.990973,1462.798201,31170360
2024-06-24,1430.884277,1438.850341,1426.938506,1434.90457,8878386
2024-06-25,1443.466309,1445.228292,1430.412898,1432.398204,7045386
2024-06-26,1502.901367,1507.814951,1434.507557,1435.425809,22014882
2024-06-27,1519.305054,1526.203943,1494.935375,1502.628435,28383030
2024-06-28,1553.898926,1569.384287,1519.776481,1519.776481,28957336
2024-07-01,1548.6875,1567.796069,1544.245402,1551.045051,7724306
2024-07-02,1553.675537,1561.939324,1545.560551,1557.968712,7749246
2024-07-03,1541.019287,1563.428379,1531.440162,1554.817066,9049620
2024-07-04,1542.607544,1555.983518,1539.406262,1545.560662,6837176
2024-07-05,1576.953247,1586.755695,1536.626722,1542.408877,12269710
2024-07-08,1589.138062,1596.980044,1570.898064,1577.325468,9500806
2024-07-09,1578.591187,1588.741039,1568.88798,1585.862321,6960002
2024-07-10,1572.585571,1585.763063,1551.665459,1583.281431,7134578
2024-07-11,1569.036865,1592.46345,1558.961414,1575.836514,11940946
2024-07-12,1584.993774,1593.356924,1562.932087,1572.858616,12924784
2024-07-15,1585.490112,1594.051744,1573.85128,1592.662006,5329688
2024-07-16,1564.669189,1588.244697,1557.596537,1581.792453,9386838
2024-07-18,1575.0177,1582.189594,1546.379565,1564.421081,12298374
2024-07-19,1543.724243,1578.293333,1541.391533,1574.347562,13140390
2024-07-22,1489.649536,1526.203933,1488.259798,1525.95577,19674376
2024-07-23,1476.968262,1494.687092,1452.25118,1489.97199,18052044
2024-07-24,1484.710938,1498.409596,1465.552809,1474.0896,11913362
2024-07-25,1481.435303,1489.450927,1466.222823,1470.119035,12519876
2024-07-26,1497.93811,1501.313155,1479.400268,1481.435255,9859940
2024-07-29,1508.931641,1516.277296,1500.667854,1500.841495,7538550
2024-07-30,1502.032837,1513.79575,1498.905956,1505.879367,8228208
2024-07-31,1494.364502,1499.352486,1490.120887,1492.949923,10057346
2024-08-01,1504.167114,1506.847229,1493.247931,1500.891311,10764222
2024-08-02,1488.309326,1498.235856,1482.303849,1493.94268,10268248
2024-08-05,1436.691406,1472.997761,1422.719864,1469.12639,17046704
2024-08-06,1445.352295,1466.644651,1440.661913,1444.458883,10236186
2024-08-07,1454.062744,1461.681404,1450.762222,1458.207118,8174568
2024-08-08,1438.478149,1454.236514,1435.301709,1446.816458,12387192
2024-08-09,1463.468262,1465.65205,1445.302665,1449.273276,6249776
2024-08-12,1449.893677,1462.177757,1447.0398,1459.199798,8184584
2024-08-13,1452.871704,1459.274267,1447.288031,1450.017827,6265064
2024-08-14,1451.109619,1461.18507,1443.019474,1452.797202,6267466
2024-08-16,1467.3396,1469.523509,1447.337739,1457.859836,9416902
2024-08-19,1482.479126,1492.339768,1474.610528,1476.602572,13797742
2024-08-20,1489.999023,1497.942396,1484.097666,1491.268976,8411808
2024-08-21,1492.713257,1501.87661,1484.072718,1487.309789,7769996
2024-08-22,1492.165405,1500.507089,1484.720165,1497.021012,10445782
2024-08-23,1494.008057,1505.312882,1492.464296,1497.768064,9249654
2024-08-26,1506.582886,1516.941539,1497.021099,1500.980262,8816114
2024-08-27,1494.481201,1507.454412,1493.485179,1504.491271,6251156
2024-08-28,1492.339844,1501.478273,1487.060878,1499.013143,9610286
2024-08-29,1514.874756,1530.88576,1488.056816,1497.120591,38335358
2024-08-30,1503.619751,1533.59999,1497.344764,1527.897788,41620730
2024-09-02,1510.218384,1520.726465,1500.631672,1504.864765,11240852
2024-09-03,1503.121704,1516.941509,1501.503168,1515.198471,10923800
2024-09-04,1508.525146,1511.463363,1493.534967,1494.730145,11983304
2024-09-05,1487.035889,1519.705458,1481.134531,1513.007235,16264168
2024-09-06,1458.997803,1491.044858,1455.810581,1486.562759,19394228
2024-09-09,1456.632324,1464.077686,1449.809598,1460.666262,9010298
2024-09-10,1455.71106,1466.194215,1451.7767,1454.690113,10768260
2024-09-11,1445.725952,1462.907332,1441.791714,1457.230055,9760202
2024-09-12,1473.91333,1480.088618,1440.123237,1451.203981,22349376
2024-09-13,1466.766846,1477.250001,1463.654277,1470.526853,8711328
2024-09-16,1465.496948,1475.009007,1458.923227,1471.672358,5481774
2024-09-17,1466.443237,1471.597578,1460.790764,1468.136426,5935328
2024-09-18,1457.628296,1476.104552,1454.739929,1464.152288,8574714
2024-09-19,1463.828613,1470.626414,1449.759803,1460.417189,16955902
2024-09-20,1480.014038,1489.052889,1465.521869,1468.136427,30897320
2024-09-23,1487.434326,1495.527005,1483.02688,1485.068774,8832314
2024-09-24,1483.450195,1494.53094,1481.956162,1482.578676,17137444
2024-09-25,1488.006958,1490.546863,1474.311656,1477.99701,7069002
2024-09-26,1491.991089,1498.017071,1482.130568,1484.720201,18818998
2024-09-27,1520.103882,1527.374769,1486.064782,1493.036936,20597478
2024-09-30,1470.701172,1518.908662,1468.534897,1513.355888,27008814
2024-10-01,1458.997803,1482.03081,1457.005759,1474.759923,16431642
2024-10-03,1401.378052,1443.634334,1396.49752,1430.860279,37757294
2024-10-04,1381.009399,1411.711728,1376.278295,1398.340206,37072876
2024-10-07,1365.272217,1390.944708,1355.959436,1387.956642,22181340
2024-10-08,1391.79126,1395.426764,1359.669552,1367.513225,17020808
2024-10-09,1369.131836,1395.401917,1367.040214,1391.965689,14310610
2024-10-10,1365.595947,1380.486427,1363.977412,1374.53522,22358646
2024-10-11,1366.641724,1377.772318,1363.379727,1364.550102,7980122
2024-10-14,1367.065063,1374.584956,1362.807045,1373.962443,12221432
2024-10-15,1338.678467,1366.243302,1335.366621,1353.120786,33762794
2024-10-16,1348.688477,1358.574044,1332.303963,1334.669515,20034438
2024-10-17,1351.029175,1363.006242,1346.671579,1360.267181,15543660
2024-10-18,1353.8927,1362.981401,1335.989108,1346.796044,12082452
2024-10-21,1363.753296,1368.53425,1352.323968,1361.686599,14067408
2024-10-22,1338.006104,1370.526246,1334.893535,1363.753247,15831960
2024-10-23,1333.200317,1352.074885,1329.689316,1332.179371,17214742
2024-10-24,1334.470337,1338.354725,1317.861621,1329.963313,22155934
2024-10-25,1322.567749,1339.002112,1316.741045,1338.155517,18597496
2024-10-28,1329.04187,1347.617704,1316.840601,1331.681353,10824350
2024-10-29,1334.669434,1337.856655,1315.04785,1322.816748,12008361
2024-10-30,1338.553955,1344.629665,1320.077699,1329.689335,11984423
2024-10-31,1326.751099,1337.65749,1320.874545,1334.669425,9331650
2024-11-01,1333.324829,1336.611629,1327.697281,1327.74713,2127335
2024-11-04,1296.970093,1334.669502,1279.987869,1332.52803,19796890
2024-11-05,1300.107544,1304.340637,1281.033699,1287.856425,16267479
2024-11-06,1320.077759,1323.016097,1295.027781,1304.788845,21625209
2024-11-07,1300.456177,1318.733157,1297.418261,1318.733157,9611974
2024-11-08,1278.643188,1296.472006,1269.927996,1292.487918,19814406
2024-11-11,1267.637085,1280.884226,1261.959808,1273.862222,9056552
2024-11-12,1269.18103,1284.17121,1262.457882,1270.475908,10671091
2024-11-13,1247.069336,1270.376152,1244.529431,1265.196887,14633633
2024-11-14,1262.557495,1267.537605,1246.123132,1248.613187,12612633
2024-11-18,1255.734741,1267.836433,1238.951795,1262.557468,13620611
2024-11-19,1236.710693,1276.402144,1230.236551,1255.734689,14183746
2024-11-21,1218.134888,1239.0015,1212.407761,1236.710722,19433843
2024-11-22,1260.366211,1263.802438,1217.586995,1224.50942,20471957
2024-11-25,1281.880249,1299.260783,1277.348301,1284.868315,28923341
2024-11-26,1290.545654,1292.687126,1279.091401,1289.798638,9247557
2024-11-27,1288.055542,1298.6632,1280.884233,1288.354397,9572746
2024-11-28,1265.744751,1291.442045,1264.001713,1284.818474,15027412
2024-11-29,1287.05957,1294.330579,1270.177046,1274.908151,13202307
2024-12-02,1303.942261,1306.133461,1271.969978,1282.876371,11024152
2024-12-03,1318.035889,1321.521965,1301.800682,1311.760902,16869482
2024-12-04,1303.74292,1323.11562,1298.862509,1320.725143,19608540
2024-12-05,1316.790894,1324.65937,1300.95412,1309.121451,16858723
2024-12-06,1306.332642,1318.633488,1304.788759,1318.633488,9037514
2024-12-09,1289.997925,1309.768937,1287.956031,1297.816673,14650002
2024-12-10,1279.73877,1289.748839,1275.107243,1284.12129,16043729
2024-12-11,1273.115234,1284.868342,1270.973884,1279.888232,11724373
2024-12-12,1257.876221,1273.115285,1255.585321,1264.947953,20906813
2024-12-13,1267.786621,1270.127249,1234.668888,1254.987762,28630222
2024-12-16,1263.254761,1275.904192,1261.511722,1269.92806,9486781
2024-12-17,1240.346191,1258.872175,1237.856137,1256.033537,17462791
2024-12-18,1248.264526,1254.937825,1235.714674,1235.714674,12670179
2024-12-19,1225.555176,1239.947766,1224.110993,1234.071212,14244653
2024-12-20,1200.505371,1234.569275,1196.720439,1219.130934,20312896
2024-12-23,1217.437744,1222.318155,1208.373847,1210.166735,10052824
2024-12-24,1217.885864,1228.64295,1216.142826,1217.437703,6734917
2024-12-26,1211.710571,1222.816119,1209.419672,1219.379892,10016178
2024-12-27,1216.192749,1223.015476,1212.158811,1213.453688,7000397
2024-12-30,1205.883789,1218.334064,1203.294156,1211.561187,8818766
2024-12-31,1210.614868,1214.250373,1201.351937,1203.194553,6405475
2025-01-01,1216.391846,1221.421805,1206.780209,1210.017281,5892590
2025-01-02,1236.860107,1239.499468,1215.14678,1216.391808,15486276
2025-01-03,1246.172974,1257.029638,1230.585205,1238.951814,15521102
2025-01-06,1213.154785,1256.979753,1210.166719,1248.961727,14816766
2025-01-07,1235.913818,1239.549323,1216.391812,1217.138829,10070505
2025-01-08,1260.46582,1265.993791,1240.395953,1244.031458,19346579
2025-01-09,1249.758545,1264.698874,1243.085246,1261.959814,12794704
2025-01-10,1236.959717,1251.750619,1231.083163,1248.862131,8120332
2025-01-13,1234.917847,1240.29639,1221.521399,1225.107054,13764861
2025-01-14,1233.822266,1248.364163,1222.368013,1239.150959,13095266
2025-01-15,1247.218628,1251.999582,1236.909825,1239.997469,9578856
2025-01-16,1261.411987,1269.928024,1246.322352,1253.892094,14117603
2025-01-17,1297.169189,1320.725133,1279.888233,1316.990051,29366277
2025-01-20,1300.256836,1310.764916,1295.07757,1310.764916,14040244
2025-01-21,1268.633179,1307.776892,1265.147102,1305.286837,14562976
2025-01-22,1272.019653,1277.796629,1263.653044,1273.214953,10273590
2025-01-23,1258.623169,1272.268621,1256.581275,1264.947884,8720682
2025-01-24,1241.342285,1267.936024,1238.553375,1260.96387,14235970
2025-01-27,1224.459595,1235.515414,1215.146814,1234.170809,9536019
2025-01-28,1229.489624,1239.798428,1213.652849,1233.075279,10568025
2025-01-29,1230.585205,1237.806365,1223.16489,1231.083216,5928156
2025-01-30,1248.06543,1251.999668,1227.497551,1230.635044,9269259
2025-01-31,1260.067383,1261.959849,1244.031453,1250.854179,6584612
2025-02-01,1259.569336,1265.49574,1236.063242,1260.067347,7118453
2025-02-03,1240.943848,1251.003646,1232.627088,1246.023536,9252345
2025-02-04,1280.087402,1283.673179,1241.640978,1243.085283,16691069
2025-02-05,1273.115234,1285.366353,1271.621201,1277.547605,10112028
2025-02-06,1276.452026,1282.87632,1265.296507,1268.633156,9956001
2025-02-07,1261.661011,1278.593385,1256.979756,1271.073492,8764283
2025-02-10,1248.662964,1261.461822,1240.59521,1259.469778,6970972
2025-02-11,1229.937744,1259.519671,1225.20664,1259.519671,8859714
2025-02-12,1211.710571,1222.019374,1188.602789,1214.598938,21131654
2025-02-13,1211.262329,1223.115015,1207.178663,1212.208623,8511216
2025-02-14,1212.407715,1219.130863,1200.654607,1214.150753,10298145
2025-02-17,1220.027344,1222.616977,1199.708471,1206.282192,8166683
2025-02-18,1220.525391,1225.00749,1211.262337,1219.97753,6673250
2025-02-19,1222.567139,1227.846104,1212.706618,1214.648813,6217338
2025-02-20,1228.095093,1234.419808,1217.138851,1219.081045,7795582
2025-02-21,1223.264404,1235.06724,1217.288272,1223.812143,6904025
2025-02-24,1209.718506,1218.383848,1205.684568,1211.71055,7172498
2025-02-25,1199.210449,1216.142823,1196.720394,1206.182603,11552182
2025-02-27,1202.298096,1210.166694,1195.873803,1207.975494,11509215
2025-02-28,1195.325928,1212.507307,1188.553051,1197.218394,23007298
2025-03-03,1166.590698,1201.650622,1151.401364,1199.210417,17944938
2025-03-04,1157.277954,1169.329796,1154.937327,1157.576688,11377373
2025-03-05,1170.923462,1178.294049,1152.397477,1156.381565,8664095
2025-03-06,1204.788208,1209.120879,1180.435518,1192.238355,14468014
2025-03-07,1244.828369,1249.808479,1207.178688,1211.162776,16474965
2025-03-10,1233.473633,1252.995639,1230.485567,1240.047354,11931051
2025-03-11,1242.338257,1244.529457,1224.858023,1235.067248,10089838
2025-03-12,1252.049438,1257.97572,1239.051303,1252.995611,11977555
2025-03-13,1242.935913,1259.121271,1238.901975,1255.037605,9505270
2025-03-17,1233.921753,1252.398009,1228.194627,1237.208674,16640917
2025-03-18,1233.921753,1233.921753,1233.921753,1233.921753,0
2025-03-19,1242.188843,1248.264553,1233.872084,1236.113133,16162399
2025-03-20,1264.101318,1267.935979,1245.077323,1246.870089,15971477
2025-03-21,1271.272583,1275.904109,1265.047446,1269.927978,21780769
2025-03-24,1296.920166,1300.804676,1279.141198,1285.864347,20299319
2025-03-25,1280.336426,1302.497915,1277.497787,1302.497915,13713899
2025-03-26,1267.98584,1288.653296,1263.702897,1285.864386,12074747
2025-03-27,1273.115234,1279.888232,1266.24278,1273.065506,15028056
2025-03-28,1270.027588,1290.595466,1263.951878,1274.90812,18147129
2025-04-01,1247.617065,1272.816469,1244.330266,1259.569329,12099648
2025-04-02,1246.172974,1250.555495,1238.951814,1242.587319,10142590
2025-04-03,1243.732666,1246.820432,1228.145018,1228.145018,7434366
2025-04-04,1199.907593,1240.495487,1188.403612,1236.162816,17908652
2025-04-07,1161.062744,1166.590715,1110.415052,1127.696009,22156106
2025-04-08,1177.497192,1191.839934,1158.672473,1167.337816,19555040
2025-04-09,1180.634644,1185.067014,1163.353686,1164.847719,10223104
2025-04-11,1214.100952,1217.786306,1190.395702,1190.395702,11224242
2025-04-15,1235.16687,1246.023534,1232.178804,1246.023534,13378535
2025-04-16,1234.370117,1235.963728,1224.111042,1229.19073,8248464
2025-04-17,1269.430054,1275.107331,1222.716597,1235.26645,15398401
2025-04-21,1290.346436,1295.724978,1261.95981,1264.947876,10429964
2025-04-22,1286.063599,1298.713151,1281.183188,1294.828641,13051707
2025-04-23,1294.828613,1300.804745,1280.286716,1291.840547,10480888
2025-04-24,1296.422241,1299.310729,1285.167265,1287.258887,10468940
2025-04-25,1295.227051,1319.928324,1282.975931,1298.314695,14431012
2025-04-28,1363.35498,1369.131835,1314.948213,1334.669498,31104496
2025-04-29,1394.131958,1405.287477,1364.550153,1365.546175,32538970
2025-04-30,1399.410889,1406.781476,1363.554097,1396.422823,25480745
2025-05-02,1414.1521,1421.024554,1403.494591,1408.375123,13007841
2025-05-05,1425.606323,1433.773655,1421.223802,1425.307468,12685649
2025-05-06,1415.247681,1426.303501,1404.988605,1425.307479,14084117
2025-05-07,1400.40686,1418.733689,1397.119939,1415.247612,13440169
2025-05-08,1401.402954,1415.148106,1392.438756,1398.514466,16106175
2025-05-09,1371.721436,1389.25152,1369.032225,1379.988467,13668904
2025-05-12,1430.785522,1433.275577,1394.430722,1394.430722,10674081
2025-05-13,1410.068237,1441.94094,1406.781438,1427.797477,11407896
2025-05-14,1418.733765,1424.211886,1409.869145,1414.351244,5570160
2025-05-15,1448.415161,1455.586593,1407.080248,1419.331367,20177211
2025-05-16,1450.606445,1455.188122,1441.54267,1447.419102,9036695
2025-05-19,1435.068481,1448.813511,1432.478727,1446.323457,6195791
2025-05-20,1418.932861,1439.251734,1416.144073,1432.478736,11270560
2025-05-21,1423.514526,1430.48668,1412.458707,1418.235683,6136364
2025-05-22,1403.793457,1418.136198,1391.343182,1415.546444,12134466
2025-05-23,1421.124268,1428.096422,1401.00455,1401.00455,6474883
2025-05-26,1429.092407,1435.267695,1419.430921,1426.303497,4842944
2025-05-27,1416.442871,1431.283623,1408.275539,1420.426959,12640414
2025-05-28,1407.279541,1416.940906,1405.08822,1414.450851,5944611
2025-05-29,1412.160034,1414.351234,1402.996559,1406.482636,13771917
2025-05-30,1415.247681,1424.909045,1404.092161,1412.359193,13788484
2025-06-02,1408.076294,1411.861226,1390.04832,1406.482683,8098668
2025-06-03,1399.908936,1420.825398,1397.817314,1416.642154,11252626
2025-06-04,1417.83728,1420.02848,1400.506474,1409.072238,8126827
2025-06-05,1436.662109,1448.913107,1417.936848,1422.319369,13716817
2025-06-06,1437.75769,1445.725866,1431.283548,1435.267636,8182161
2025-06-09,1443.036743,1451.702086,1439.550666,1451.204075,7885125
2025-06-10,1432.777588,1448.11635,1430.287533,1444.23184,7913181
2025-06-11,1443.13623,1462.757814,1437.359255,1440.048587,8195700
2025-06-12,1435.865234,1451.203997,1428.693925,1447.71792,8828114
2025-06-13,1422.219849,1429.789592,1408.673974,1418.335338,9757276
2025-06-16,1432.080444,1436.662121,1418.733726,1421.22378,8458093
2025-06-17,1425.506592,1442.239809,1420.12817,1442.239809,10366599
2025-06-18,1424.411011,1437.060563,1420.02849,1424.311433,6681735
2025-06-19,1427.598389,1434.17211,1420.028524,1424.411045,10007230
2025-06-20,1460.367432,1465.148386,1422.419017,1425.307505,29010635
2025-06-23,1451.004883,1457.977037,1436.263709,1447.219951,5989078
2025-06-24,1445.028687,1469.132369,1437.359245,1459.17215,16402744
2025-06-25,1461.463135,1466.542823,1454.690137,1458.176214,7525851
2025-06-26,1489.351685,1492.837761,1459.271748,1463.255836,14657893
2025-06-27,1509.371704,1515.945425,1490.945298,1493.435353,11117052
2025-06-30,1494.630615,1518.734421,1490.048938,1507.778179,8409527
2025-07-01,1522.320068,1525.308134,1494.132597,1494.630608,10368523
2025-07-02,1512.758301,1523.913699,1502.698381,1522.320088,6361002
2025-07-03,1511.762207,1525.806093,1506.981253,1514.750273,11283291
2025-07-04,1521.224487,1523.913698,1511.164568,1517.937566,6603501
2025-07-07,1535.36792,1538.654841,1518.933557,1520.527168,7251074
2025-07-08,1531.483398,1538.754408,1524.112811,1529.889788,7171261
2025-07-09,1512.957397,1544.830101,1504.092777,1530.586938,8870660
2025-07-10,1511.164551,1518.634716,1501.503186,1513.654606,10047129
2025-07-11,1489.252075,1508.97336,1484.371665,1505.985294,7234991
2025-07-14,1477.797729,1494.032936,1473.216053,1486.263916,10311846
2025-07-15,1479.491089,1490.546909,1476.503023,1480.287834,8132454
2025-07-16,1479.690186,1485.068728,1465.6463,1467.140333,10409983
2025-07-17,1470.526855,1483.674297,1468.036801,1481.483097,11854613
2025-07-18,1470.128418,1478.89346,1463.255842,1478.89346,10296318
2025-07-21,1422.916992,1470.128459,1417.438871,1459.172217,22442744
2025-07-22,1407.179932,1426.203928,1405.088188,1421.721829,20396320
2025-07-23,1418.932861,1420.327316,1408.773486,1420.327316,8354596
2025-07-24,1397.319214,1417.339231,1390.446638,1413.554299,14740507
2025-07-25,1386.163696,1395.426749,1378.593954,1393.335127,11854722
2025-07-28,1382.080078,1402.199795,1379.490445,1386.761454,7748361
2025-07-29,1411.462769,1414.550412,1377.498442,1377.498442,10750072
2025-07-30,1404.490601,1417.638164,1395.72568,1412.458777,7209849
2025-07-31,1384.669678,1397.020374,1376.701502,1382.578056,17065827
2025-08-01,1388.155762,1400.307303,1378.793253,1381.382885,10321171
2025-08-04,1405.88501,1410.466687,1386.163726,1389.550225,6312820
2025-08-05,1386.163696,1405.386969,1382.578042,1405.386969,9315972
2025-08-06,1387.259521,1390.347165,1377.797312,1386.363077,5834312
2025-08-07,1383.872925,1388.155746,1360.565987,1382.179615,9976705
2025-08-08,1362.358887,1391.641835,1359.569977,1379.490416,8793606
2025-08-11,1380.685669,1382.478557,1355.785119,1364.550161,9997486
2025-08-12,1374.908813,1396.323287,1369.729426,1376.402846,12244664
2025-08-13,1377.099976,1386.263451,1372.020288,1382.478519,7457021
2025-08-14,1373.800049,1380.699951,1370.099976,1377.300049,7126128
2025-08-18,1381.699951,1394.900024,1377,1390,11785109
2025-08-19,1420.099976,1421,1389.099976,1390,14384719
2025-08-20,1413,1424.900024,1410,1413,8725641
2025-08-21,1424.800049,1431.900024,1420.300049,1425,11021323
2025-08-22,1409.199951,1423.400024,1407.900024,1420,5818868
2025-08-25,1412.599976,1419.5,1405.699951,1414.699951,5979407
2025-08-26,1384.900024,1410,1381.599976,1408,12145259
2025-08-28,1385.900024,1392.199951,1366.5,1389.900024,13161813
2025-08-29,1357.199951,1403.5,1350,1381.099976,18758842
2025-09-01,1353.900024,1363.199951,1340.599976,1356,11232238
2025-09-02,1366.5,1384.5,1354.5,1354.800049,11517006
2025-09-03,1372.599976,1376.5,1360.5,1369.699951,7847563
2025-09-04,1359.300049,1374,1357.099976,1371.800049,13223177
2025-09-05,1375,1381,1359.300049,1363,5777575
2025-09-08,1378.5,1386,1372.400024,1380,6986720
2025-09-09,1376.199951,1381.199951,1368.699951,1376.599976,9754452
2025-09-10,1377,1388.5,1374.099976,1383.900024,7790815
2025-09-11,1383.300049,1385.5,1375,1376,9766072
2025-09-12,1395,1396.300049,1380.5,1383.300049,7403368
2025-09-15,1399.300049,1400.800049,1388.599976,1393,5396697
2025-09-16,1405.300049,1408,1398.199951,1404.699951,8686961
2025-09-17,1413.800049,1416.199951,1406.900024,1407,7519417
2025-09-18,1415,1422,1410.699951,1420.400024,9332642
2025-09-19,1407.400024,1417,1403.599976,1414.900024,13461373
2025-09-22,1390.599976,1410.699951,1388,1403.900024,7757970
2025-09-23,1389.800049,1395,1376.800049,1391,14014702
2025-09-24,1383,1396,1380.400024,1385.300049,5922759
2025-09-25,1372.400024,1384.5,1369,1381.300049,11411143
2025-09-26,1377.599976,1382.699951,1366,1372,9879109
2025-09-29,1372.800049,1389,1368,1381.599976,14231999
2025-09-30,1364,1377.099976,1362.800049,1377.099976,14604684
2025-10-01,1368.699951,1378.599976,1362.699951,1367,12045916
2025-10-03,1363.400024,1371.599976,1356.900024,1363.199951,12842347
2025-10-06,1375,1377.400024,1359,1360,12396580
2025-10-07,1384.800049,1395.900024,1375.900024,1376,11244040
2025-10-08,1367.400024,1389,1364.5,1384.800049,8525081
2025-10-09,1377.800049,1380,1369.099976,1374,8826633
2025-10-10,1381.699951,1388,1375.099976,1377.800049,6373084
2025-10-13,1375,1377.699951,1367.800049,1376.900024,7600682
2025-10-14,1375.900024,1388,1370.099976,1380,9768174
2025-10-15,1374.300049,1384,1372.699951,1383,10882743
2025-10-16,1398.300049,1400.5,1375,1375.099976,12315932
2025-10-17,1416.800049,1423.300049,1399.099976,1401,19335561
2025-10-20,1466.800049,1473.800049,1433.300049,1440,24721978
2025-10-21,1465.199951,1474,1460,1468,2066169
2025-10-23,1448.400024,1482.900024,1444.599976,1475,18707090
2025-10-24,1451.599976,1459.800049,1441,1450,9700837
2025-10-27,1484.099976,1485,1458,1463,14113867
2025-10-28,1486.900024,1492,1477.599976,1484.099976,17631577
2025-10-29,1504.199951,1508.300049,1488.099976,1490,11884745
2025-10-30,1488.5,1503.099976,1484,1500,9318663
2025-10-31,1486.400024,1497.5,1482.300049,1490.400024,8758053
2025-11-03,1484.699951,1495,1479.300049,1486,8452085
2025-11-04,1473.099976,1492.800049,1470.099976,1483.900024,10007806
2025-11-06,1496.099976,1501.599976,1476.199951,1484,16772678
2025-11-07,1478,1498.400024,1475.900024,1494.599976,7821765
2025-11-10,1489.300049,1501,1475.5,1477.900024,7068438
2025-11-11,1493.400024,1498.800049,1480.199951,1497,7127506
2025-11-12,1511.5,1524.699951,1500,1505,12384459
2025-11-13,1510.900024,1522.099976,1506.800049,1515,7196443
2025-11-14,1518.900024,1520.900024,1505.5,1505.5,7682823
2025-11-17,1518.300049,1523.699951,1511.5,1520.900024,5871416
2025-11-18,1519.400024,1527.800049,1510.5,1521.699951,11045042
2025-11-19,1518.900024,1522.300049,1512,1517.400024,5692366
2025-11-20,1549.099976,1550.900024,1526.699951,1530,18171724
2025-11-21,1546.599976,1557.800049,1540.099976,1541,9615271
2025-11-24,1535.900024,1550,1531.800049,1550,18433951
2025-11-25,1539.699951,1559.599976,1525.099976,1535.900024,15033482
2025-11-26,1569.900024,1571.599976,1540.5,1542.300049,14054299
2025-11-27,1563.400024,1575.5,1556,1575,9794643
2025-11-28,1567.5,1581.300049,1563,1568,8959508
2025-12-01,1566.099976,1577.5,1563.599976,1575,8920233
2025-12-02,1546.300049,1567.5,1542,1561.099976,11389150
2025-12-03,1538.800049,1552.400024,1533,1545.199951,6090883
2025-12-04,1535.599976,1560.5,1517.599976,1536,11867930
2025-12-05,1540.599976,1545.800049,1520.599976,1530.400024,10183266
2025-12-08,1543,1551,1535,1539.199951,11301491
2025-12-09,1529.400024,1542.5,1520.099976,1540.300049,11503971
2025-12-10,1536.900024,1547.5,1531.400024,1534,7991629
2025-12-11,1545,1550,1524,1536.900024,4706197
2025-12-12,1556.5,1559.800049,1546.099976,1550.800049,5106655
2025-12-15,1556.199951,1558.599976,1546.5,1551.199951,5774543
2025-12-16,1542.300049,1551.699951,1538.800049,1545,11731856
2025-12-17,1544.400024,1550,1539.300049,1550,7116649
2025-12-18,1544.400024,1551.5,1535.199951,1535.199951,6580829
2025-12-19,1565.099976,1574.199951,1551,1554.400024,13937275
2025-12-22,1575.400024,1577.5,1565.300049,1573.5,10184852
2025-12-23,1570.699951,1580.900024,1568.099976,1580.900024,7506564
2025-12-24,1558.199951,1575.699951,1553.599976,1572.699951,8815745
2025-12-26,1559.199951,1561,1554.300049,1554.699951,2311495
2025-12-29,1545.599976,1558.099976,1543.599976,1554.900024,5972105
2025-12-30,1539.800049,1553.599976,1537.800049,1547,8815884
2025-12-31,1570.400024,1577,1541,1541,5771830
2026-01-01,1575.599976,1592.5,1571.099976,1573.699951,6408128
2026-01-02,1592.300049,1594.599976,1578.199951,1580,6602230
2026-01-05,1578.099976,1611.800049,1575.300049,1593,8704973
2026-01-06,1507.599976,1569,1496.300049,1569,27417125
2026-01-07,1504.199951,1520,1498,1510,11199340
2026-01-08,1470.599976,1503.900024,1468.800049,1500,16518684
2026-01-09,1475.300049,1479.900024,1465,1465,8335311
2026-01-12,1483.199951,1485.300049,1451,1475.300049,8883745
2026-01-13,1452.800049,1485.800049,1444.699951,1485,13499760
2026-01-14,1458.800049,1467,1440.199951,1444,8321764
2026-01-15,1458.800049,1458.800049,1458.800049,1458.800049,0
2026-01-16,1457.900024,1480,1455.099976,1458.800049,17167161
2026-01-19,1413.599976,1450.599976,1403.300049,1450.599976,20392765
2026-01-20,1394,1416,1390,1410.699951,13189498
2026-01-21,1404.599976,1412.900024,1373,1389.5,17352720
2026-01-22,1402.5,1419.5,1395,1410.099976,15721693
2026-01-23,1386.099976,1407,1381,1401.800049,9837802
2026-01-27,1380.5,1391.599976,1368,1380,26302396
2026-01-28,1396.699951,1409.900024,1384.900024,1385,11121657
2026-01-29,1391,1402.900024,1384,1402.900024,20846683
2026-01-30,1395.400024,1398,1378.5,1382.599976,11239835
2026-02-02,1390.400024,1392.900024,1335.5,1340,15711165
2026-02-03,1437.099976,1489.5,1430.199951,1473.900024,25456171
2026-02-04,1456.800049,1464,1440.300049,1444,8333387
2026-02-05,1443.400024,1461.5,1439.5,1457,11763658
2026-02-06,1450.800049,1452.800049,1433.5,1441.5,8277304
2026-02-09,1461.599976,1465.900024,1453,1458,5775864
2026-02-10,1458.5,1471,1452.199951,1471,10259630
2026-02-11,1468.699951,1470,1453.599976,1459.599976,7106877
2026-02-12,1448.900024,1473,1445.5,1470,11135399
2026-02-13,1419.599976,1450.699951,1416.300049,1445.5,10755693
2026-02-16,1437.099976,1439.599976,1409.300049,1420.099976,5896514
2026-02-17,1423,1431.800049,1418.599976,1431.099976,10731630
2026-02-18,1441.300049,1442.099976,1419.199951,1427,5521096
2026-02-19,1409.5,1443,1400,1443,11884664
2026-02-20,1419.400024,1427.400024,1406.099976,1409.5,8177670
2026-02-23,1428,1434.900024,1418.300049,1425,7758856
2026-02-24,1428.800049,1433.300049,1415,1425.300049,12529409
2026-02-25,1398.5,1440.5,1393.5,1435,10728792
2026-02-26,1406.800049,1412.900024,1391.900024,1398.5,16683858
2026-02-27,1393.900024,1410.400024,1388.099976,1398,12031440
2026-03-02,1358,1378.599976,1341.5,1375.5,23728722
2026-03-04,1345,1352.800049,1307,1330,32495007
2026-03-05,1389.400024,1399,1353.099976,1353.099976,25957532
2026-03-06,1404.800049,1424.300049,1390.300049,1396.5,19311971
2026-03-09,1424,1429.400024,1370,1375,24870822
2026-03-10,1408.800049,1431.5,1400.599976,1430.599976,18071259
2026-03-11,1390.199951,1434,1383.599976,1424.900024,21848087
2026-03-12,1392.199951,1410.900024,1381.099976,1390,20939959
2026-03-13,1380.699951,1400.800049,1378.400024,1385.199951,17265090
2026-03-16,1395.099976,1397.300049,1363.5,1380,22837802
2026-03-17,1397.599976,1405.900024,1388.199951,1399,19007744
2026-03-18,1408.099976,1412.900024,1397.199951,1397.199951,9559327
2026-03-19,1384.800049,1415.699951,1376.099976,1388,16498373
2026-03-20,1414.400024,1430,1396.099976,1398,22994918
2026-03-23,1407.800049,1415.599976,1391,1400,18979554
2026-03-24,1411.800049,1422.400024,1406.599976,1420,18620893
2026-03-25,1413.099976,1430.5,1408.400024,1420,19041331
2026-03-27,1348.099976,1404.699951,1345,1401,23266517
2026-03-30,1343.900024,1365,1334.099976,1335,24393861
